country,contents
싱가폴,"노랑풍선 덕분에 싱가폴 뿌시고 왔습니다...^^(상호도 노랑풍선! 여행후기도 노랑풍선!):여름 휴가기간 변함없이 해외로 나가는 재미는 어떤 즐거움 보다 비교할 수가 없는 것 같다.
여행정보와 가성비 등을 늘 2개~3개 여행사와 비교하며 결정하는 짜릿한 기분?은 경험하지 않은 사람은
느껴보지 못할 것이다.
결론은 노랑풍선의 여행후기는 늘 만족이다.
예약부터 출발 전 준비사항까지 친절하게 상담해 준 갈민영(?) 담당자 분과 싱가폴 현지에서
자칭 OK LEE(이옥경 부장님)로 불려진다는 가이드분의 세심한 배려(더운 날씨에 한 팀, 한 팀 추억의 사진 촬영 등)에
감사의 뜻을 거듭전하며 노란풍선의 승승장구를 기원합니다."
싱가폴,"우아한 나라 싱가폴(Singapore), 판타스틱 했던 싱가폴 여행:동남아의 수 많은 나라들 중에서 깨끗하고 안전하기로 소문난 나라, 싱가폴(Singapore)...
오래 전 부터 꼭 가고 싶었던 딱 내 취향의(^^) 나라 싱가폴을 드디어 가게 되었다...
6시간 반이라는 장시간의 비행이 조금 힘들기는 했지만, 그런대로 참아낼 만큼(^^) 설렘이 더 컸다고 할까...
밤 12시가 다 되어 도착한 싱가폴 창이공항...
막상 싱가폴에 도착하고 보니 설렘과 함께 두려움이 살짝 몰려온 것도 사실... 아마도 너무 늦은 시간에다 수 많은 여행객들이 입국심사를 받느라 기다리다 보니 그랬던 것 같다...
공항에서 기다리는 생기 발랄한 젊은 여성 가이드 이수민님을 만나 호텔로 이동하고... 그렇게 첫 날 일정은 마무리...
아~ 진짜 싱가폴에 도착했구나... ^^
다음 날 아침부터 시작된 싱가폴 투어...
  둘째 날엔 보타닉 가든, 주롱 새 공원, 히포 버스 시티 투어, 플라이어, 가든스 바이 더 베이의 플라워 돔과 클라우드 포레스트, 마리나베이샌즈 스카이파크를 둘러본 후 가든스 바이 더 베이의 슈퍼트리쇼(랩소디 쇼)를 관람했다...
    ■ 보타닉 가든 (Botanic Garden)
    보타닉 가든은 도심의 오아시스 역할을 하는 싱가포르 최대의 식물원이다...
싱가포르 건국의 아버지이자 자연주의자였던 스탬포드 래플스경이 조성했던 정원이라고 하는데, 둘러보니 그 규모가 정말 대단했다...
우리는 감탄하며 공원을 돌아다니는데 한 편에서 운동복 차림으로 운동을 하는 사람들도 있고, 강아지를 데리고 산책을 하는 사람들도 있고... 도심 속에 이런 정원을 가지고 있는 싱가포르 국민들이 새삼 부러워지는 순간이었다고나 할까...
    ■ 주롱 새 공원 (Jurong Bird Park)
    주롱 새 공원은 8,000마리의 새들이 서식하는 세계 최대 규모의 새 공원이란다...
많은 새들과 우거진 숲들이 감탄을 자아내기는 했지만, 무엇보다도 주롱 새 공원의 하이라이트는 놀라울 정도로 똑똑한(^^) 새들의 공연이 아닐지...
언젠가 TV 여행 프로그램에서 보고는 놀랐었는데... 그걸 내 눈으로 직접 보게 되다니 말야..
과연... 기대 이상으로 멋진 공연이었다...
저 정도로 새들을 조련하려면 얼마의 시간이 걸린걸까... 보는 내내 놀라고 감탄하고...^^
  ■ 히포 시티 투어 버스
    이번 싱가폴 여행에서 제일 내 마음을 사로 잡은 건 아이러니 하게도 싱가폴의 아름답고 유니크한 건물들이다...
히포 시티 투어 버스를 타고 도심을 둘러보는 시간이 너무나 좋았다...
오픈된 이층 버스라 뜨거운 태양열이 조금은 힘들긴 했지만 눈 앞에 펼쳐지는 멋진 풍경에 더운 날씨 정도는 큰 문제가 되지 않았다...^^
도시 계획에 있어 조화를 가장 중요시 하는 싱가폴은 같은 디자인의 건물은 허가가 나지 않는단다...
건물들 모양이 다를 뿐만 아니라 모두들 예술작품 같이 너무나 멋있었다...
도대체 이런 건물들은 어떻게 지을 수가 있을까 하는 감탄을 자아내는 건물들이 즐비했다...
관광객 못지 않게 건축과 조경을 공부하는 학생들이 싱가폴에 많이 오는 이유도 이 때문이란다...
마치 예술품과 같은 아름다움은 물론이고 거대한 위용을 자랑하는 싱가폴의 수 많은 건물들...
그 중에 단연 독보적인 마리나베이샌즈가 우리나라에서 지은 건물이라고 하니... 괜히 뿌듯해지는 느낌은 나만 그런건가...ㅋㅋ
    ■ 플라이어 (singaporeflyer)
      대관람차 플라이어를 타고 바라본 싱가폴 도심 풍경은 그야말로 장관이었다...
어느 한 곳도 어색하거나 어긋남 없이 조화롭게 어울려 한 폭의 그림이 되는 싱가폴...
이런 멋진 곳에 와서 이런 풍경을 볼 수 있다는 것이 감사했고 뿌듯했다...
고소공포증이 있는 탓에 조금 망설였던 플라이어 탑승은 나의 걱정을 비웃기라도 하듯 마치 방 안에 들어 앉아 있는 듯이 편안했다...
그리고 마치 하늘 위에서 바라보는 듯한 아름다운 전망에 한 동안 넋을 잃었다고 할까...^^
    ■ 가든스 바이 더 베이 (Gardens by the Bay)
      멀라이언 공원의 사자상과 함께 싱가포르의 시그니쳐라고 할 수 있는 가든스 바이 더 베이는 세계 최대 규모의 식물원이다...
(이 작은 섬 나라에 뭐 그리 세계 최대가 많은건지 말야...^^)
서울보다 조금 큰 도시 국가인 싱가포르에 이렇게 넓고 아름다운 식물원이 있다는 것이 그저 놀라울 뿐이다...
그 놀라움은 가든스 바이 더 베이의 입구에 있는 슈퍼트리부터 시작된다...
싱가폴을 여행하는 내내 든 생각이지만 싱가폴 사람들은 참으로 머리가 좋은 것 같다... 어떻게 이런걸 생각해내고 또 구현해내는지...
게다가 하나도 아니고 이런 슈퍼트리가 10개나 넘게 있다니 말야... 그러나 이건 시작에 불과...
슈퍼트리를 뒤로 하고 들어간 플라워돔과 클라우드 포레스트는 말 그대로 판타스틱 했다...
플라워돔을 가득 채우고 있는 수 많은 꽃들은 어찌나 아름답고 신기한 것들이 많던지 정말 플라워돔이라는 이름값을 톡톡히 하고 있었다...
그리고... 플라워돔을 지나 만나게 된 클라우드 포레스트의 폭포... 마주치는 그 순간 와~라는 말이 나도 모르게 입에서 튀어나왔다...
자연적으로 생긴 것도 아니고 그것도 실외도 아닌 돔 안에 이렇게 멋지고 거대한 폭포를 만들어 놓을 수 있었을까...
한참 동안을 넋을 잃고 바라봤다...
폭포의 내부로 들어가 엘리베이터를 타고 7층에 도착(엘리베이터는 6층까지만 가므로 한 층은 걸어서 올라가야 함)해서 다리를 따라 숲을 구경하면서 내려온다... 내려오다 보니 왜 이름을 클라우드 포레스트라 붙였는지 알겠더라...
구름 위를 걷는 듯한 기분... 숲에서 뿜어내는 작은 물방울들이 물안개를 만들어 숲이 마치 구름에 싸여 있는 듯한 느낌이 들게 한다...
    싱가폴을 가게 되면 꼭 보고 와야 하는 것 중의 하나, 가든스 바이 더 베이의 슈퍼트리쇼 일명 랩소디 쇼다...
공연은 7시 45분 부터 시작되지만 좋은 자리를 차지하기 위해 이른 시간부터 가든스 바이 더 베이의 입구는 사람들로 붐빈다...
우리도 7시쯤 도착하였으나 이미 사람들로 한 가득... 가이드님의 안내로 그런대로 좋은 자리를 차지하고 앉아서 공연이 시작되길 기다린다...
드디어 공연 시작...
아름다운 음악과 함께 슈퍼트리에 하나씩 형형색색의 불이 들어오는 순간, 이곳 저곳에서 아~ 하는 탄성이 들려온다...
이 아름다움을 뭐라 표현해야 하나... 형형색색의 LED들이 음악에 따라 움직이며 마치 슈퍼트리가 춤을 추는 듯하다...
현란한 LED를 이용해 어찌 이토록 우아한 쇼를 만들어낼 수가 있는건지... 놀라움을 넘어 울컥한 감동까지 느껴졌다...
그동안 TV에서 여러 번 봤고 볼 때마다 신기했던 슈퍼트리쇼...
직접 내 눈으로 보는 감동은 그것과는 비할 바가 아니다...
백문이 불여일견이라는 말이 실감나는 순간...
마치 다른 세계에 와 있는 듯 시간 가는 줄도 모르고 슈퍼트리쇼에 푹 빠져 있었는데 앞에 앉아있던 우리 팀들이 하나씩 일어난다...
이번 여행에서 가장 아쉬웠던 순간이다...
쇼를 끝까지 보면 수 많은 관광객이 한꺼번에 빠져 나오기 때문에 1시간 이상의 교통 정체를 감수해야하므로 조금 일찍 나와달라는 가이드님의 안내가 있었기 때문이다...
일어나 나오면서도 고개는 자꾸만 뒤로 돌아간다... 단 1초라도(^^) 더 보고 싶어서...^^...
약간의 아쉬움이 있긴 했지만, 쾌적한 여행을 위해 조금은 포기하는 수 밖에...
이렇게 둘째 날 투어 마무리...
  셋째 날... 센토사(Sentosa)섬에 있는 유니버설 스튜디오(Universal Studios Singapore)...
    ■ 유니버설 스튜디오 (Universal Studios Singapore)
  유니버설 스튜디오 싱가포르는 유니버설 스튜디오의 놀이 공원 중에 하나로 싱가포르 센토사섬 안에 있다...
아시아에는 일본과 싱가포르에 유니버설 스튜디오가 있는데, 싱가포르의 유니버설 스튜디오는 규모가 그리 크지 않아 아이들을 데리고 둘러 보기에 적당했다...
더운 날씨에다 뜨겁게 내리쬐는 강렬한 햇빛 때문에 조금 힘들기는 했지만, 다양한 테마로 아기자기 하게 꾸며놓은 유니버설 스튜디오의 모습이 신기했고 몇 가지 어트랙션은 대만족이었다...
유니버설 스튜디오 싱가포르의 시그니쳐라 할 수 있는 '워터월드(WaterWorld)' 공연 시간을 착각하여 계획보다 시간이 지연되고 힘이 들기는 했지만... '워터월드' 공연을 보는 순간, 그 힘듬은 눈 녹듯이 사라졌다...
너무나도 리얼한 영화 한 편을 눈 앞에서 실사로 보는 듯한 느낌...
엄청난 스케일과 배우들의 자연스럽고 익살스런 연기에 정말 시간이 어떻게 가는지 모르게 빠져들었었다...
      넷째 날... 멀라이언 파크, 에스플레네이드, 차이나 타운과 불아사, 센토사섬 케이블카, 센토사섬 아빠 멀라이언, 클락키, 리버크루즈
  ■ 멀라이언 파크 ( Merlion Park)
    싱가포르 하면 가봤든 안 가봤든 누구나 떠올리는 멀라이언...
멀라이언 파크에 있는 멀라이언을 보니 왜 싱가포르의 시그니처라고들 하는지 알 것만 같았다...
멀라이언은 입으로 물을 내뿜는 특유의 포즈도 인상적이거니와 주변의 마리나베이샌즈와 플라이어 등 다양한 건물들과 어울려 멀라이언 파크를 한층 더 품격있고 우아하게 만들어주고 있었다...
싱가포르 여행 중 반드시 남겨야 하는 인증샷이 되어버린 멀라이언의 물 받기...
입으로 받든 손으로 받는 그 물을 받아야 복이 온다나...^^...
우리도 모두 한껏 힘들인 포즈로 복을 받았다...ㅋㅋㅋ...
엄마 멀라이언에게 복을 받고는 뒤쪽에 있는 아기 멀라이언도 만나고...
조금 덥긴 했지만 화창한 날씨도 한 몫 했고, 주변의 멋진 풍광과 어울려 너무나 인상적이었던 멀라이언 파크...
나오기 싫을 정도였다...
  ■ 센토사 섬 케이블카
    센토사 섬에서 본섬으로 나오면서 탔던 케이블카에서 바라본 싱가폴 전경은 플라이어나 스카이파크에서 봤던 것 과는 또 다른 감동이었다...
아름답다는 느낌을 넘어서 비현실적으로까지 느껴지는 풍경들... 그림 엽서 속에 들어와있는 기분이랄까...^^...
우리나라도 그렇고 세계 어느나라 명소를 가든 아름다운 풍경들이야 많이 볼 수는 있겠지만... 싱가폴의 풍경은 차분하게 정돈된 느낌이 어느 곳에서든 느껴져서 특별하다는 생각이 들었다...(며칠만에 싱가폴에 너무 빠진거 아님?ㅋㅋㅋ...)
한국에서도 케이블카는 여러 번 타 봤는데 차 멀미를 심하게 하는 나는 케이블카 탈 때마다 촌스럽게도 멀미를 했었다...
그런데 센토사 섬에서 타고 나온 케이블카에서는 전혀...^^... 아마도 멋진 풍광에 너무나 빠져 멀미도 잊어버리고 있었던걸까...ㅋㅋㅋ...
(케이블카 탑승 시, 유창한 영어실력과 약간의 가이드 파워(^^)를 이용하여 탑승 정원이 10인승인 케이블카에 4인 1가족 단위로 탑승할 수 있도록 가이드님께서 배려해주셔서 더 좋은 시간이 되었다... 이수민 가이드님 짱!!!)
  ■ 클락키 (Clake Quay)
    싱가폴의 야경을 보려면 리버보트를 타야한다... 리버크루즈라 불리는 이 코스는 싱가폴 여행에서 꼭 해 봐야하는 코스다...^^
리버보트 선착장이 있는 클락키는 활력이 넘치는 낭만 가득한 거리다...
레스토랑과 술집들이 늘어선 거리는 어수선하다기 보다는 자유로우면서도 뭔가 정돈된 듯한 느낌이다...
강을 가운데 두고 팝 비치와 대형 쇼핑몰이 마주하고 있고 강변에선 멋진 노을을 감상할 수가 있다...
가이드님 말로는 클락키는 싱카폴의 이탈리아라고 한다... 직접 가보니 정말 이탈리아 베니스 같은 느낌도 들고...
이곳에서 가이드님이 추천해준 아보카도 바나나 쥬스를 마시며(정말 맛있었음...^^) 노을을 구경하고 리버보트 시간을 기다렸다...
  ■ 클락키 리버 크루즈 (rivercruise)
    와우~~~ 이걸 보려고 며칠간의 싱가폴 투어를 달려왔나 싶을 만큼 아름다운 싱가폴의 야경...
리버보트를 타고 바라본 싱가폴의 야경은 말로 형용할 수 없을 정도로 판타스틱하고 어메이징한 광경이었다...
낮에 보았던 조화롭게 정돈된 깔끔한 빌딩들이 화려한 불빛들로 옷을 갈아입으니 완전 다른 세상 같다는 느낌이 들었다...
형형색색의 불빛을 뿜어내는 수 많은 건물들이 그저 화려하고 현란하다기 보다는 품격이 느껴진다고 할까...
역시 이곳에서도 확실히 느끼겠더라... 싱가폴은 우아한 나라라는걸...
8시 출발하는 리버 보트를 타면 마리나베이샌즈 앞을 지날 때 레이져쇼를 볼 수 있는데, 탑승 시간이 조금 지연되서인지 끝부분에 조금만 볼 수 있어서 아쉬웠다...
30여분의 리버크루즈가 끝나가자 보트 안의 이곳 저곳에서 아쉬운 말들이 들린다...
30분이 마치 3분처럼 지나간 느낌...
3시간을 바라보고 있으라해도 지루하지 않을 것만 같은 아름다운 풍경을 뒤로 한 채 아쉬움을 안고 배에서 내렸다...
이렇게 넷째 날 싱가폴 투어도 마무리...
  ~~~~~~~~~~~~~~~~~~~~~~~~~~~~~~~~~~~~~~~~~~~~~~~~~~~~~~~~~~~~~~~~~~~~~~~~~~~
  3박5일 간의 싱가폴 패키지 여행은 정말 환상적인 여행이었다...
  그동안 막연히 알고 있던 싱가폴이라는 나라는 직접 가보니 생각했던 것 이상으로 아름다운 나라였다...
  그저 보여주기 위한 관광지로서만 명소를 가꾸어 놓은게 아니라는 느낌이 가는 곳마다 들었다...
  모든 곳이 싱가포르 사람들의 일상에 녹아들어 유지되고 있다는 느낌...
  그것이 바로 그들이 말하는 '조화'라는 것일게다...
  경제적인 면에서만 부유한 것이 아니라 그들이 가지고 있는 정신과 문화가 부유하다는 느낌이 곳곳에서 들었다...
  그래서 우리를 이끌던 가이드님이 그런 말을 했나보다... 싱가폴은 우아한 나라라고...^^...
  패키지 여행의 질은 어떤 가이드를 만나느냐에 따라 천지차이라는 말이 있다...
  어린 조카들과 함께 하는 여행이라 자유여행이 아닌 패키지를 선택했는데, 우리는 운이 좋게도 상냥하고, 친절하고, 시작부터 끝날때까지 열심히 가이딩을 해주신 좋은 가이드님과 좋은 일행분들을 만나 편안하면서도 즐거운 여행을 할 수 있었다...
  (이수민 가이드님! 감사합니다...
덕분에 정말 잊지못할 멋진 여행이 되었답니다... 감사해서 '칭찬합시다'에도 글 올렸어요...^^
함께 해주신 일행분들께도 감사드립니다...)
  몇 년 후에 꼭 한 번 다시 가보고 싶은 나라, 싱가폴...
  그 때는 자유여행으로 이번에 다녀오지 못한 싱가폴 구석구석을 볼 수 있는 기회가 있었으면 하고 바래본다...
                 "
싱가폴,"뚱 아저씨의 여행기 [싱가폴 + 바탐 + 조호바루]:짧은기간 3개국을 오가며, 말레이시아 조호바루 / 인도네시아 바탐 / 싱가폴여행은 색다른 여행 이었다, 육로를 이용한 국경 출입국 과 바다를 이용한 출입국 체험, 항공을 이용한 출입국 체험은 각기 다른 또른 여행의 백미 였다.
여행은 다른 사람의 경험도 중요하지만, 내가 직접보고 체험하는것이 더중요 하다고 생각한다.
짧은기간 다국체험의 여행의 색다른 체험 있었다, 직접 경험하세요. 싱가폴 가이드 박선영 차장님, 또박 또박 한 목소리로
여행기간내내 안내 하여 주셔 감사합니다. ^^ 카야잼 정말 맛 있어요. 다음은 센토사섬 체험을 해야지.... ^^   [여행기간 2017.10.07 ~ 2017.10.11]"
싱가폴,"싱가폴 여행후기^^ 상품 팁~:여행날짜: 2017.1.11.(수) 저녁 인천공항 출발 - 1.15.(일) 아침 인천공항 도착
여행조건: 아시아나 왕복 / 오키드 호텔 3박 / 노랑풍선을 메인으로 인터파크, 여행박사 연합으로 행사 진행
여행인원: 7인 가족( 70대 노모, 초등학생 아이 포함), 전체 팀은 16명으로 모두 가족 (아이부터 할머니까지 총 4가족)
여행비용: 상품가격 1,059,000원 + 가이드기사팁 US 40$ + 선택관광 US 160$ = 130만원 + 1일 자유여행(10~20만원) = 140~150만원
    1. 상품선택
싱가포르는 인도네시아나 말레이지아 바로 옆이라 바탐이나 조호바루 리조트에서 2박하고 싱가폴 1박하는 2개국 상품이 가장 많습니다. 싱가폴이 좁은 나라이기도 하고 숙박비가 비싸기도해서 이렇게 구성하는 것이 가격은 저렴하면서 2개국을 볼수 있습니다. 홈쇼핑에서도 주로 이 상품을 판매 합니다. 그러나, 리조트에 딱히 관심이 없거나 싱가폴에 집중하고 싶은 경우 싱가폴 3박 상품이 좋습니다.
  2. 일정구성
자잘한거 크게 신경쓰기 싫거나 준비할 시간이 없거나 자유여행이 부담스러울때 부담없이 가족끼리 편하게 다녀오기에 적당한 상품입니다. 선택관광으로 주롱새공원이나 플라이어 중 택1 이라고 되어 있는데, 이동거리상의 문제로 플라이어가 선택되는 경우가 많습니다. 결국, 외곽(동물원, 리버사파리, 나이트사파리, 주롱새고원, 과학관)은 제외하고 시내중심 일정 상품으로 어느 여행사 관계없이 일정이 동일합니다. 따라서 단독진행되는 특별한 상품이 아니라면 크게 고민할 부분이 없습니다.
  3. 여행비용
상품가격은 크게 여행날짜와 항공기 편에따라 좌우됩니다. 1월 중순 아시아나 항공 직항으로 기본가격이 106만원 이었는데,, 여기에 가이드와 기사팀과 옵션 비용을 더해 대충 130만원 짜리 상품이라고 생각하는게 좋습니다. 선택관광은 미화 기준으로 120$과 160$이 있는데 차이는 가든스바이더베이의 포함여부입니다. 사실상 제일 이쁜 곳이라 제외하기 어려워서 160$을 선택하게 됩니다. 싱가폴의 선택관광은 4~5곳이 일정 중간중간에 포함되어 있어 제외하면 그대 그때 기다리는것 이외에 딱히 할게 없어서 매우 곤란합니다. 고민하지 마시고 그냥 상품에 포함된 것으로 생각하고 가시는게 편합니다.
  4. 호텔후기 / 오키드 호텔
오키드 호텔은 2인실에 더블1와 싱글1가 여유있게 들어있고 화장실도 넓어서 매우 쾌적합니다. 로비가 좁아서 복잡하기는 하지만 개인여행으로 왔을때 머물렀던 비싼 호텔보다 방은 오히려 넓습니다. TV에서 한국 채널도 2개 정도(뉴스 + 드라마) 나옵니다. 호텔 뒷편으로 도보 2분거리에 늦게 까지 여는 과일가게와 24시간 운영하는 마트가 있어서 간식거리를 사기에도 좋습니다. 차이나 타운까지는 도보로 약 20분 정도 거리로 하루 일정이 끝난 저녁시간 이후에 1시간 반~2시간 정도 생각하고 걸어 다녀 볼만합니다. 아쉽게도 와이파이는 유료입니다. 하지만, 방마다 싱가폴 어디를 가든 무료 인터넷과 무료 전화가 가능한 휴대폰을 한대씩 비치해 놓아서 여행중에 구글지도로 길찾기 관광지 할인쿠폰 다운 등 편리하게 잘 사용했습니다(단, 부시거나 분실시 50만원 변상). 한국 단체관광객이 아주 많아 한국에 있는 듯한 착각을 하는 경우가 자주 있고 상당히 많은 직원들이 방번호같은 간단한 한국말을 알아듣습니다. 데스크에 한국직원이 있을때가 많습니다. 수영장은 사람들이 별로 사용하지 않아서 원하신다면 기분좋게 독점할 수 있습니다. 조식은 빵,계란,소세지,밥,면,음료,과일 등의 전형적인 조식부페 형태로 나옵니다. 아침으로는 적당합니다.
  5. 하루 자유일정(유니버셜 스튜디오 후기)
유니버셜 스튜디오 입장권은 기본 제공합니다만, 익스프레스 구매여부로 고민을 많이들 하십니다. 언리미티드 기준으로 월~목요일까지는SG 50$, 금요일은 70$ 입니다. 주말에는 사람이 많고 평일도 금요일은 비싸니까 자유일정이 금요일이 제외한 평일이 되도록 여행 일정을 잡으시면 좋습니다. 싱가폴 학교가 1월 초순에 개학을 합니다. 개학을 한 이후는 싱가폴 학생들이 없어서 비교적 한가합니다. 저희는 익스프레스를 구매했습니다. 사람이 많지 않아서 트랜스포머등 인기있는 놀이기구도 대부분 5분도 안기다리고 바로 바로 입장 했습니다. (반면에, 익스프레스 없는 사람들은 트랜스포머 1시간, 베틀스타 40분, 미이라 20분 정도 대기). 오후 3시 이후에 관광객이 죽 빠지고 나서는 제일 인기있는 트랜스포머 일반 줄도 대기시간이 5분이내 였습니다만 그날 그날 달라서 예상이 불가능하고 편차가 심하다고 합니다. 비용대비 효율을 추구하신다면 꽤 붐비는 날도 익스프레스가 없이 9시쯤  미리나와서 입구 맨 앞에 줄스고 입장하자마자 오른쪽 트랜스 포머도 달려가서 또 맨앞에 줄스면 대기시간 10~20분 안쪽으로 트랜스포머 한 번은 탈 수 있습니다.
  <놀이기구 만족도 정리>
트랜스포머 -  대박 이거안타면 후회합니다. 트랜스 포머 영화의 주인공이 된 기분으로 즐길수 있습니다.
워터월드 - 무대 일부가 무너지고 비행기가 날라오고 여러대의 배가 왔다갔다하고 성인이 보기에도 멋있는 쇼입니다. 다만 초반에 분위기를 띄우느라 물을 관객들에게 마구 뿌립니다. 앞자리 앉으실려면 요거는 각오를 하셔야 할듯, 공연후 주인공들하고 포토타임도 있습니다.
배틀스타 갤럭티카 - 휴먼하고 사이언 두줄 있는데, 사이언쪽이 좀더 회전이 많아 속이 울렁거립니다.
미이라 - 실내에서 완전깜깜한가운데 롤러코스터를 짭게 두번 돌립니다. 그닥 매력적이지 않습니다. 몰러코스터를 좋아하시는 분은 강추
쥬라기월드 - 우리나라 에버랜드에 있는 아마존 익스프레스가 훨씬 재밌습니다. 옷만 젖을뿐 스릴도 없구....  빙빙 돌기나 하구
  6. 고마운점 VS 아쉬운점.....
싱가폴 시민으로 거주하시는 현지 가이드 <박성재>님께 감사드립니다. 남자 이름 같지만 중년 여성분이십니다. 여행 시작부터 공항에서 떠나는 비행기 탈때까지 완벽하게 너무 잘 챙겨 주셨습니다. 출발하는 날 당황스러웠습니다. 여행사에서 알려준 출발 3시간전에 공항에 나갔는데 만석이라 자리가 없다 기다리라더니,,,, 7인 가족이 4조각으로 쪼개서 6시간을 넘게 갔습니다. 인터넷으로 미리 좌석을 잡게 발권 정보를 알려주던지 성수기니까 더 일찍 나오라고 하던지,,, 이게 뭐지 이럴거면 왜 여행사를 끼고 가지 뭐 이런 생각이 들었습니다. 또 하나 아쉬운점은 자유일정이 들어있는 상품이면 이동을 위해서 호텔의 위치확인이 필수 입니다. 출발 2틀전에야 확정을 하는건 좀 너무 빠듯하네요 다만 며칠전에라도 알려주셔야 하지 않을까요~"
싱가폴,"싱가폴가족여행:아시아나항공도 만족하고 일정도 만족해요~
다음엔 싱가폴만 여행하는것도 좋을것 같아요~ 말레이시아,빈탄,싱가폴 3곳을 돌아다니려니 조금 일정도 빡빡하고 힘들긴 했지만 만족합니다~ 특히 빈탄 현지가이드님 너무 좋았어요~"
싱가폴,"☆ 싱가폴과 인도네시아 연계상품..인도네시아가 기억에 남아요~:일단 싱가폴 가이드는 국가고시로 채용하는 만큼 수준이 높더군요,
  세련된 매너와 화법. 센스~등등
다른 유럽 투잡(아르바이트)가이드나 태국...랜드 가이드와는 확실히 달랐습니다.
  쇼핑 및 옵션에 대한 강요도 없었구요(문 열고 나오면 항상 의자에 앉아서 누가 가장 먼저 나오는가 체크하긴 했지만! 적어도 눈치는 안줌)
식당을 피크 시간대 피해서 늘 단독으로 조용한 가운데 에서 한국인이나 중국인들 마주치지 않고 식사할 수 있었습니다.
  싱가폴 현지 가이드 최복순 실장님(그레이스) / 바탐 현지 가이드 은지원(레피)가이드...
두 분 모두 프로라 좋았습니다.
  하지만 추천은요???
싱가폴 성수기라 110에 이것저것 150~170정도 들었어요,
돈 모아서 유럽이나 발리 등등
인도네시아로 자녀오세요.
싱가폴은 서울이나, 도쿄~ 뭐 암튼...
출장으로 가보거나 장거리 여행시 stop by할곳이지
ㅇㅕ행지로는 다소 부적절하다는 생각이 드네요
  바탐연계한거는 탁월한 선택이었어요,
화이팅!!!!
  여행계획중이신분들은 참고하세요
 "
싱가폴,"싱가폴 Barnden(최상욱), 인도네시아 마당쇠 가이드님 감사합니다. (싱가폴, 바탐, 말레이시:직장분들과 싱가폴, 말레이시아, 바탐 3개국 여행을 다녀왔습니다.
  힘들것이라 예상했던 여행은 완전 판다스틱으로 변했습니다.
  여행지가 좋아야 하는 것도 있지만 우리와 함께 해주시는 가이드님이 얼마나 중요한지 이번 여행을 통해 알게 되었습니다.
  싱가폴 Branden(최상욱), 인도네시아 마당쇠 가이드님.... 정말 센스있고, 위트가 넘치셔 함께 다녔던 분들 모두 여행내내 웃음이 끊이지 않았습니다.
  즐거운 여행을 위해 땀을 뻘뻘 흘리며 이리뛰고, 저리뛰시던 모습에 저희들이 잊지못할 여행을 한 것 같습니다.
  한국어가 유창한 마당쇠 가이드... 어려운 요청에도 힘든내색 없이 웃어주셨던 모습... 아직 선합니다.
  인도네시아 바탐은 아이들과 함께 가면 좋을 것 같습니다.
풀장에서 수영도 하고, 맛있는 음식도 먹고... 인도네시아 문화체험도 하게 되어 좋았습니다.
  싱가폴에서 어려운 일정속에서도 우리를 위해 힘써주셨던 Branden 가이드님 감사합니다.
  가이드님이 주신 팁으로 예쁜 사진 많이 찍어 추억으로 남겼습니다. 주변분들께 소개하고 있습니다.
  보타닉 가든, 주롱새공원, 가든 바이 더 베이, 차이나타운, 리버크루즈, 마리나 베이샌즈 호텔에서의 야경, 머라이언 공원, 전통시장에서의 열대과일, 시티버스...
  유럽보다 더 아름다운 아시아의 다이아몬드와 같은 곳이었습니다.
  정말 잊지 못할 것 같아요.
  싱가폴, 말레이시아, 바탐(인도네시아) 여행 추천합니다. 안가셨던 분들은 꼭 가보세요.
       "
싱가폴,"싱가폴/ 조호바루/ 바탐 5일:굿모닝 바탐  !
우연한 인연속에 삶은 다가서는 가슴 따뜻한 벗이 있어 저멀리 바다가
그리워 지게 되는 인생의 행복함을 간직한 부자가 되었다 . 싱카폴 말레이시아
인도네시아 짐을 옮겨가며 그 나라들의 모습들은 눈빛으로 담는 시간시간
설레임을 발견한다. 만남과 여정들이 가슴을 따뜻하게 했으며 행복한
웃음이 후덥지근한 날씨의 흔들리는 미간을 풀어 주었다. 나는 벌써 그를
그리워한다. 바탐 인도네시아 가이드 현실적으로 부족한 자국민의 한사람으로
인도네시아를 기억하며 사랑해 달라는 나라 사랑하는 마음조차 이쁘다.
지역 지역의 발전상과 변화되어 가는 작은 마을까지 사실적으로 다가서는
관광의 의미가 마음을 열게 했으며 우리들과의 대화에서 조차 생소한 단어
하나 하나 까지 배우며 기록하는 모습은 더욱 진취적이 었다. 하이 굿모닝
에삐 ! 그의 이름이다. 한국명 처럼 갑돌은 우리들의 서민적으로 다가서는
미소였다. 여행의 후기에 나타나는 기억과 여운이 그리운 벗으로 내스스로
다가서는 인도네시아의 모습이 아름다운 관광대국의 첫발처럼 보여짐은
어느 한사람의 시작부터 아닐까 건강함과 하는 일이 잘 되길 먼곳에서
손을 흔들어 본다. 굿바이 바탐"
싱가폴,"싱가폴여행 재미있었어요...:3일동안 3개국을 다닌다고 해서 걱정했는데요... 크게 힘들지는 않았던 것 같아요..
첫날 공항에 늦게 도착해서 숙소에 새벽 2시쯤 도착하고 아침 6시에 기상한 것은 좀 힘들었지만요.
그래도 친절한 가이드 덕분에 알찬 여행을 한 것 같아요.
싱가폴에서 브랜드의 친절한 안내와 상세한 설명을 들으니 몰랐던 많은 사실을 알수 있었고, 너무나 아름다운 싱가폴 야경에 흠뻑 취하고 왔네요.
말레이시아는 거의 잠만 자고 온지라...별로 할 말이 없고, 인도네시아는 리조트가 너무 좋았어요....식사도 맛있었구요.
여러가지도 즐거운 여행이었어요.."
싱가폴,"친구와 떠나 싱가폴 여행기:여러 여행사를 알아보던 중 노랑풍선을 처음알게되었습니다.
  친구와 처음가는 여행이라 이것저것 알아보고 궁금한게 많아
동남아쪽(싱가폴) 상담원 님과 많은 통화를 한것같아요,
  제가 많이 귀찮게 한것 같아요.ㅠ.ㅠ
귀찮으셨을텐데. 매번 친절하게 상담해주셨고, 여러개의 견적을 내서 메일로 보내주셔서
  결국은 노랑풍선으로 결정@.@!!
  꼼꼼하게 전부 챙겨주신덕분에 첫여행 완벽하게 끝내고 왔어요.
아직도 싱가폴여행의 여운이 남아있네여ㅠㅠ 또가고싶어여!
  자유여행이라 걱정이 컸는데. 이것저것 가이드북이며. 입장권도 전부 챙겨주셔서
힘들지 않게  4박 5일 잘 놀다 온것같아요.
  후기작성을 안하다가.
이번에 또 여행을 가게 되어 한치의 망설임 없이 또다시 노랑풍선으로 들어왔네여^^*
들어와서 살펴보다 후기작성이 있어 요렇게 늦은감이 없지않아 있지만 작성!! ㅎㅎ
  이번엔 서유럽쪽으로 알아보고있어요
자유여행이 아닌 패키지라 고민이 많은데. 이곳에서 자세히 설명받고
또다시 후회없는 여행이 되었으면 해여^^!! 실망 시키지 않으실꺼져!!!!!!!?
  고민중이신분들!!! 고민하지마시고 노랑풍선과 함께 하시면 정말 좋은 추억, 좋은여행 되실거라 봐여^^*
 "
싱가폴,"모녀팀~ 놀라운 싱가폴 다녀오다.:  ?
?놀라운 싱가폴 여행!
?
   딸아이와 단 둘이 여행~
자유여행이 좋을 것 같지만, 갑작스런 결정으로 호텔예약과 비행기 예약 모두 안 되리라고 시간하고
우리가족이 좋아하는 이서진씨가 선전하는 노란 풍선 패키지 여행을 가게 되었습니다.
여행을 다녀와서 생각해 보니 여유시간이 있었어도 싱가폴여행을 이 기간에 우리가 다녀왔던 프로그램으로 간다는 것은 거의 불가능 하리라 생각됩니다.
  저희팀은 거의 가족구성원이어서  마음 편한 여행을 할 수 있었습니다. ?
할머니와 가족들과 함께 온 대학생들도 있었고, 귀여운 초딩 꼬마아가씨, 재미있는 중딩, 다양한 연령이 무리없이 그룹으로 다녔습니다.
?
먼저 말레이시아에서 1박후 다리를 건너 국경을 넘는 수많은 오토바이 행렬들이 싱가폴에서 일자리를 가지고 있는 사람들의 생활전선 모습이라는 것을 알았습니다. 싱가폴과 말레이시아는 여러방면에서 얽히면서 서로 평화롭게 상생하고 지내는 것 같았습니다. 
   그리고 2박과 1일 관광을 한 인도네시아에서 JOE HAN(한국이름, 차인표)이라는 가이드분을 만나게 되었는데, 정말 한국말 잘 하시고, 노력하시는 분이라는 것 느꼈습니다. 앞으로 인도네시아도 한국처럼 잘 살수 있을 거라고 말씀하셨는데, 응원합니다. 인도네시아~그리고 조한아저씨~
인도네시아에서 열심히 살아가는 평범한 사람들의 모습도 많이 생각나고 가이디 해주신 여러 곳 정말 감사하고 아름다운 모습 사진에 수없이 담았습니다.
?
 싱가폴에서 가이드 해 주신 최실장님~ 다시 한번 감사드립니다.
딸아이가 여권을 수많은 인파가 있는  주롱새공원에서 잃어버렸는데,(우리모녀 혼돈속으로 난파 되었다가 구조되었습니다.) 신공을 발휘하여 찾아주시고 그와중에 일정 또한  어긋남 없이 매끄럽게 진행해주시고, 정말 감사합니다. 센토사섬과 머라이언 공원 정말 다채롭고, 버라이어티 했습니다. 마지막 날 저녁에 배를 타고 싱가폴 야경을 보는 시간을 마리나 베이샌드호텔에서 레이저 광선쇼하는 시간과 겹치게 하여 일생의 멋진 광경 한참동안 감상 잘 하였습니다. 섬세한 배려 감사합니다.
  그 많은 것을 다 구경하고 온 것도 놀라운 일이고, 싱가폴도 놀라왔습니다.
이 글을 보시는 분들에게도 강추 드립니다.
  JOE HAN(한국이름, 차인표)가이드, 그리고 싱가폴에 최실장님 고생 하셨습니다.
감사하다는 말만 남기고 왔는데, 글로써 다시 한번 마음을 전합니다.
늘 건강하시고 행복하세요~"
싱가폴,"기대이상의 싱가폴 여행!!! 제니퍼, 최민수 가이드님 감사드려요~:엄마하고 같이 싱가폴 여행 다녀왔어요~
연세가 많으셔서 걱정했는데 다행히 별 탈 없이 잘 다녀왔습니다.
  싱가폴의 제니퍼 가이드님~ 감사드려요^^
여러가지로 세심히 배려해주시고
많이 힘드셨을텐데도 항상 웃는 얼굴로 대해주셔서
덕분에 싱가폴 여행  정말 기분 좋게 다녀왔습니다~
  사실 싱가폴만 다녀오는 여행상품으로 할까하다가
시간적으로 여유가 있어서 엄마께서도 덜 피곤해 하실 것 같고 바닷가도 있으면 더 좋아하실 것 같아서
인도네시아하고 싱가폴 두 나라를 다녀오는 상품으로 선택했는데
결론은 굿 초이스~였습니다.
  특히나 인도네시아의 최민수 가이드님 짱!!!이었습니다.
한국말도 잘하시고 재치도 있고, 정말 재미있어서 엄마께서 굉장히 즐거워하셨어요~
사실 인도네시아 관광은 별거 없었는데 가이드님이 너무 많은 이야기를 재미있게 잘해주셔서
왠지 인도네시아 일주를 한 느낌이었습니다^^
최민수 가이드님께도 정말 감사드려요~
  그리고 인도네시아의 해리스 리조트도 기대 이상으로 예쁘고 조식도 맛있었습니다.
  사실 상품이 저렴해서 조금 걱정했었는데 싱가폴 여행은 정말 기대 이상이었습니다.
노랑풍선은 유럽여행 이후로 이번이 두번째 인연인데
앞으로도 쭈~욱 인연이 될 것 같은 기분 좋은 느낌이 드네요^^
  마지막으로 제작년 이태리 여행 내내 마음을 따뜻하게 만들어주셨던
이태리여행 한원석 인솔자님도 이 지면을 빌어 다시 한번 감사드립니다~
 "
싱가폴,"싱가폴 여행-바탐의 가이드 잉가씨(박지성)을 칭찬합니다.:싱가포르 여행하면서 친절하고 재미있게 안내해준 가이드 잉가(박지성)씨를 칭찬하고자 귀찮은(??) 회원가입을 했습니다.
모임에서 싱가폴을 갔는데 첫날은 좀 실망(??)하고 인도네시아 바탐섬으로 출발....
하지만 바탐에 입국한 순간 가이드 박지성을 만나면서 우리의 여행은 즐거움과 힐링의 시간으로 바뀌었습니다.
현지 가이드이고 막내가이드라고 본인을 소개했지만 우리말도 어찌나 재미있게 하고 관광객을 위한 배려도 잘해주어 좋은 시간을 보낼수 있었습니다.
열악하고 힘든 자신의 환경을 극복하려고 노력하는 모습이 감동적이었고, 우리나라에 한번도 와보지 않앗다고 하는데 우리말도 잘하고 재미있는 진행으로 웃음을 멈출수 없게 했습니다.
잉가씨 이루고자하는 꿈 꼭 이루길 바라며, 앞으로도 재미있는 안내로 관광객들에게 웃음을 주길 바래 봅니다.
  연휴에 저렴한 비용으로 간 여행이어서 조금 걱정했지만 호텔과 음식, 해박한 해설이 일품인 가이드(박실장님) 모두 만족스럽고 즐거운 여행이었습니다.
다음에도 꼭 노랑풍선으로 여행 가겠습니다.
  감사합니다.
 "
싱가폴,"싱가폴/인도네시아 3박5일 홈쇼핑 촬영 후기:<싱가폴/인도네시아 3박5일 홈쇼핑 촬영 후기>

지난  9월 12일 추석연휴가 지난 후 홈앤쇼핑 방영예정인 싱가폴 상품촬영을 위하여
싱가폴/인도네시아 3박 5일 출장을 다녀왔습니다.
   일시 : 2014-09-12~2014-09-16
여정 : 인천 - 싱가폴- 인도네시아 - 싱가폴 - 인천
  싱가폴 정보
수도 :  싱가폴
인구 : 약 5백만명
화페 : 싱가폴달러 (1달러 = 820원)
시차 : 한국보다 1시간 느림
비행시간 : 6시간
기후 : 전형적인 열대기후로 무덥고 습하며 비가 자주 내립니다. 우기와 건기의 구별이 뚜렷한데 
         12월부터 3월까지는 북동몬순이 불며, 6월부터 9월까지는 남서몬순기후로 이 시기에 비가 자주 옵니다.
  -  9/12 첫째날  -
  16:10 인천공항 3층 M카운터 아시아나 19번, 20번 맞은편 테이블 미팅

21:30 인천출발 OZ  751

  아시아나 항공에서는 간단한 식전간식과 치킨덮밥이 제공되었습니다.
  22:30 호텔 도착 후 호텔 전경 및 로비 촬영 
 ( 숙소 : RIVER VIEW HOTEL )
      공항에서 가이드와 미팅으로 진행한 후 호텔로 이동하였습니다.
호텔 체크인 후에는 객실과 로비를 촬영하였으며 외부가 너무 어두워 호텔 외관 및 수영장은
다음날 아침에 촬영하였습니다.
  RIVER VIEW HOTEL은 싱가폴의  전통호텔이라고 생각해도 될 만큼 오랜 역사를 지닌 호텔이라고 합니다.
또한, 와이파이가 무료라는 점이 좋았습니다.  깔끔하고 쾌적한 객실에서 단잠에 들었습니다.
  -  9/13 둘째날  -
  06:30  호텔 룸 & 조식 촬영 진행
    정돈된 음식 촬영을 위하여 조금 일찍 만나 미팅을 진행한 후 호텔 조식 및 외관, 수영장을 촬영하였습니다.
  08:30 보타닉 가든으로 이동 후 촬영
  - 보타닉가든
  140 년의 역사를 간직하고 60만종이 넘는 식물과 호수, 정리된 산책로가 있는 싱가폴 최대의 식물원 보타닉 가든! 
  현지 주민에게 피크닉이나 데이트 장소로 사랑받는 곳으로 방문시에도 많은 현지인들이 아침운동을 하고 있었습니다.
      10:00 쥬롱새공원으로 이동
  - 쥬롱새공원
  동남아시아 최대 규모의 새공원으로 공원 내 순환하는 파노레일을 이용하여 공원 전경을 구경하였습니다.
  중간에 파노레일에서 내려 앵무새에게 직접 먹이를 먹이는 경험도 했습니다.
  매일 오전 11시와 오후 3시에 인기이벤트인 올스타 버드쇼가 리며 일정상  오전 11시 공연을 본 후
  다양한 음식이 준비된 쥬롱새 뷔페식을 촬영하였습니다.  
        13:00 멀라이언공원으로 이동
  - 멀라이언공원
  싱가폴의 대표 관광지인 멀라이언 공원
  멀라이언이란 상반신은 라이온, 하반신은 물고기 모양을 한 기묘한 동물의 형상으로 싱가폴의 수호신같은 존재입니다.
  멀라이언공원에서 멀라이언상과 마리나베이 샌즈, 애스플러네이드를 촬영하였습니다.
      14:30 훼리 선창작으로 이동
  선착장에 도착하여 수화물을 맡긴 후 인도네시아로 향하는 훼리에 탑승하였습니다.
싱가폴 -> 인도네시아 퀘속 훼리편으로 약 50소요
    15:30 인도네시아 도착 후 현지 가이드 만남
 ( *인도네시아- 싱가폴 시차 : 싱가폴보다 1시간 느림)
  16:30 호텔 전경 및 부대시설 촬영
 ( 숙소 : HARRIS RESORT )
      -  9/14셋째날  -
  06:30  리조트 룸 & 조식 촬영 진행
   넓은공간과 다양한 음식이 준비된 해리스 리조트 조식
      08:00  인도네시아의 관광지 촬영 (원주민 마을, 중국 사원, 나고야 타운)
   식사 후 호텔 전경을 촬영하였습니다.
 인도네시아 원주민들의 생활을 그대로 체험할 수 있는 바탐시내 관광지로 이동하였습니다.
 인도네시아와 싱가폴은 거리상으로는 멀지 않으나 빈부격차가 커보였습니다.
 싱가폴의 모던한 도시라면 인도네시아는 필리핀 세부와 같은 아직은 개발되지 않은 느낌을 주었습니다.  
  - 원주민 마을
   원주민들이 생활하는 곳으로 민속춤과 함께 그들의 생활을 볼 수 있었습니다.
 높은 야자수나무에 올라타 야자수를 따는 모습이 인상깊었습니다.
       - 중국 사원
   도교와 유교, 불교가 공존하는 인도네시아
 중국 사원 내에는 달마사, 간운장 그 외 각종 다양한 불상들이 있었습니다.
      - 나고야타운
   바탐섬의 심장부라고 할 수 있는 나고야 타운
 각종 상점을 비롯하여 현지인들의 실생활을 볼 수 있는 곳으로 일정중에 열대과일을 구매 할 수 있습니다.
      10:00  마사지 샵 촬영
  11:30  중식당 아마존 촬영 (칠리크랩 식사 포함)
      중식당 아마존에서 특식으로 준비된 칠리크랩을 촬영하였습니다.
수중가옥으로 물 위에서 식사를 즐길 수 있는 곳입니다.
  16:10  퀘속훼리를 이용하여 싱가폴로 이동
    18:00  싱가폴 선착장 도착
  18:30 싱가폴 선택관광인 리버보트, 스카이팍 촬영
(* 플라이어의 경우 고객들이 낮에 이용하기 때문에 다음날 촬영하기로 함)
  - 리버보트

싱가폴의 다양한 즐길거리 중 하나인 리버보트
클락키나 보트키에서 출발하여 싱가폴 강을 따라 마리나베이샌즈까지 한바뀌 도는 루트입니다.

싱가폴의 아름다운 야경을 감상하기 좋았습니다. 
      - 스카이팍
   마리나베이 샌즈 호텔 스카이 전망대
 싱가폴의 쭉쭉뻗은 빌딩숲을 전망할 수 있는 곳으로 옆쪽으로는 
 그 유명한 마리나베이 샌즈 호텔 수영장이 자리잡고 있습니다.
      21:00 스팀봇 식사 촬영
    22:00로 이동 후 호텔전경 및 로비촬영
 ( 숙소 : ORCHID HOTETL)

오키드 호텔은 특이하게 호텔 객실 전부가 트윈배드로 준비되어 있다고 합니다.
넓은 객실이 좋았습니다. 
    -  9/15 넷째날  -
  06:30  호텔 룸 & 조식 촬영 진행
      3박 5일 출장동안 가장 마음에 들었던 조식입니다.
신선한 과일과 다양한 음식이 좋았습니다.
  08:15  V라벤더 호텔로 이동 후 호텔조식 및 객실, 전경 촬영
  모던한 디자인과 편리한 교통으로 젊은 자유여행객들에게 인기있다는 V라벤더 호텔
조식당이 외부에 있어 느낌이 새로웠습니다.
      10:30  센토사섬으로 이동
       센토사섬의 다양한 엑티비티 촬영(케이블카, 루찌, 머라이언타워, 이미지오브 싱가포르 )
  - 센토사로 이동하는 케이블 카
  센토사섬 
싱가폴의 대표적인 관광레저단지 센토사섬. 워터파크, 호텔 등 다양한 레져시설이 있습니다.
싱가폴 섬에서 불과 800m 떨어진 지점에 있으며 동서 약 4km, 남북으로 약 1.5km의 작은 섬이지만
멀라이언상, 이미지 오브 싱가포르 등 볼거리가 많이 있는 곳입니다.
      - 루찌, 멀라이언 타워
  1. 루찌 - 케이블카를 타고 내리면 바로 오른쪽에 보이는 루찌
    아래로 구불구불 뻗은 길을 따라 스스로 속도와 방향을 조절하며 내려가는 놀이기구입니다.
  2. 멀라이언타워 - 센토사섬을 조명할 수 있는 전망대
    엘레베이터를 타고 올라가면 멀라이언상의 머리부분에서 센토사섬을 내려다 볼 수 있습니다.
      - 이미지 오브 싱가포르
  싱가폴의 역사를 한눈에 볼 수 있는 박물관
방문했을 당시에는 공사중으로 앞쪽 일부만 관람할 수 있었습니다.
      - 그 외의 엑티비티
    16:30  2층버스 및 재래시장 촬영 + 플라이어 촬영

2층버스를 타고 싱가폴 시내를 둘러보는 일정입니다.

      - 플라이어

싱가폴의 전경을 감상할 수 있는 플라이어 
플라이어 내부에는 지도가 준비되어 있으며 위쪽의 지도에 동서남북을 맞추면
어느 지역에 어떤 관광지가 있는지 볼 수 있게 잘 준비되어 있습니다.  
        18:00 한식 촬영

한국으로 떠나기 전 마지막 식사는 한식이었습니다.
칼칼한 된장찌개와 불고기가 맛있었습니다.
 
21:00 공항으로 이동
  22:40 싱가포르 창이 국제공항 출발
  -  9/16 다섯째날  -
  06:00 인천 국제공항 도착 
  3박 5일 동안 싱가폴과 인도네시아를 돌아보는 알찬 일정이었습니다.
여행이 아닌 홈쇼핑 촬영차 방문하여 바쁜 일정이었지만 싱가폴의 매력을 느낄 수 있었습니다.

작지만 볼거리가 많은 나라!  
기회가 된다면 다시 한 번 여행가고 싶은 나라 싱가폴 입니다 :)  "
싱가폴,"싱가폴~산다라박가이드님~:  싱가폴시민권을 취득하시어 자신만만하게 안내해주신 ,산드라,,산다라박>가이드님...
딱 8명 4가족인데.....얼굴한번찡그리지 않고...
사실 쇼핑하는곳 데려가면 눈치주고..뭐....눈치받고..패키지의 단점이지만....우린 한분도 안샀는데...그냥 웃으시고....
그래서 더 미안했구...
  이 코스는 싱가폴만 아니면 비추....마지막 럭셔리한 싱가폴관광에서 확악~~뿅 가버리는 그런 상품..
    해리스호텔도 나름 좋았구....그래서 수영도 맘껏 했구...
 "
싱가폴,"싱가폴.인도네시아.말레이지아3국3색여행후기:8월16일출발하는 싱가폴여행을 다녀왔읍니다. 이글을 올리게 된것은 싱가폴 가이드이신 위부장님을
칭찬하고자 합니다. 공항에서부터 여행후 공항에 와서까지 너무도 친절하고 열심히 하셔서 너무도 고마웠어요.^^
여행하는 내내 미리준비하시고 기다리고 친절하게 안내하고 모든분들께 덥다고 쉬원한 물까지 내내 사주시면서
여행하시는 분들을 최대한 즐거운 마음으로 여행할수있게 도와주시고 여행이 끝났을땐 공항에와서 수속도 미리
받아주시고  어디로 어떻게 가시라고 못들을 분들을 위해 여러번 안내해주시고 아뭏턴 최고였어요,
영어를 모르는 분들도 전혀어려움이 없게하시고 어디서 그런 열정이 나오시는지 진짜 열심히 안내하셨습니다.
위부장님같은 직원을 두신건 노랑풍선의 복이라고 생각합니다. 현지인이신 태진아 가이드님도 좋으셨구요.
다만 어른들은 긴팔옷이 필요없는데 괜히 추울까봐 많이가져가서 짐만 많았네요. 버스 에어컨이 애들은 추울수
있으니 애들껏만 가져가도 되겠어요. 한국분들을 위해 하루에 한번씩 김치찌게. 된장찌게 사주셔서 더욱
좋았구요. 호텔도 깨끗하고 식사도 해리스호텔 식사만빼고 다 좋았습니다. 좋은 가격에 좋은 여행 감사합니다.
더불어 좋은 가이드님 계셔서 더 즐거웠어요.마지막날 배타고하는 야경(레이져쇼 등)도 멋있었어요...^.^
노랑풍선 화이팅 !!!
 "
싱가폴,"싱가폴여행 4박6일 저렴하게 양도합니다.ㅠ:5월 28일부터 6일1일 4박 6일 일정이고요, 원래는 한장에 299000원씩해서 구매한 상품인데 눈물을 머금고 두장에 50만원에 팝니다.
같이 가려고 했던 사람이 갑자기 일이 생겨서 날짜를 변경해야하는 상황인데 아예 취소를 하고 날짜변경해야 한대서요..근데 환불조차 안된다네요..ㅠ
그래서 개인적으로 이렇게 급하게 글을 올립니다.
노랑풍선에서 구매했구요, 유류할증료 18만원이고 1박은 추가로 여행사통해서 구매하면 됩니다.
저는 마리나베이호텔1박하려고 따로 예약했었어요. 수영장이 너무 좋대서..-.-;;
  긴급모객합니다. 연락주세요~~
010-8733-1816"
싱가폴,"싱가폴 (4총사의 여행):8년만에 찾은 싱가폴이 나를 반깁니다.
ㅋㅋ  8년전에는 첫 해외여행이여서 설렘 및 긴장으로 가득했다면
이번에는 힐링이 필요한 시기였는데 ^^
  첫날 미팅시작하고 우리끼리 짐 부치고 타이페이 경유하고 ㅋㅋㅋ
타이페이 어찌나 세관검사를 심하다고 해서 혹시나 산 물건들 뺏길까 ㅋㅋ 전전긍긍한 모습들도 재미있었고
  같이 간 멤버중 해외여행 자체가 처음인 아이는 완전 신기신기 일명 직진이순재선생님 컨셉 ㅋㅋㅋ
무조건 직진해서 그 이름도 엄청나게 불렀던겉 같습니다.
  싱가폴 가이드님 (이승윤, 이승남) 정확한 이름이 순간 생각이 안나네요. 넘 착하고 말도잘하시고 친절하시고 기사아저씨는  우리가 내릴때면 항상 스마일 ㅋㅋㅋ 넘 좋았던거 같아요.
  인도네시아 가이드 에삐 갑돌이 ㅋㅋ 완전 기분 업 시켜버리네요.
한국말을 너무도 잘하고 유머러스하시고 친절하시고
또하나는 날씨가 너무 뜨거워서 지칠만도 했지만 전혀 그러지 않고 설명하고 웃고 중간중간 노래도 불러주시고
  혹시라도 나라사랑도 확실히 보여주시고
  여트 이번 여행 대 성공 넘 저렴해서 약간 불안불안 했는데 ^^
  여러분 웰컴투 싱가폴입니다."
싱가폴,"쿠알라룸푸르/말라카/싱가폴 팸투어를 다녀와서~:말레이시아 쿠알라룸푸르/말라카/싱가폴 팸투어를 다녀와서   (2014.03.06 ~ 2014.03.10)
      이번 팸투어는 말레이시아 항공을 타고 두나라를 동시에 여행할 수 있는 새로운 상품으로 구성되어 각 여행사 담당자들과 함께 답사를 다녀왔습니다. 지금부터 소개해 드리겠습니다.
  1일차
오전 11:00 출발 말레이시아 항공을 타고 쿠알라룸루프공항을 약 6시간 20분정도 소요 됩니다.
  16:50 쿠알라룸푸르공항 도착 후 환승 준비 (대기시간 2시30분)
19:30 쿠알라룸푸르에서 싱가폴로 출발
20:30 싱가폴 창이국제공항 도착 가이드 미팅 후 차량으로 말레이시아 조호바루로 이동 (약1시간)
호텔 체크인 후 휴식
        호텔은 5성급 호텔인 메리어트 르네상스 호텔입니다.
매우 쾌적한 시설을 갖추고 있으며 방컨디션 또한 리모델링을 통해 깔끔한 객실입니다.
  2일차
싱가폴 데이투어
동남아 최대 규모의 새들의 천국 '주롱새공원'
    중식 후 국립식물원 '보타닉가든' 관광
      멀라이언공원 및 에스플러네이드, 재래시장, 센토사섬 등 시내관광
        마리나베이샌즈호텔 스카이 파트에서 야경감상
      조호바루로 이동 후 호텔 투숙
  3일차
동남아 최대 명품 프리미어 아울렛(JPO)자유시간
    말라카로 이동 (약 2시간 30분 소요)
            말라카 호텔 인스팩션
       4일차
호텔 조식 후 쿠알라룸푸르 이동 (약 2시간 소요)
          센트럴 공항으로 이동 수속 후 트레인을 타고 공항으로 이동
23:30 쿠알라룸푸르 공항 출발
  [말레이시아 항공 기내식]
  5일차
  06:40 인천 국제 공항 도착
    이로써 두나라 연계상품으로 3박5일간 알차게 일정을 보냈습니다.
담당자들과 함께 최고의 상품을 만들기 위해 스케줄조정과 항공스케줄 조정에 의견을 두었으며
현재는 이동거리를 줄이기 위해 비행기 스케줄 조정에 들어가 있는 상태 입니다.
알찬 관광상품을 원하신다면 적극 추천 !
  감사합니다."
싱가폴,"싱가폴/말레이시아/인도네시아(2/21-2/25) 권혁희 가이드님 감사드립니다!:2월 21일부터 시작된 3박 5일 싱가폴/말레이시아/인도네시아 3개국 여행!
싱가폴 창이공항 도착 후 캐리어를 분실하여 많이 당황했습니다..
여행을 망칠까 싶어서 겁먹은 와중에 권혁희 부장님께서 신속하게 대응해주셔서 하루만에 금방 찾을 수 있었습니다.
여행 중에도 친절하게 가이드 해주시고, 맛있는 열대과일도 대접해주시고! 여러모로 즐거운 여행 마칠 수 있었습니다.
다음에 방문했을 때 또 만났으면 좋겠습니다~! 정말 감사합니다.
 "
싱가폴,"최고의 야경의 나라 싱가폴과 자연 그대로의 미니 발리의 바탐섬:최근 3년간 겨울방학을 통해 가족4명이 노랑풍선을 이용하여 중국, 일본, 필리핀을 다녀왔고 올해는 싱가폴, 조호바루, 바탐을 다녀왔습니다. 싱가폴만  다닐 수 있는 상품이 없어 이 기회에 3개국을 한꺼번에 보자는 희망으로 선택했습니다. 첫날부터 삼개국을 넘나들며 많이 힘들었지만 내 아들뿐만 아니라 모두 여권 도장 갯수 세느라 정신이 없었습니다. 특히 인도네시아에서 미니발리 Turi beach를 데려다 주신 바탐 가이드 일명 우리나라 이름으로 '태진아' 가이드님의 순발력 있고 재치있는 유머에 감사드립니다. Turi beach 너무나도 아름다웠습니다. 여행 다녀와 주위분들께 '발리'다녀왔다고 자랑하고 있습니다. ㅎㅎ 아름다운 야경의 나라 싱가폴의 매력을 보여주기 위해 노력해주신 권부장님께도 감사의 말씀을 전하고 싶습니다. 일정이 빠듯해 너무나도 맘에 들었던 보타닉 가든에서 많은 시간을 보내진 못했지만 때맞추어 레이져 쇼와 음악 분수를 강변 보트로 보여 주기 위해 많은 노력을 해 주셨음을 압니다. 인천공항에 도착해 또 버스 4시간만에 집에 도착했지만 좋은 것, 좋은곳을 가슴에 많이 새기고 와 힘든 줄 몰랐습니다. 모두에게 감사드립니다."
싱가폴,"싱가폴, 인도네시아 바탐 4일 일정....궁금하신 분!:저렴한 가격으로 떠나는 여행이라 숙박 혹은 식사가 불편하면 어쩌나 고민을 좀 하면서 갔습니다.
항공도 직항이 아니고 대만에서 환승해야했기 때문에 .... 제대로 환승 할 수 있을까....걱정이 되기도 했지요.
  그러나 그 모든 것이 말 그대로 사서 하는 걱정이었습니다.
  환승 안내가 너무 확실하게 되 있어서 조금도 헤메임이 없었고 오히려 환승하는 동안 대만 면세점을
둘러보고 물건을 구입할 수 있어서 더 좋았습니다.
또한 한 번 쉬어 갔기 때문에 좁은 비행기에서 불편했던 신체를 한 번 펼 수 있어서 나름... 좋았습니다.
  호텔식 또는 현지식 식사도 전혀 불편함 없이 맛있게 먹었고
호텔도 바탐, 싱가폴 모두 만족했습니다.
특히 싱가폴의 오키드 호텔은 지은지 얼마 되지 않은 신 건물이고 시내에 위치하고 있어서 편하고
시설도 깨끗해 아주 좋았습니다.
  바탐의 가이드 차인표씨는 한국을 한 번도 다녀간적 없다는데 한국말을 어찌나 잘 하는지....
그리고 순수하게, 친절하게, 개인 욕심 없이  가이드하는 마음이 고마웠습니다.
다음 일정이 남았지만 고마운 마음에 컵라면(신라면) 몇 개와 맥심화이트 커피 몇 개를 드렸는데
어찌나 좋아하던지....한국 음식이 귀하고 맛있다고 합니다~~
  싱가폴 가이드는....다 좋았지만... 마지막 선물을 살 수 있는 잡화점 안내를 좀 부실하게 했고
다니는 동안 너무 빡빡하게 일정을 잡아 불편함이 좀 있었습니다.
  그러나 싱가폴 패키지 여행은 정말 좋았습니다.
다음은 홍콩 여행을 계획 중입니다. 
다시 노란 풍선과 좋은 인연이 되었으면 ......좋겠습니다.
감사합니다.~"
싱가폴,"싱가폴의 가이드 티파니 최고였어요...:지난 11월 21일 아내와 함께한 싱가폴 여행
가이드 티파니의 손님을 위한 배려로 항상 다른팀보다 빨리 움직이고 한가하게 다닐 수 있게 노력해주어서
다녀봤던 여러패키지 여행중 가장 즐겁게 즐기고  시간낭비 없이 다녔던 여행이었습니다.
'지금까지 보았던 가이드중 최고'
싱가폴에서 티파니 만나면 행운입니다....."
싱가폴,"2013.10.11~2013.10.16 싱가폴 TZ (스쿠트항공) 스터디 팸투어:  [ 스쿠트(TZ)항공 + 싱가폴 관광청 주최 싱가폴 스터디 팸투어 ]
  ● 일시 : 2013. 10. 11 ~ 2013. 10. 16
● 여정 : 인천 - 대만(경유) - 싱가폴 - 대만(경유) - 인천
● 목적 : 싱가폴 상품 판매촉진 및 판매 활성화를 위함이었습니다. 또 현지 호텔 및 관광지 인스펙션과 경험을 통하여 전문성도 높이기 위함 입니다.
● 싱가폴 정보 : 4계절 더운 날씨로 아침, 저녁으로는 선선한 기온이며 실내, 대중교통 이용시 긴팔을 걸쳐야 할 정도의 냉방이 잘 되어 있습니다. 스콜 현상이 하루 2~3차례 있으며 주로 새벽에 천둥번개가 동반한 소나기가 있었습니다. 또한 껌, 담배, 주류 반입이 엄격하며 현지에는 껌을 판매 하지 않습니다. 시차는 우리나라와 1시간 차이이며 우리나라보다 1시간 느립니다.
  -10/11 첫째날-
  21:00 인천국제 공항 집결 (스쿠트 항공은 H 카운터 입니다.)
23:45 TZ205 게이트로 집결
* 스쿠트(TZ) 항공은 금년 첫 취항을 하였고 싱각폴 국적의 저가 항공사 입니다. 저가항공사라고 해도 400석에 가까운 많은 좌석을 보유하고 있으며 항공기 자체의 크기도 큽니다. 이코노미, 슈퍼이코노미, 비지니스 석으로 있으며 기내에 정수기가 배치되어있습니다.
-10/12 둘째날-
  00:10 인천국제공항 출발 (연결 지연편 문제로 약 20분정도 지연되었습니다.)
01:40 대만 도착
02:30 대만 출발
* 대만-싱가폴 구간에서의 기내식 입니다. 저가항공사다 보니 기내식이 불포함으로 별도 구매입니다. 음료, 주류, 식사, 아이스크림 등 다양한 메뉴가 있습니다. 세트 메뉴를 시키면 음료 콜라와 스낵 프링글스가 같이 나옵니다. 
  07:00 싱가폴 창이 국제 공항 도착
07:30 가이드 '하나킴'과 미팅 후 싱가폴 동물원으로 이동
08:30 Singapore ZOO (싱가폴 동물원) 도착
* 싱가폴 동물원은 250여종 그리고 1400마리가 넘는 동물들을 보유하고 있습니다. 싱가폴 동물원의 큰 이슈는 열대지방에서 첫 북극곰의 탄생이 있었다는 것입니다. 아이를 동반한 가족단위에게 인기가 많으며 코끼리 먹이주기, 신기한 동물들과 사진 찍기 등 체험하는 공간도 마련되어 있습니다. 또 트램을 타고 정류장마다 정차하여 관람을 즐길 수도 있습니다.
  09:00 아침식사 ( Jungle Breakfast)
* 'Ah Meng' 정글 식당은 실제 오랑우탄을 보면서 식사를 할 수있고 뱀도 목에 두르고 기념사진을 촬영 할 수도 있습니다. 이 식당은 동물원 내에 위치하고 있으며 뷔페요리를 즐길 수 있습니다.
  10:30 동물원 관광
12:45 River Safari 관광
* 리버 사파리는 동물원 바로 옆에 위치하고 있습니다. 세계 강에 서식하는 어류, 동물 등을 수족관에 잘 전시해 놓았으며 루트에 따라 걸으며 관람하는 사파리입니다.
  1430 점심식사 ( River Safari TEA)
* 현지식 음식으로 닭스프, 삶은 야채, 그리고 유명한 치킨라이스 등으로 차려진 한상입니다.

16:00 호텔 체크인 ( Mandarin Orchard Hotel )
* 오챠드로드에 위치하고 있어 주변에 상점, 편의점, 노점 등 편하게 이용할 수 있습니다. 만다리 오챠드 호텔에서 2박을 하였는데 1박 후 룸 청소를 할 때 침대 커버부분을 정리하여주었습니다. 세면도구 (비누, 솔, 치약, 샹품, 린스, 바디샤워 등), 드라이기, 수건, 커피포트, 냉장고, TV, 다과 등 다 배치가 되어있으며 다과는 따로 차지가 발생됩니다. 또 전기는 우리나라랑 동일한 220V이나 콘센트 모양이 다른 것, 같은 것 나뉘어져 있어 부족 할 씨 프론트에서 대여 가능합니다. 
  18:00 간단한 휴식 후 호텔 로비에서 미팅
18:30 싱가폴 플라이어( Singapore Flyer )로 이동
* 싱가폴 플라이어는 싱가폴 세계 최대희 대형 관람차 입니다. 높이가 무려 165m 이며 싱가폴 도심 전체를 한눈에 내려다 볼 수 있습니다. 한 관람차 안에 최대 28명까지 탑승 할 수 있는며 중간 바닥까지 유리로 된 관람차도 있습니다. 이벤트 존으로 연인들이 많이 찾는 관람차도 있다고 합니다.
  19:30 저녁식사 (SeaFood Paradise - 칠리크랩 코스요리)
* 싱가폴의 대표 음식 중 하나인 칠리크랩입니다. 가격이 비싼 편이긴 하지만 싱가폴 여행 시 꼭! 먹어봐야하는 음식이라고 합니다. 우리나라 찜과 비슷한 칠리크랩은 대게를 매콤달콤한 양념에 찐 음식입니다. 곁들어 치킨라이스, 생선찜, 새우볼 등 코스요리로 즐길 수 있습니다.
  20:40 클락키 관광&River Cruise Ride (리버크루즈) 탑승
* 패키지상품으로 여행을 가면 선택관광 중 하나 입니다. 자유여행으로도 찾는 관광객도 많으며 현지인 조차 많이 즐겨 하는 관광이라고 합니다. 크루즈 뒷편에는 천장이 오픈되어 있어 시원한 바람을 맞으며 클락키, 도심, 야경등을 멋지게 볼 수 있는 관광거리 입니다.
  21:10 멀라이언 공원 Walking (걷기) 관광
* 싱가폴의 대표 상징물 멀라이언 상이 있는 멀라이언 공원 입니다. 남녀노소 불문하고 저녁 늦게까지도 야경을 즐기는 사람들로 북적대며 마리나베이샌즈 호텔, 클락키 등 가까운 위치에 있어 인기가 많은 장소 입니다.
멀라이언 상 주변에 앉아 담소를 나누거나 맥주를 마시거나 하는 광경을 많이 볼 수 있습니다. 
22:00 Fullerton Bay Hotel 라운지 바 (Lantern Bar)로 이동하여 음료 or 커피
* 멀라이언 공원 동쪽에 위치한 플러톤 베이 호텔 라운지 바입니다. 싱가폴의 자랑거리 마리나베이 샌즈 호텔의 레이져쇼도 볼수 있고 멀라이언 파크 전경이 한눈에 보입니다. 잔잔한 음악, 리듬있는 음악 등 바 내에 DJ가 직접 음악을 틀어주며 탄산음료, 칵테일, 커피, 쥬스 등 다양한 음료가 준비되어 있습니다. 
23:00 호텔로 이동하여 투숙
  -10/13 셋째날-
  08:00 미팅 후 호텔 조식
09:00 띠롱바루 (Tlong Bahru) 로 이동
09:30 띠롱바루 (Tlong Bahru) 도착
* 띠롱바루는 우리나라의 재래시장 같은 모습입니다. 1층에는 과일, 채소, 생선등이 팔며 2층에는 음식점들이 나열 되어있습니다. 싱가폴 특성상 여성들이 집에서 밥을 잘 하지 않는 문화로 주말같은 경우 늦은 아침에 일어나 외식을 주로 합니다. 빵, 국수, 밥 종류등 다양하게 판매를 하며 몇몇 가게는 길게 줄을 서 있는 모습도 볼 수 있습니다.

10:30 페라나칸 박물관 (Peranakan Museum)
* 페라나칸 박물관은 싱가폴에 거주하는 중국인 남성과 말레이시아 여성이 출산 한 혼혈아를 말합니다. 페라나칸의 과거 모습, 결혼 풍습, 장례 풍습 등 다양한 문화를 볼 수 있으며 유품 등도 함께 볼 수 있는 박물관입니다.

11:30 캄뽕그람 (Kampong Glam)
* 캄뽕그람은 우리나라의 삼청동 같은 모습입니다. 아기자기한 소품, 악세사리, 옷 등을 판매하는 가게들이 즐비하고 있으며 눈에띄는 황금 궁을 볼 수 있습니다. 술탄 모스크 궁이며 벽은 유리병의 아랫부분으로 도배하여 있습니다. 한가지 특이한 상점은 자신에 맞는 자기만의 단하나의 향수를 만들어 판매하는 가게가 있습니다.

12:30 점심식사 (True Blue - 인도음식)
* 향신료 향이 강한 인도 음식입니다. 입맛이 까다로운 분께는 거부감이 들 수 있으며 우리나라에서 보기 힘든 열매들도 볼 수 있습니다.

14:00 차이나타운 관광
* 우리나라에도 있는 차이나 타운입니다. 입구에 큰 절이 있으며 그 앞에는 공연시설, 관광 안내소, 정자 들이 나열되어 있습니다. 차이나타운 외각 쪽 유명한 빙수 집이 있는데 차이나 타운 방문 시 들러볼 명소입니다.
    15:30 멕스웰 푸드 코드 (Mexwell)
* 젊은이들이 좋아할 푸드 코드입니다. 띠롱바루와 비슷하게 식사를 하는 모습, 음료를 즐기는 모습을 볼 수 있습니다.
특이한 점은 푸드코드 내 화장실을 이용할 시 10센트의 요금을 지불한다는 점입니다.

16:00 클럽거리 관광 (Club Street) 및 부티끄 호텔 클럽 호텔 (Club Hotel) 인스펙션
* 여성들이 좋아할 분위기의 호텔입니다. 부띠끄 호텔로 규모는 작지만 귀여운 느낌의 객실을 보유하고 있습니다.

17:30 리틀 인디아&무스타파 관광
* 리틀인디아를 가면 싱가폴 속 인도를 볼 수 있습니다. 지금까지의 싱가폴 관광이 무색할 만큼 ‘이곳이 싱가폴인가?’ 라는 생각이 듭니다. 거리의 99%가 피부가 까만 흑인들을 볼 수 있고 상점, 노점들도 인도 의류, 타투 등으로 되어있습니다. 또한 무스타파는 각종 음식, 보석, 의류 등이 판매되고 세계의 물건을 볼 수 있습니다.

18:30 저녁식사 (Zam Zam Restaurant)
* 싱가폴의 유명한 식당입니다. 1층 2층으로 되어있으며 현지식이지만 향신료 향이 약하며 한국인 입맛에도 맞습니다.
캄퐁그람에서 가까이 위치하고 있습니다.

20:00 One Altitude (라운지 바)
* one altitude 건물의 옥상에 야경을 볼 수 있는 라운지입니다. 전면 유리로 되어있어 어느 곳에서나 야경이 훤희 보이며 마리나 베이 샌즈 호텔의 레이져쇼를 아주 멋진 모습으로 볼 수 있습니다. 그리고 라이브로 공연도 볼 수 있습니다.

22:00 호텔로 이동 후 투숙

-10/14 넷째날-
08:00 호텔 조식 후 미팅
09:00 호텔 체크 아웃
09:30 센토사 섬으로 이동
10:00 리조트 월드 센토사 투어 및 호텔 인스펙션
* 각종 리조트, 호텔 등 그리고 하드락 등 호텔을 돌며 인스펙션을 하였습니다. 리조트 월드라는 말에 걸 맞게 부대시설 놀이시설 등이 아주 잘 되어있습니다. 또 바로 근처에 워터파크, 아쿠아리움이 있어 관광할 수 있습니다.

13:00 점심식사 말레이시안 푸드 스트리트
* USS (유니버셜 스튜디오) 바로옆에 위치해있는 말레이시안 푸드 코드입니다. 마치 과거에 와있는 듯한 인테리어로 다양한 가게들이 준비되어있습니다. 맛도 양도 종류도 모두 만족 할 수 있으실 겁니다.

14:30 마리나베이샌즈 호텔 인스펙션
* 싱가폴하면 가장먼저 떠오르는 마리나베이 샌즈 호텔입니다. 주변 쇼핑몰, 세계에서 가장 큰 명품 루이비똥 샾 등 볼 수 있으며 60층이 넘는 호텔을 관람할 수 있습니다. 실제 패키지상품에도 전망대 관람이 옵션으로 있듯이 많은 분들이 찾는 명소입니다.

  18:00 가든바이더 베이 관광
* 인공 식물원으로 세계의 식물들을 한 곳에서 볼 수 있습니다. 사진에서 많이 보는 큰 식물 기둥(슈퍼트리)은 저녁에는 빛을 내어 나이트 쇼도 진행하고 있습니다. 실내로 들어가면 몸이 으슬으슬 떨릴 정도로 시원하며 바닥에는 얼음큐브가 있어 시원한 발걸음으로 관광을 할 수 있습니다. 또 바로 옆 돔에는 인공으로 만든 산과 폭포도 볼 수 있습니다.

19:40 저녁식사 (Dinner at Satay by the Bay)
* 가든바이더 베이에 위치한 식당입니다. 말레이시안 음식으로 한국인 입맛에 딱! 맞는 음식입니다.

21:00 호텔로 이동
21:30 라사 센토사 샹그릴라 호텔 체크인
* 5성급으로 샹그릴라는 수영장 식당 3개 등 보유하고있으며 키즈클럽도 Ekfh 운영 하고 있습니다. 드라이기, 수건, 세면도구, 커피포트, 냉장고, tv 등 배치가 되어있으며 콘센트 모양도 우리나라랑 동일 합니다. 또한 아이폰 보유자는 아이폰 전용 데크도 배치되어있습니다. 샹그릴라는 가든뷰, 씨뷰룸으로 되어있습니다.

-10/15 다섯째날-
08:00 호텔 조식 후 미팅
09:30 유니버셜 스튜티오로 이동
10:00 유니버셜 스튜디오 체험
* 규모는 좀 작지만 트랜스포머, 슈렉, 쥬라기공원, 맘마미아 등 테마는 다양하게 있습니다. 하루 2번 워터쇼도 진행하고 있으며 오전 10시 개장입니다. 입장료는 우리나라돈으로 약 56,000~62,000원 정도 합니다.

12:30 점심식사 (유니버셜 내 피자가게)
* 피자 크기가 어마어마 하며 스프, 스파게티, 피자 등 판매를 하고 있습니다.

13:30 W호텔로 이동
14:00 W호텔 인스펙션

15:00 센토사 어트랙션 관광 (I Fly, Wavehouse, Megazip)

16:30 호텔로 이동 후 간단한 휴식
18:00 로비에서 미팅 후 오챠드로드로 이동
18:30 오챠드로드 (Orchard Road) 관광
* 명품관, 쇼핑몰, 먹거리 등 다양하게 위치해 있으며 우리나라 명동 또는 압구정같은 거리입니다.

20:10 뎀프시(Dempesy) 관광
* 과거 전쟁지역의 모습을 보존하고 개발하여 만들어진 곳입니다. 주로 식당들이 나열되어 있습니다.
20:30 저녁식사 (P.S 카페)
* 레스토랑식 카페이며 스테이크, 햄버거, 크랩요리, 스파게티 등 고급스러운 분위기로 되어있습니다. 카페 내 중앙에는 다양한 케이크, 초콜릿 등도 판매하고 있습니다.
22:00 호텔로 이동

-10/16 마지막날-
07:30 호텔 로비 미팅
08:00 호텔 체크 아웃
09:00 싱가폴 관광청 미팅
* 싱가폴 관광청 관계자, 현지 여행사 관계자 등 분들과 카페에서 간단한 차를 하며 미팅을 하였습니다. 싱가폴에 대한 견해, 관광느낌, 개선할 점, 잘되어있는 점 등 서로 주고 받는 질문으로 많은 것을 배우고 느끼는 시간을 보냈습니다.

11:00 공항으로 이동
13:35 싱가폴 창이 공항 출발
18:10 대만도착
19:00 대만 출발
22:35 인천국제공항 도착

 "
싱가폴,"호주,뉴질랜드,싱가폴을 다녀와서:9/26-10/6 호주뉴질랜드, 싱가폴을 다녀왔다
1년에 3-5회 패키지로 여행을 다녀오고 있고 노랑풍선을 특히 많이 이용한 것같다.
숙박은 대체로 문제는 없었는데 항상 말썽은 쇼핑센터에서 생기는 것같다 크라이스트처치에서의 약품판매하는 쇼핑센터주인의 강압적인 언사는 문제가 있었다. 동영상을 촬영해서 가져오려다가 참았지만 사지않겟다는 고객에게 처음에 모델로 나오라고 해서 싼것하나 주고 나중에 안사니 왜 안사냐고 강압적으로 물건을 사라고 강요하는 것은 문제가 있다고 본다.  그래서 결과적으로 80불정도 되는 것을 사기는 샀지만 . . . . .
그리고 마지막 숙박하기 전 크라이스트 처치에서 옵션저녁을 먹었는데 먹고도 영기분이 않좋은 옵션이었더
관광은 옵션이 좋지만 같은식당에서 먹는데 누구는 부대찌개 먹고, 누구는 130불 더내고 철갑새우란 랍스터 비슷한 것을 별도 돈을 내고 사먹었는데 기본 식사비를 제외하지 않고 전액 고객에게 부담시킨것도 잘못이고, 가격도 130불이라 해놓고 다른사람보다 적을 것을 주고 돈을 다 받기에  왜 적은에 돈을 다 받느냐고 했더니 . . . . .
물어보지 않아서 사실인지 모르겠지만 큰것을 준사람들한데 150불 160불씩 받았다고 했는데 이런 식사는 하지않았으면 한다.
그리고 분실물이 있는데 어디에다 신고해야 되는지요? 맥주와 멀티짹을 킌즈타운에 있는 호텔에 놓고 왔는데 맥주는 그렇지만 멀티잮은 어디에다 신고해야 되는지요?"
싱가폴,"최고로 즐거웠던 싱가폴 여행 With 산드라박 실장님:  싱가폴& 인도네시아 바탐 3박5일 여행 정말로 즐겁고 재밌었던 여행이었습니다.
  꽉꽉찬 일정에 아깝지 않은 시간이었구요 몇일 사이에 싱가폴을 다보고 온 기분이에요
  여행오신 분들도 다들 좋으신분 이었던거 같아요 그리고 박실장님과 인도네시아 가이드 배용준님
  두분 다 정말 친절하시고 따듯한 분들 이셔서 싱가폴과 인도네시아에 좋은 인상을 받았습니다.
  기회가 되면 싱가폴 꼭 다시 한번 더 가겠습니다 모두 행복하세요~
       "
싱가폴,"싱가폴,바탐섬 정말 좋은 추억을 남기고...:정말 재밋고 알차고 좋은 여행이었어요 가이드님들 짱!!!!!!!!!
25년동안 싱가폴에서 거주하셔서 너무나도 많은 지식과 에피소드를 들려주셔서 정말 지루하지않고 재밌게 구경했답니다
관광루트를 알차고 편하게 짜주셔서 힘들이지않고 잘 구경했네요
그리고 바탐섬 김삼식가이드님^^ 현지인인데 얼마나 한국말을 잘하시던지 참재밋고 유익했던 시간이었습니다
타여행사에서 몇번 여행을 다녔는데 가이드로 인한 스트레스가 정말 너무 커서 여행가기가 망설여졋엇거든요
이번 여행은 그런 스트레스없이 편하고 행복한 시간들이엇어요 딸과함께 너무나도 좋은 추억 많이 만들어갑니다
싱가폴과 바탐섬 꼭 다시한번 가서 가이드님들과 함께 여행하고싶네요 감사하고 수고많이 하셨어요 화이팅!!!!!!
노랑풍선여행사에서 또 여행많이 할게요~~~~
 "
싱가폴,"8월 20~24일 태국(파타야,방콕)싱가폴 여행:나 태어나서 우리나라 처음 떠나고 인천공항도 처음 가봄.(ㅋㅋㅋ)
출발 전 중요 소지품 분실 두려워 여권 하나 달랑 들고 출국!!(뱃장...뱃째라!!ㅋㅋㅋ)
결국 꼼꼼한 내 친구 비자카드, 선택 옵션 달라만 챙겨 친구 따라 태국 감.
그런데 믿었던 내 친구 결국 방콕 야시장에서 도난당함.ㅠ.ㅠ
우리 완~~전 초 맨붕(ㅠ.ㅠ) 우째 나한테 이런 일이..............
그 때부터 우리 태국 그~~지 됨.ㅠ.ㅠ
첫날,
오랜시간 비행으로 다들 피곤에 쩐 얼굴로 방콕 공항에 도착.
공항에서 현지가이드, 한국 가이드, 우리 팀 14분 만나 인사.
이재하 부장님 반갑게 인사해주셨는데 얼굴에 미소가 지어지지 않음.
방콕에서 파타야 가는 길에 투어 일정 업그레이드 추천!!
첨엔 다들 뭥미!! 반응....ㅋㅋㅋㅋ
나와 내 친구 머리에 주판 굴리기 시작....
아무리 생각해봐도 다양한 경험에 저렴한 가격.....급 땡김....
'저희 둘 합류할게요' 울 팀 하나 둘 동의하며
결국 울 팀 14분 전부 함께 업~~~그레이드 됨ㅋㅋㅋㅋㅋ
그 때부터 이재하 부장님 정신 줄 놓기 시작함.(단합된 팀 분위기로 인해)
파타야에 있는 동안 묵은 리조트!
생각보다 깨끗한 시설, 맛있는(?,태국 향신료는 감안해야함) 음식.. 만족!!
이재하 부장님 '돌아가실때 2킬로씩 찌워 보내주신다'고 엄포놈
호텔 도착 후 정말 각 객실로 망고스틴 1봉지씩 넣어주심.....
나와 내친구 너무 배불르고 피곤해 손도 못 대고 바로 꿈나라로~~
둘째날,
부장님이 제안하신 요트 투어 시작....
요트를 타고 핫사메 비치에 들어가 스노쿨링, 바나나보트, 제트스키, 요트 선상 낚시 등
멋진 바다에서 각종 수상레포츠 맘껏 즐김.
이재하 부장님 핫사메 비치서부터 사비 막 풀기 시작
사~롸있는 새우, 가재, 게 해산물 구이를 막 사주심...
내 삼십평생 맛 볼 수 없는 최고의 맛이었음.
황금절벽사원 관광, 코끼리트래킹 체험
잊고 싶은(?) 라이브 쇼 관람(요건 꼬~~옥 보셔야 함, 뭐라 말로는 도저히 설명이 안되므로.....)
한방 전통 맛사지를 즐김....유후...짱 끝내줌...몸이 노곤해짐....요것도 강력 추천...
오늘 일정 마치고 리조트로 돌아옴...시계를 보니 12시를 넘김....
이재하 부장님 또 팀마다 망고 사 주심.
나와 내 친구 '정말 왜 그러는 거임?? 진짜 부장님 돌+ I 다'  ㅋㅋㅋㅋ
셋째날, 태국의 마지막 날
라텍스 매장 방문 후 방콕으로 가는 길에 한인식당에서 비빔밥 사주심
아!! 그리웠던 고추장이여!! 진짜 맛있었음...5분 만에 먹은거 같음....ㅋㅋㅋㅋㅋ
왓포 사원 방문
갑자기 폭우 내리기 시작....
차에서 잠시 대기하기로 하고 비가 개기를 기다림
부장님 마이크만 잡으면 비가  더 옴...ㅋㅋㅋㅋㅋ
결국 현지가이드인 베가 구해온 비옷을 모두 입고 사원 안으로 입장
왓포 사원 구경 후 수상버스를 타고 짜오프라야강에 있는 아시아티크로 출~발!!
MK수끼!! 우리가 먹는 샤브샤브랑 비슷.....완전 먹을만함... 내친구 폭식함.
든든하게 배를 채우고 칼립소 쇼(게이쇼) 관람
라이브쇼를 보고 난 뒤라 좀 긴장 함... 왠걸 완전 재밌게 집중해서 봄
게이들이 세계 각국의 전통 의상을 입고 전통 춤을 춤을 추면서 스토리있는 공연을 보여줌
한번 쯤 더 보고 싶은 쇼이기도 함....
마지막 방콕 여행의 최고봉!! 발맛사지!!
발 맛사지라 발만 해줄줄 알았는데 왠걸 허벅지, 어깨, 등까지 완전 시원
거기 있는 현지 맛사지사 울 집으로 모시고 싶을 정도로 환상적임.
잘 시간에 되가는데 또 먹으러 가잔다...
태국에서 와인과 맛있는 피자(내가좋아하는 씬피자)를 먹을 수 있을거라고는 상상조차 못했다.
부장님 미쳤음.....
수키 먹은지 얼마나 됐다고 또 먹을걸 사주나 햇는데....깨끗이 다 비우고 나옴ㅋㅋㅋㅋㅋ
방콕 호텔로 돌아오니 오늘도 12시!! 정말 부장님 땜에 미치겄다....(좋아서...ㅋㅋㅋㅋ)
  넷째날
태국 안녕....
수완나폼 공항에서 싱가폴로 출발
    친구가 어제 고이 간직하던 가방을 분실해 우리 팀 거지 됨.....
이재하 부장님 우리 쓸 돈 없을까봐 돈도 빌려주시고 외상도 걸고..ㅋㅋㅋㅋ
보험처리 할 수 있도록 여러모로 신경 써 주심....
이재하 부장님 덕에 싱가폴에서도 재미있게 관광하고 고국으로 무사히 돌아올 수 있었음.....
부장님께 뭐든 드리고 싶었는데 돈도 없고...면세점에서 산것도 없고 해서
캐리어에 있던 우리의 비상식량(  컵라면...ㅋㅋㅋ) 부장님께 모두 드림(몇개 안되지만,...ㅋㅋㅋ)
  PS, 이재하 부장님
혹시 부장님이 이 글을 보실지는 모르겠지만....4일 동안 너무 고생하셨구요...
진짜 책임감 있게 아니 넘치게 저희 도와주셔서 첫 해외여행이라 긴장했던 저 덕분에 즐겁게 다녀왔습니다.
다시한번 감사드리고 진짜로 한국 오시면 연락주세요....맛있는 양념게장 사 드릴께요....
  혹시 태국 여행을 갈 예정이시라면 이재하 부장님 추천 드리고 싶습니다.....
 "
싱가폴,"NS홈쇼핑 싱가폴/인도네시아 촬영 후기입니다.:⊙일시: 2013년 8월 14일~ 8월 18일
⊙일정: 3박 5일
⊙여정: 인천-싱가폴-인도네시아/바탐(2)-싱가폴-인천
⊙현지날씨: 한국날씨와 비슷하며 낮기온 최대 32도
⊙환율: KRW 1 = SGD 875 // KRW 1 = USD 1115
  ■1일차 [8월 14일]
16:40 싱가폴항공(SQ609)으로 인천 국제공항 출발
22:00 싱가폴 창이 국제공항 도착
가이드 미팅 후 호텔 투숙
   싱가폴 에어라인 항공기& 기내모습(2-4-2 배열) & 기내식
-담요서비스, 헤드셋 제공합니다.
  주의! 에어컨바람이 세기때문에 추우실수도 있습니다. 긴팔 준비하시는게 좋습니다.
  HTL: ORCHID HOTEL 
주소: 1 Tras Link (Tanjong Pagar) Singapore
Tel :  65-6818-6818
총객실수: 272개
객실시설: LCD TV, 에어컨, 인터넷, 커피& 티메이커, 욕실용품, 헤어드라이어, 다리미& 다리미판
★WIFI 객실에선 유료, 로비에선 무료
   객실내부& 조식
-특이사항: 트윈룸 베트타입이 더블침대와 싱글침대 두가지로 셋팅되어있습니다.
  ■2일차 [8월 15일]
06:00~08:00 호텔조식 & 호텔 촬영
08:30~09:30 URA 촬영,보타닉가든
10:00~11:00 중식촬영
13:30~16:30 센토사섬 (케이블카, 수족관, 루찌, 머라이언 타워) 관광
16:30~17:00 페리터미널로 이동
18:00~19:00 호텔 룸 촬영후 석식
      URA [싱가폴 도시계획 개발청]: 모형진열/LED화면 싱가폴역사 안내 코너
보타닉가든: 싱가폴 식물원입니다. 산책을하시면서 호수에선 물고기/거북이 에게 먹이를 줄수도 있습니다.
센토사섬[케이블카탑승,수족관관광,루지-무동력 놀이기구탑승,머라이언타워-싱가폴 항구 전경 관람]
   중식: 몽골리안BBQ- 닭고기,소고기, 야채등을 큰 돌판에 볶아 밥과 함께 드시면
  HTL: HARRIS RESORT
주소: Harris Resort Batam, Waterfront City - Batam, 29422 Indonesia
총객실수 : 167개
객실시설 : 라디오& 위성TV , 커피&티메이커, 냉장고, 에어컨, 미니바, 안전금고, IDD전화기, 헤어드라이기
★WIFI 객실,로비 무료
   HARRIS RESORT는 구관/신관으로 건물이 나누어져있습니다. 위사진은 구간 객실입니다.
  ■3일차 [8월 16일]
07:00 호텔 조식& 호텔 전경 촬영
12:00~13:00 중식 후 [씨푸드 칠리크랩]
13:30~14:30 중국사원, 원주민마을, 나고야 시내
15:00~16:30 바탐 전신 마사지 촬영
17:00 호텔 룸 촬영 후 석식
   중식: 아마존 씨푸드 칠리크랩 -바다위의 식당에서 게요리를 맛보실수 있습니다.
        중국사원& 원주민마을 & 나고야시내
  ■4일차 [8월 17일]
07:00 호텔 조식
09:30 페리터미널로 이동
10:00~12:30 싱가폴로 귀환
13:00~14:00 중식 촬영 [스팀봇]
14:00~15:00 재래시장 촬영
17:00~20:30 머라이언 공원 촬영[머라이언상, 리버보트, 야경]
21:00~22:00 야쿤 토스트 촬영
00:10 싱가폴항공(SQ608)으로 싱가폴 창이 국제공항 출발
         싱가폴-인도네시아-싱가폴 이동하는 훼리 & 중식:스팀봇 & 머라이언파크의 머라이언상& 야쿤카야토스트
패키지 일정상 옵션으로 하실수 있는 리버보트.
  ■5일차 [8월 18일]
07:00 인천국제공항 도착
    여담으로 제가 가장 인상깊게 느꼈던 것이 마리나베이샌즈호텔의 야경과 머라이언파크 노을이었는데 사진같이 올려드릴게요. 너무 멋있죠?
  **제가 다녀온 출장은 8/31 NS홈쇼핑으로 싱가폴/인도네시아 상품 촬영 출장이었는데요 .이상품은 관광일정과 휴양일정이 적절하여 투어하는데 힘이 들지 않는 일정입니다. 너무 괜찮은 투어일정이니 많은 예약 부탁드리겠습니다.
감사합니다 ^^
   "
싱가폴,"7/27~7/31 싱가폴 여행 가이드 줄리아 언니덕분에 멋진여행이었어요^^:개인적으로 두번째해외여행 이어서 더많은 설레임을 안고 비행기에 올랐습니다,
훅~하는 열기와 함께 싱가폴공항에 내려서 우리의 18년경력에 빛나는 줄리아언니를 만나게되었죠~
낭낭하고 매력적인 코맹맹이 소리를 가진 우리의 줄리아언니^^ 우리버스인원 모두가 만족할수 있도록 신경써
주신점 넘감사드려요~타이트한스케줄인데 제시간출발과 늦지않은시원한버스^^~~~~~
소수로 인해 인도네시아 에서 기분이 나빳지만  오해를 삼은점도 있기에 여행의 마지막날엔 기분나쁜건 줄리아언니덕분에 떨쳐버리고 기분좋은 마음으로 멋진야경도 감상하고 분수쇼까지 넘멋져서 잊을수가 없네요
어제밤 비행기 배웅해주실때  붉어지신 눈시울~ㅜㅜ
정도 많이 들었었나 봅니다 .정말 수고 많으셨구요~한번또 뵙기를 바라며~이글을 마칩니다^^
 "
싱가폴,"싱가폴(+가든바이더베이)/말레이시아/인도네시아(바탐) 3박5일 (이민범 차장님 감사합니다):    4월 5일부터 9일까지 3박 5일 일정으로 싱가폴 연계 상품 다녀온 홍석호라고 합니다.
이번 여행을 통해 타국에서의 회사생활에 지친 저와 갱년기 등으로 마음 고생 심하셨던 어머님께 정말 소중한 추억 만들어주셔서 너무 감사하다는 말씀 전하고 싶어 이렇게 짧게나마 글 씁니다.
  특히 이번엔 가든 바이 더 베이가 추가된 상품으로 떠난 첫번째 팀이라고 하셨는데, 처음엔 식물원이라 큰 감흥이 없었지만 점점 오길 잘했다는 생각이 들었습니다. 그리고 마지막 날 스케줄이 조금 빡빡하긴 했지만 이번 여정 내내 수고해주신 이민범 차장님의 배려 덕분에 전혀 힘들지 않고 즐겁게 여행을 마칠 수 있었습니다. 마지막 날의 멋진 저녁 식사와 어우러진 싱가폴 야경은 제 생애 최고의 야경이었습니다. 일본에 가서도 힘내서 직장생활 할 수 있을 것 같습니다!
      인도네시아 바탐섬에서 한국 노래 불러주랴 짐 날라주랴 저희들때문에 고생하시고 항상 재미있게 분위기 띄어주신 현지 가이드 태진아님께도 이 기회를 빌어 감사의 말씀 전합니다. 우리나라 와보고 싶다고 하셨는데 꼭 한 번 한국 오게 해주세요.
  일정 내내 처음부터 끝까지 싫은 내색 한 번 안하고 저희들 늘 챙겨주신 이민범 차장님께도 정말 감사드립니다. 특히, 창이공항에서 헤어질 때 출국 심사 받고 저희 들어갈 때까지 안 가시고 멋진 미소와 함께 손 흔들어 주신 모습, 모두들 잊지 못할 겁니다. 그런 가이드님은 처음이었기에 감동은 더 했습니다.
  마지막으로 이 글 보실지는 모르겠습니다만, 함께 했던 일행 여러분들께도 늘 활기차고 즐거운 분위기 만들어주셔서 감사드립니다. 어머님께서 여러분들 덕분에 정말 즐거워하셨습니다.
  저희는 다음번에도 노랑풍선으로 여행 갈 생각입니다. 다음에도 잘 부탁드립니다~"
싱가폴,싱가폴을 다녀와서:오랜만에 노랑풍선 여행사에서  싱가폴 인도네시아  말레이시아를  다녔왔는데  하루 하루 알찬 프로그램과  나라마다 배정된 가이드가 전부친절하고 음식도 맛있어서  굉장히 신이난 여행이었습니다.  사무실에서 동료들과 여행이었는데 서로서로 배려하고  챙기게 되어  다녀온후  화기애애한 분위기로 바뀌어서  활기차게  열심히 일을 합니다. 벌써부터 다음 여행 할 생각에 입가에 미소가 번집니다. 또 노랑풍선을 선택할것 입니다
싱가폴,"꿈같은 싱가폴 여행을 마치며~~~:드뎌~ 3박 5일의 여정간의 짐을  푼 우리의 copthorne orchid 호텔입니다

6층 짜리 단아한 건물로 3층부터는 복도에서 하늘이 보인답니다.. 와우~~

싱가폴 고고씽~~~



서울서 6시간 뱅기로 날아간 싱가폴 에서의 첫째날, 일행들은 올해 초 처음으로 개장한
유니버셜 스튜디오에 갔답니다... 우린 그곳에서 - 허리우드/뉴욕/SF 시티/고대 이집트/잃어버린 세계
-파파어웨이/마다가스카 이렇게 7관을 구경할수 있었는데요... 인간의 한계가 대체 어디일까 싶었답니다.

동경과 LA 에 유니버셜스튜디오가 있다고 하던데, 그 웅장함과 견고함이 미국이나 일본 못지않은것이
감탄, 또 감탄사를 연발하던 시간들이었습니다...

또 한편 싱가폴 유니버셜 스튜디오의 대각선 맞은편에 자리잡고 있는 센토사섬은
마치 개인소유로 정갈하게 만들어진 정원의 느낌이었는데요, 동남아 중의 도시국가에 속하는 나라라지만,
어느 선진국가에 견주어도 빠질것 없는 당당한 자태로 관광객들의 발걸음을 끌고 있더군요..^^*

곳곳에 재활용품으로 만들어진 조각품들은 정말 일품이었습니다.

조금더 감상하실까요?? ^^*


그외 쥬롱새공원, 국립식물원, 나이트 사파리, 차이나타운, 머라이언 관광등

너무 멋진 관광명소를 돌아볼수 있었답니다.

특히 싱가폴은  LADY FIRST 인 나라로, 여자들과 아이들 교육하기에 더없이 좋은 환경이란것이
가장 큰 매력으로 다가오더라구요..

많은 사진컷을 다 올려드리지 못해 죄송하구요... 여러분들도 기회되시면 싱가폴에 함 가보세요~

동서양의 문화를 동시에 느끼실수 있으실겁니다~~~

여행이란, 나와 남을 개선하기 위한 것 이라는 문구를 어디선가 본적이 있습니다만,

그 의미를 깊이 생각해볼수 있었던 귀한 시간이었습니다.

여행을 통해서 즐겁고, 소중한 시간 가질수 도록 도와주신, 노랑풍선과 직원분들께 감사드려요~~~"
싱가폴,"싱가폴 권혁준 가이드님 홧팅:싱가폴여행을 이번 이 3번째라서 별 기대없이 

친구들 환갑여행을 싱가폴 반탐 말래이시아로  결정하여

함께하게 되엇음

지닌날 다 구경하고 별거 아나라 생각 하였는데

싱가폴 현지 가이드 권혁희 부장님과의 만남이

생각을 바꾸게 하여 여행이 의외로 즐거웠 읍니다

친절하시고 우리 노인네들 기분을 잘 마춰주고

가는곳마다 화장실 챙겨주고   인상 찌푸릴일도

미소로 답해주시는 여유로움에 우리팀들이 매우 즐겁고

끝까지 최선을 다하시는걸 보구 매우 감동 받았읍니다

또한 인도네시아 현지인 홍길동 가이드님 정말 감사드림니다

한국말을 너무 잘하시고 친절한 미소에 매우 감명 받았음니다

다음에 또 가게되면 두분 권혁희 부장님과  홍길동님을 만나 보고 싶어요

그때도 사랑스런 미소 볼수 있겠지요   감사 감사

샬롬회원을 대표해서 회장 김기옥"
싱가폴,"싱가폴 바탐 팜스프링스 C.C & 바탐 뷰 비치 리조트 소개:싱가폴 바탐 팜스프링스C.C & 바탐 뷰 비치 리조트
  싱가폴에서 훼리로 25분거리 위치한 바탐은 연평균 기온이 20~30도로 바닷 바람이 불어와 항시 최적의 기온을 유지하고 있습니다.
한국인 임직원이 항시 상주하며 관리하는 바탐의 유일한 27홀 코스인 팜스프링스 C.C 와 그렉노먼이 설계한 터링베이 C.C 는 뛰어난 레이아웃과 자연 친화적인 코스를 바탕으로 한폭의 그림같은 바다를 배경으로 멋진 샷을 구사 할수 있으며 골퍼들에게 모험과 도전을 선사할 것입니다.
또한 바탐 뷰 비치 리조트는(준특급)  다향한 부대시설과 각종 해양 스포츠가 가능하며 바탐 도심과의 거리가 가까워 시내관광이 용이하고 바탐의 일정 후 싱가폴 관광으로  또다른 재미를 느끼실 수 있습니다.
  (바탐 뷰 리조트 동영상  ->
 http://www.batamview.com/Web/main.aspx?ID=,b5307a8e-09e1-43f3-947e-86139ed76008_)
   - 팜스프링스 & 바탐 뷰 리조트의 장점 -
*한국인 임직원 항시 상주
*한식 주방장과 찬모가 있어 한식을 제공하여 식사의 불편함을 최소화
*20~30도의 평균기온 바닷바람으로 인하여  최적의 기후조건
*다양한 관광과 볼거리(바탐 관광, 싱가폴 관광, 해양 스포츠)
*골프장과 리조트의 높은 그레이드 대비 저렴한 요금
                                         "
싱가폴,"아름다운 도시국가 싱가폴:삶이 지루하고 답답할때 여행을 꿈꾸게 된다.
이번 여행은 형부,언니, 친구같은 외숙모 그리고 우리 친구들..
이렇게 9명이 한단체가 되어서 떠났다.
어떨까 싶어서 약간 걱정이 앞서기도 했지만
모두들 즐거워해서 너무 기분이 좋은 여행이 되었다.

진작에 예약을 해놓고 가방을 챙기고 미리 공부도 하고
설레이면서 이렇게 여행은 시작된다.

첫째날.
대구에서 리무진을 타고 인천대교를 지나서 공항에 도착해
약 여섯시간이 걸려서 싱가폴 창이 공항에 도착했다.
현지 가이드를 만나 조호바루로 이동한다.
밤이었지만 나무들이랑 거리들 너무 깨끗한 느낌을 받았다.
한 밤중 버스를 타고 국경을 넘는다.
날씨는 후텁지근하게 더웠지만
건물안은 어느 곳이든 에어콘이 빵빵했다.

둘째날



원주민 마을에서 민속춤을 공연하는 원주민과 함께.



술탄원궁



두나라가 한꺼번에 보인다.
바다건너는 싱가폴, 이쪽은 말레지아



다시 싱가폴로 이동 주롱새공원
너무도 잘되어있는 조경들.. 아름답고 눈이부신다.
새들의 천국인가 싶은데 그건 우리들만의 생각인가?
나무위로 높이 그물이 쳐져있다. 새들에겐 감옥일까?



새들과 함께



새들의 쑈






싱가폴 플라이어 2008년에 개장한 165m 높이 365도 회전 관람차
싱가폴의 아름답고 웅장한 건물들이 한눈에 보인다.



우리나라 쌍용건설이 지었다. 휘어지는 공법으로 누구도 할수없다고 했다는 건물을 우리의 쌍용이 해냈다니 정말 대단하다 세개의 건물을 올려서 옥상을 이어서 하늘정원을 만들었다.
그것도 싱가폴에서 가장 중심지인 핵심 은행가 세계 150여개의 은행들이 모여있고
각기 다른 모양들로 뽐내는 건물이 밀집해 있는곳에 우리의 현대건설, 쌍용건설이 의젓하게 자리잡은
모습이 정말 자랑 스럽다.






스카이타워에서 내려다본 전경, 비가 갑자기 내렸다.








보타닉가든



훼리로 약 50분소요 바탐섬으로 이동
그곳에서 유디(일명 원빈)이라는 현지인 가이드를 만난다.
한국말이 유창했고 눈이 아름답고 빛나는 유쾌한 기분 좋은 사람이다.
우리보다 더 많이 한국을 알고 있는듯했고 열심히 공부하고 노력하는 모습이 아름다워
보였다. 아무튼 그로인해 이번 여행은 더 즐거웠다.
우리 모두 오랫동안 그를 기억할것이다.
한국인 관광객과 함께 오늘도
이브자리 까르르르~~~
좀발라기 까르르르~~~ 를 왜치면서 유쾌하게 웃고 있을것같다.
여행길에서 좋은 사람을 만난다는건 즐거움이 배가된다.
다음 여행길에서도 좋은 사람들을 만나길 소망해본다.

셋쨋날



원주민 마을의 이장집




마을의 결혼식장이다.








마을 관광후 받은 인도네시아 전통 맛사지는 혼신의 힘으로 정성껏 온몸의 피로를 말끔이
씻어 주었다.
이맛사지에 매료되어서 그 다음날도 우린 맛사지를 받았다.
호텔도 너무 좋았고 이날은 정말 편안하게 잘수 있었다.

넷째날



싱가폴을 상징하는 멀라인언상



두리안을 본따 만든 건축물


보타닉 가든



망고는 달콤하고 맛이 있었다.



두리안 과일의 왕이라는 두리안을 안먹어 볼수 있냐면서
먹었다가 그 고약한 냄새에 우리모두 기절할뻔했다.
이맛도 익숙해지면 아주 좋아하게 된다나? 과연 우리도 그렇게 될수있을까
의심스럽다.



재래시장 , 살아가는 모습들은 다 비슷하다.
이렇게 미지의 세계를 만나고 또 다른맛과 마주치고
또 어떤 사람들을 만날까? 우리와는 또 다른문화, 환경 이런것들에 대한 설레임
이런것들이 여행의 묘미가 아닐까싶다.



센토사섬 스카이타워에서 본 가리지날 멀라이언상



360도 회전을 하면서 100여미터까지 올라간다는 전망대 싱가폴이 한눈에 보인다.



자원하나 없는 이 작은 땅덩어리에서 국민소득이 그렇게 높은 이유중의 하나 항만세.
바다에 정박해 있는 배들이 엄청많다.



뒷쪽으로 스카이타워



리버보트를 타고 싱가폴 강줄기를 따라 야경이 너무 아름답다.
낮의 모습들과는 사뭇 다른 느낌이다. 강주변을 따라 노천까페. 식당가들이 즐비하다.
더운날씨탓에 야행성인가? 낮보단 훨씬 많은 사람들이 붐빈다.
귓등을 스치는 강바람이 상쾌하다. 언제 다시 이곳을 와볼수있을까 아쉬움을 뒤로하고
싱가폴 창이 공항으로 향한다.

부족한 나를 믿고 이 여행을 선택해준 우리 일행이 고맙고
역시 실망시키지 않고 또 함께 여행을 계획하고싶게 해준 노랑풍선에 감사 드립니다.
이제 이여행의 여운이 사라질때쯤 또 다른 여행을 도모하고자 합니다."
싱가폴,"자유여행의 천국 싱가폴 자유여행기:늘 한번쯤 가고싶었던, 티비에서만 봐오던 싱가폴자유여행으로 가도 전혀 어려움이 없을꺼란 얘기에 큰맘먹고 절친과 떠난 싱가폴 자유여행,,스타트.ㅋ

우리를 태운 아시아나항 뱅기..우리를 부디 싱가폴까지 안전하게 데려다 주렴.

16시 출발로 약간 배가 고파진 우리..때마친 나와준 기내식이다. 볶음밥에 고추장을 살짝 비벼 먹으니.제법 맛있다.
고고싱..드디어 싱가폴 도착..우린 택시비라도 아끼기 위해 공항에서 호텔까지 지하철(MRT)을 이용하기로 했다,.입국심사 후 짐까지 찾고난 후 MRT  표지판만 쫒아가니 지하철이 나오다.

MRT노선도..우리나라에 비해 노선이 굉장히 심플하다.찾기도 쉽고..지하철 표끊는것 또한 우리나라 지금과 비슷하여무지 쉽다. 목적지선택 - >인원선택 -> 돈투입 -> 티켓받고, 거스름돈 챙기면 끝~~

PENISULA HOTEL...우리가 묶은 호텔이다,MRT CITY HALL역에 위치해있다..찾아가기도 쉽고 래플즈 호텔도 가깝고 보트키, 클락키도 가깝고...정말 호텔 초이스는 탁월했따..
역간의 거리도 짧아 왠만하게 위치만 파악하면 주변왠만한 관광지는 모두 걸어서 이동도 가능하다.

2일째 일정은...보타닉가든, 주롱새공원, 나이트사파리(여긴 약간 도심에서 멀다..
MRT 북쪽으로 쭉 올라가다보면초아추강역에서 하차, 역에서 나오면 버스정류장이 바로있는데 행선지를 모두 적어두었다,그중 나이트사파리 써있는것을 타면 OK.)각 관광지 사진은 거의 인물사진이라 패스..너무도 유명관광지이니..ㅋㅋ 패스하겠습니다,
3일째는 센토사섬 관광...
언더워터월드 ,멀라이언파크,돌핀라군, 저녁에는 음악분수쇼까지..센토사섬 내 순환버스를 이용하여 여기저기 다니다 보면 이미 하루가 다 가고. 아쉬움만 남게될것이다.후회없이 부지런히 다니자~!
마지막 4일쨰 호텔조식 후 9시 체크아웃..공항가기전까지 호텔에 짐을 맡기기위해..움찔대다 배기지? 한마디했더니만.바로 가방을 가지고 간다. 그리곤 확인 택 하나를 준다.ㅋㅋ 영어 못해도..문제 절대 없음.ㅋ이후 싱가폴 시내관광 시작..오차드로드, 리버보트, 클락키, 래플스호텔, 차이나타운, 리틀인디아까지..바쁘다 바뻐..그중 리버보트는 가장 추천코스중 하나다..
리버보트 노선도..30분짜리와 1시간 짜리가있다..코스별로 다양한 편이다.우린 1시간같은 30분을 탔다.
바람도살랑살랑 불고..보이는 광경도 멋있고..좋다좋다~
리버보트를 타며 보이는 클락키 낮 풍경..밤에는 너무너무 재미있는 곳으로 바뀌는 클락키..
다시가고싶네~^^
3일동안 밤낮없이 정말 정신없이 다녔던 싱가폴..교통편리, 치안안전, 볼거리먹을거리 풍부한 싱가폴...
역시 자유여행의 천국이다.ㅋㅋㅋ

민서니의 싱가폴 자유여행기 끝~!!!"
싱가폴,"싱가폴 말레이시아 인도네시아바탐:싱가폴은 한번가볼만한거같더군요 다만일정이 너무빡빡하고 100불짜리 옵션은 가격의가치를 못하는느낌입니다.

말레이시아는 말그대로 발만담그고온거구..

가장편하고 여유있고 즐거웠던곳은 인도네시아 바탐입니다

특히 갑돌이 가이드님이 센스있고 잘웃으시고 하니까 부모님도 매우 좋아하시더군요

다음달에 한국온다던데 한국에서도 좋은경험하시길 기원합니다^^

안가보신분들은 한번씩가보세요~

아..그리구 쇼핑팁을드리자면 인천공항에서 사가는게가장좋지만 싱가폴법도그렇고 짐되기쉬우니깐

담배는 창이국제공항에서 나오실떄 구매하시고 술은 비행기에서 사는게 싼거같더군요

다만 술의종류가 몇개안되지만 로얄살루트,죠니워커 블루골드 요런거는있습니다.."
싱가폴,"싱가폴 빈탄 라군리조트 강추:싱가폴은 배울게 많더군요. 우리나라 서울과는 대조적으로 도시가 깨끗하고 나무와 숲이 많더군요. 우리나라의 그린벨트와는 다르지요. 곳곳에 공원과 나무가 주택과 어우러져 있는 것이 차이점이라고나 할까요. 타워펠리스앞의 그 삭막함이 싱가폴에서는 느껴지지 않는 것은 그 큰 빌딩들 사이에도 나무가 있기때문입니다.



어쨋든 싱가폴은 그런 점에서 배울 게 많고 빈탄은 정말 쉬기에 적당하더군요,.

라군리조트 빈탄에서 최고는 아니더라도 정말 만족할 만 합니다.

쓸데없이 가이드에 이끌려 다니지 않아도 되고 호텔에서 마음껏 쉴수있다는 것이 참 행복했습니다.

3끼 다 호텔식도 정말 만족할 만 하더군요. 2박을 라군지조트에서 했는데 올 때 정말 오기 싫었습니다.

보드라운 모래가 발가락 사이에 꿈틀대는 해변가는 라군리조트 안에 있어서 정말 환상적이었습니다.



다음에 꼭 다시 한번 가보고 싶은 곳입니다"
싱가폴,"싱가폴 여행을 마치고:싱가폴 자체가 좁은 면적을 지닌 나라라 큰기대는 하지 않았지만 낮에도 머라이언공원 저녁에도

그공원 내내 가서 보면 같은 곳만 반복해서 가게되니 속은 느낌 지울 수가 없다.

버스타고 가고 지하철 타고 가고 케이블카 타고 가고 이동 방법만 다를뿐 목적지는 한 곳.

어이가 없었다. 이리도 볼 게 없는 싱가폴이였던가하고.

그러니 괜히 삼개국 갑네 하고 볼 것 없는 조호바루는 괜히 가서 출입국하는 데에만

한나절 완전 소비하게 하고...

인도네시아도 뭐 볼거 없는건 마찬가지고.

가이드는 한 20년을 했다는데 닳고 닳아서 깔끔한 걸 지나쳐서 약삭빠르고

기분나쁘게 손님들에게 은근슬쩍 반말투로 얘기하고.

센토사섬 들어갈 때 케이블카 고장으로 그 높은 공중에 한 10분을 매달려서 떨었는데도

내릴때도 아무런 설명도 없이 당연하다는듯이 가만이 있고.

（우리나라같음 뉴스에 나올 기사거리인데）

식사도 몽골리안 바베큐니 스팀보트니 이름만 화려하지 완전 거지밥상이였다.

우리나라로 치면 5000원짜리 한식부페같은 곳이라고나 할까.

그런 초라한 곳에서 밥을 먹자니 우리나라 마키노차야같은 해물부페 생각이 얼마나 간절하던지...

뭐 누이좋고 매부좋고 저렴하게 이용하자고 패키지여행 선택하는거니 뭐 별 할 말은 없지만

관광요금 55만원외에도 가서 필수로 해야되는 옵션등을 다 더하면 결국 100만원돈.

그러고도 호텔도 특급호텔도 아니고 먹는것도 허접하고

저녁 야경을 보는 보트타는 것도 거기 써있기는 요금이 13불이던데

이래저래 100불 받고도 가이드 기사팁 다 따로 챙겨줬는데도

나중에 비행기 타러 공항 가는 버스안에서 물건을 팔면서

기사팁이라고 부담을 줘서 안살 수 없게하고...

뭐 이런거 다 싫으면 패키지 여행 안가면 되지라고 하겠지만

100만원이나 드는 여행인데 웬만하면 좀 즐겁고 알차게 기분좋게 다녀오게 해주면 안되나요?



추신:너무 단점만 얘기해서 좀 그렇긴한데 인도네시아에선 나름 음식도 그렇고 괜찮았답니다.

아무래도 싱가폴보단 물가가 싸서 그랬는진 몰라도 음식점들이 싱가폴보단 훨 나았습니다.

가이드도 정이 가는 순박한 사람이여서 더 좋았고

좀 비싼 매장 권해도 되는데 하고 생각될 정도로 10불 정도 가격의 커피판매하는 곳만

방문하게해서 부담을 안주더군요.

물론 싱가폴 가이드도 나름 열심히 최선을 다한 것 같긴한데

약간의 부족한 점이 글을 쓰게 했네요. 참고해 주시면 감사하겠어요."
싱가폴,싱가폴 다녀와서:넘좋은 곳을 지정해주셔서 정말 감사합니다
싱가폴,"홍콩/싱가폴 여행:가족끼리 여행이라 걱정 마니 했는데

가이드님들도 모두 좋으시고 여행도 대체로 만족합니다."
싱가폴,"싱가폴.말레이시아.인도네시아 여행:초등학생 아들과 단둘이 간 여행......

울 아들에겐 세관 통과. 면세점 이용. 공항 이용에 관한 확실한 공부를 단 시간 내에

습득 할수 있는 너무나 좋은 기회였고 여행이었다."
싱가폴,"싱가폴-cms화장품 사기네요.:싱가폴 여행하고 좋은 기억만 하고 싶지만

100% 좋진 않습니다.



먼저 분명 4박 5일 여행상품였는데 갔다오니 3박 5일 이더군요.



그리고 다른 여행객들은 해변에서의 자유시간을 즐기며 카누와

수영을 했다는데 우린 바다 구경이라곤 인도네시아 들어갈때 배탄것 밖에 없네요.



여름상품에 왜 해변자유시간이 없답니까? ㅡㅡ;;



그리고 싱가폴에는 거의 면세상품이라 우리나라에서 만든 티비도

한국에선 150마원하는걸 싱가폴에는 50만원에 살 수 있다 들었습니다.

물론 약값도 1/3 가격밖에 안한다더군요.



그런데 제가 산 cms화장품은 왜 한국보다 비싸답니까?



화장품을 사고 친구들한테 말하니 완전 바가지 썻다고 하더군요.

EGF랑 레티놀 두개 샀는데 미국달러로 약 250달러 계산했고

싱가폴 달러로 341달러 계산했습니다.



그런데...

한국에서 제일 비싸게 파는 인터넷 쇼핑몰도

EGF 12만원이면 사고 사은품도 피부가 지성이면 지성라인 샘플 4단계 주고

15만원 이상이면 비비크림에 20만원 이상이면

싱가폴에 비치되어 있던 흰색 악어가죽스타일 가방도 주더군요.

피부과에서 사면 EGF크림 8만원이더군요.

차라리 피부과에서 케어한번받고 크림 사는게 이득이겠어요.



ㅡㅡ;;

제가 받은 사은품 다 합쳐봤자 한국에서 산 가격에 미치지도 않네요.



분명 싱가폴은 관세가 거의 없어서 한국보다 싸다 했거늘..

왜 이렇게 비싸게 판답니까?

도대체 얼마를 남겨먹는다는건지.. 나 원참~!



싱가폴에서 파는 화장품 우리나라에서도 파는데

싱가폴에서 좋은 말씀 듣고

한국에서 사세요.



뭐..이런 문의를 하니까 cms - 성분이 틀리다하고

다른건 가격이 같다 하네요.



말도 안되는 변명을 늘어놓다니...어이 없습니다."
싱가폴,"싱가폴/말레이시아/인도네시아:7월26일 싱가폴/동빈탄/말레이시아5일 상품을 다녀온 여행객입니다.

성수기라 많은 사람이 몰릴줄 알았는데 노랑풍선에서 함께간 사람은 총7명이였다.

나와 내일행3명과 다른곳에서 온 3명 총 7명.

우린 인원이 적어 봉고차를 타고 이동했다.

큰 버스를 타고 이동하는것 보다 가이드님이랑 가까이 있고 다들 금방 친해질 수 있는 더 좋은 경험

이었다.

첫째날은 저녁에 싱가폴 창이공항에 도착해 바로 차를타고 말레이시아로 이동했다. 40분정도 소요

호텔에서 하루자고 그렇게 하루를 보냈다.

둘째날은 말레이시아 회교사원과 원주민마을을 구경하고 싱가폴로 귀환.

패키지 여행인데 자유여행처럼 MRT도 타고 2층버스도 탑승했다.

그나라의 교통수단을 경험해 보는 좋은 시간이였다.

점심을 먹고 오차드로드 시내관광을 했다.

역시 싱가포르는 쇼핑의 도시. 여자들은 눈이 막돌아간다.

시간이 부족해 쇼핑을 즐길만한 여유는 없었다.

또다시 인도네시아 동빈탄으로 이동... 배를타고 1시간30~40분 정도 이동했다

인도네시아도착 가이드가 마중나와있었다.

차를 타고 호텔로 이동후 짐을풀고 저녁엔 호텔 수영장에서 여유를 즐겼다.

셋째날 드디어 기다리던 해변에서의 시간....

너무 기대했었다.

수상가옥과,초등학교를 방문후 비취로 이동~

3시간정도 자유시간이였다.

카누를 타고 물놀이도하고 사진도찍고...

여기 해변엔 우리 7명이 전부였다. 이해변은 한국인 전용 해변이란다.

다른사람들이 좀 있었음 했는데 나름 우리끼리 편하게 휴식을 취할수 있었던거 같다.

음... 해변은 생각했던거보다 맑고 이쁘진 않았다.

해변을 기대한다면 필리핀을 추천하고싶다.

그리고 우리가 간 해변에선 레져스포츠를 할수가 없었다.

그런걸 기대하고 갔던터라 조금의 아쉬움은 남았지만 즐겁고 편안한 시간이였다.

물놀이후 아로마 마사지 1시간30분정도 받고 저녁을 먹은후 휴식.

넷째날 아침일찍 서둘러 배를타고 다시 싱가포르로 이동~

너무 이른시간에 분주하게 움직인 터라 배에선 계속 잠을 잤다.

싱가포르 도착후 가이드를 다시 만났다.

마지막 일정이란 생각에 아쉬움이 가득했다.

싱가포르의 대표 센토사섬,멀아이언상,클라키거리 정말 잊을수가 없다.

하루의 시간만 더 있었더라만 하는 생각이 머리속을 맴돌았다.

싱가포르의 야경 정말 멋있다.

다시한번 꼭 가고 싶은 나라다.

이번 여행은 3개국을 다니느라 왔다갔다 조금은 힘든 여행이였지만..

각국의 다는 아니지만 특징적인 것들을 볼 수 있는 좋은 기회였는거 같다.

노랑풍선과의 두번째 여행...

이번에도 만족^^"
싱가폴,"ㅇ ㅏ이 럽 싱가폴^^:일을 그만두고 제일 먼저 해야 할 일 _여행!!



홍콩? 싱가폴?? 고민을 하다가...

동양과 서양의 만남이라는 싱가폴로 결정!!

ㅈ ㅏ유 여행이라 일정을 짜기 위해 싱가폴 정보를 여기저기서 검색했지만,

시간도 부족했고, 싱가폴에 대한 정보도 그닥 많치가 않았는데,,,



담당자분께서 보내주신 일정표를 받ㅇ ㅏ보고,

설레이는 싱가폴 여행을 시작했습니다.



아침부터 높은 습도에 후덥지근한 날ㅆ ㅣ었지만,

도시전체가 깨끗하고 아기자기하게 정돈 되어 있어 도시 곳곳 볼거리도 많고, 특히 여기저기 이쁜색들을 가진 건물들이 싱가폴을 참 스타일리쉬한 도시로 만들어 낸 듯하다.



짧은 일정이라서 그냥 지나칠까 했던 <센토사>는 담당자의 적극적인 추천 일정!!

센토사에서의 일정은 한마디로 마냥 즐거움!!

꽤 넓은 곳이라 돌아다니기 힘들거라 생각했지만, 버스부터 비치트레인을 무료로 이용할 수 있어 편하고 신나게 줄길 수 있는 곳이다.

센토사에서의 예상치 못한 선물 하나...

비치 스테이션에서 하는 ""songs of the sea′는 다른 레이져, 분수 쇼하고는 전혀 ㄷ ㅏ른 상상 ㄷ ㅓ 이상이다.

그리고 실로소 비치, 트라피자ㅇ ㅔ서의 맛있는 저녁식사와 이국적인 느낌이 강했던 바닷가는 여전히 그립다.



래플즈 시티 주변에서는 화려한 쇼윈도에 정신없이 ㄷ ㅏ니다가 넘어질뻔도 하고...

부족한 영어로 길을 물어도 친절하게 대답해주었던 새로운 만남들...

짧은 여행이었지만. 상상보다 아름다웠던 싱가폴.



노랑풍선을 통해 떠났던 이번 여행_너무너무 좋은 추억 만들었습니다."
싱가폴,"싱가폴-정글 늪지대:Pulau Ubin



이른 아침 동이 틀 무렵, 수탉이 울며 아침을 맞이할 때 코코넛 야자나무 그늘 아래 옹기종기 모여 앉아 향기로운 커피와 웃음이 피어오르고 뜨거운 햇살이 중천에 떠오르면 200여명의 주민들은 방문객을 맞이할 준비를 한고 있습니다.



오고 가고 또 오고 뜨거운 태양이 석양 놀에 등을 지고 나면 님을 찾아 헤매는 지빠귀 새(Straw head bulbul-Nightingale류 새)의 울음소리와 함께 Kampong(시골) 마을 사람들은 깊은 사랑 속에 잠이 듭니다.



어머니의 품안에 잠들 듯 포근함이 넘치는 시골 풍경, 매혹적인 섬으로 70년대의 싱가폴 모습입니다.



1. 위치

싱가폴의 동북쪽 연안이다.



2. 면적

1019 핵타아르이다.



3. 모양

약1.3 ~ 1.7km의 폭으로 꼬불꼬불 모서리가 뾰쪽하게 튀어나와 있으며, 제일 긴 폭의 길이는 8km 정도이다.



4. 높이

제일 높은 지점(Puaka Hill)은 해발 75m이고 큰 화강암으로 되어 있다.



5. 주변 섬

남쪽에 위치한 작은 섬들은 Pulau Ketam과 Pulau Sekudu 섬 등이 있다.



6. 이름 유래

화강암 채석장이었기 때문에 ′Stone Mountain 섬′이라고도 불리어졌으며, 말레이어로 Pulau""는 섬, ""Ubin""은 빛나는 돌 - 즉, 화강암이라는 뜻이다.



7. 주민 인구

약 200명이다.



8. 주민 생계 수단

지난 과거 한 때에 이 화강암 광업은 새로운 이주자와 다수의 시골 사람들의 좋은 생계 수단 현재 주로 여행객들을 맞이하고 있다.



9. 연못

길을 거닐다 보면 야자나무가지 사이로 수정처럼 맑은 호수를 발견할 수 있는데 마치 선녀가 목욕하기 위해 내려오는 신천지 같은 느낌이 드는 이 곳은 화강암 채석장이다.



10. 배경

시골 적인 모습과 천연 열대 우림, 그리고 도시 속에 찌든 스트레스를 깨끗이 씻어 주듯 맑고 맑은 호수 등 끝이 없는 자연스러운 자태는 많은 관광객들을 유혹하고 있다.



11. 생태

갓 태어난 작은 물고기, 식용 새우 그리고 갖가지의 바다 게와 각양 각색의 물고기들은 Mangrove 나무 뿌리 사이로 해안선을 따라 펼쳐져 있다.



12. 농장

해안선에서 안쪽의 숲 속에 고무나무 농장, 코코넛 야자나무 농장, Durian, Rambutan 그리고 Chempedak 등 농장들이 있다.



13. 하이킹

정글 숲 속의 천연 열대 우림과 Kampong 마을을 즐기기 위해선 트레킹과 바이킹으로 둘러보기에 안성맞춤이다. (보트가 도착되는 마을 입구에 자전거 임대 및 봉고차도 대기하고 있음)



14. 휴식처

계속적인 방문객들의 발길이 이어지자 편의 시설을 위하여 산책로에 화장실과 휴식처가 새롭게 갖추어져 있다.



15. 단체 방문

특히 단체 방문객들이 야영을 하면서 하이킹, 보물찾기 그리고 탐험을 즐기기에는 이상적인 장소라고 말할 수 있다. (국립 공원국에 텐트 문의)



16. 매력적인 유혹

유혹거리로 새나 야생동물 찾아 카메라 앵글 속에 잡아넣는 취미를 맛 볼 수 있다. 정글 닭(Red jungle-fowl) 날아다님. 코끼리가 조호바루에서 수영으로 건너왔던 곳이다(지금은 없음). 1997년에 호랑이가 나타났다는 소문에 조사해본 결과 그 때부터 호랑이는 더 이상 존재하고 있지 않았다.



17. 편의시설

편의시설로 공중 화장실, 트래일, 캠핑장, 자전거 렌탈, 휴게소, 안내소, 해양 스포츠 센타 등이 있다.



18. 숙박시설

Chalets 숙박시설들이 완공 되어가고 있다. (현재 방갈로 및 민박)



19. 별도 취미활동

취향에 따라 Bird-watching, Camping, Cycling or biking, Dining, Fishing, Kiteflying, Trekking & nature walks 등의 활동을 즐길 수 있다.



20. 가는 방법

시내에서 SBS Bus No.2 또는 No.29 을 타고 Changi Point Bus Interchange에서 내려 Changi Point Jetty로 찾아 내려가 Bum Boat를 타고 15분 정도면 이 섬에 도착된다.



21. 운항 시간 및 요금

작으면서 낭만적인 Bum Boat는 오전 6:00부터 저녁 9:00 오후까지 운항 승선비용은 $2이며, 자전거를 실으면 $2 더 추가 정원이 12명임으로 승객을 채울 때까지 기다리고 싶지 않으면 $24 지불하면 된다.



22. 안전 수칙

안전을 위하여 개인이나 단체 등은 국립 공원부(National Parks Board)에 문의하여 사전의 안전 사고를 예방하는 것이 좋다.



(안전수칙)

~ 도로의 바이킹이나 산책을 할 때 반드시 좌측 통행

~ 화강암 채석장, 연못, 강 그리고 경사진 바닷가 등에 가까이 가는 것은 위험

~ 바이킹 하기 전 반드시 자전거의 이상유무를 확실히 확인

~ 내리막길에 예기치 못한 사고가 자주 일어남으로 빠른 속도의 내리막길 위험

~ 공중 화장실 물, 냇물, 옹달샘 물 등은 적합한 식수가 못됨

~ 야생동물에게 먹이를 주지 말 것이며 괴롭히거나 잡거나 죽여서도 안됨(벌금 및 구형)

~ 위험한 말벌이나 벌집 등을 조심하고, 그들로부터 공격을 받았을 때 안전한 곳으로 멀리 대피

하여 국립 공원국에 그 위치를 통보하시기 바랍니다. (국립 공원국 Hotline 전화 : 6542-4108)



23. 특별 자원봉사 활동

새로운 흥미와 경험을 갖기 위해 Ubin 섬에서 자원 봉사자 모집하고 있으며, 자원봉사 프로그램은 자연을 아끼고 소중하게 간직할 수 있는 기회 제공 및 자연 산림 가이드, 산림 복구요원, 야생 동물 연구원, 자연 설계사, 자연 촬영 사진사 그리고 자연보존 기획 등 더 많은 것들을 경험해 볼 수 있다.



(아래 주소로 신청)



Ubin Volunteer Programme

National Parks Board Parks Management Department

150 Beach Road #18-01/08 Gateway West

Singapore 189720

www.nparks.gov.sg





참고로 이곳은 국립공원 및 생태계 보존 지구입니다.











싱가폴 여행가이드 제공







바닷가에 파도가 밀려오기 때문에 늪지대 바닷가 서식하고 있는 망그로브 나무는 쓰러지지 않으려고 사방으로 뿌리를 내려 몸통을 지탱합니다. 망그로브 나무는 생태계를 유지시키는데 큰 작용을 합니다. 따라서 망그로브 숲을 보존하는 것은 곧 늪지대를 보존하는 것이나 다름이 없습니다.



수직으로 지탱하려는 나무이기 때문에 건설현장에서 안전 사다리로 쓰이며, 바닷가에서 자라기 때문에 병충해가 없어 이 목재를 울타리로 사용하면 방충에 큰 역할을 하게 됩니다.



또한 불에 잘 타서 불짓기에 아주 좋습니다.



바닷물에서 서식하는 장미



^.^



이것도 야자나무 종류의 열매 중에 하나입니다. 늪지대에서만 서식합니다.



섬 한 가운데의 쿼리 호수



저 늪지대 속에서 걸어 다닐 수 있도록 되어 있습니다.

탐험여행 짱~!



사랑스런 공주들과 함께



기쁨이 넘쳤습니다.

너무 즐거웠습니다.

정말 행복하였습니다.



Jenny Lee & Anny Lee 두 공주는 이 아름다운 추억을 영원히 간직할 겁니다.

^.^"
싱가폴,"싱가폴:노랑풍선은



꿈이 있습니다.

희망이 있습니다.

행복이 있습니다.



노랑풍선을 들고

엄마랑 아빠랑 손잡고 나들이 했을 때



꿈이 있었습니다.

희망이 있었습니다.

행복이 있었습니다.



노랑풍선은

그 시간과 그 공간이 과거도 현재도 미래도 아닌

항상 함께 하고 있을 뿐입니다.







꿈이 넘치는 파란 하늘이 보입니다.

희망의 메세지, ′V(Victory)′자가 나타납니다.

여울에 의한 여울여울 노랑은 행복을 만들어 줍니다.



- at the Merlion Park-



On the Cheng Ho Cruise.



유람선 갑판에서

제3의 눈으로 바라보는 작은 꽃.....



73 층 스위스호텔 앞 - The Esplanade Bridge



싱가폴의 옛 이름이 말레이어인 ′Temasek′로 불리어졌는데 그 뜻이 어촌(魚村)이라고 합니다. 테마섹으로 알려진 싱가폴이 14세기경 인도네시아 스리비자야 왕국의 상니라 우타마 왕자가 배를 타고 항해하다가 싱가폴에 도착했는데 어떤 동물을 보고 사자로 착각하여 ′Singapura′라고 부르게 되어 그 이름이 주어졌다고 합니다. ′싱가푸라′는 사자의 도시라는 뜻으로 고대 언어인 산스크리트로 싱가는 사자, 푸라는 도시라는 뜻을 가지고 있다고 합니다. 따라서 오늘날 싱가폴 국명이 ′Republik of Singapura′로서 말레이어(Republik)+영어(of)+산스크리트어(Singapura) 등으로 국명이 이루어지게 된 것이지요.



영어로 부를 때는 싱가폴(Singapapore)입니다. 그러나 일본 사람들은 ′폴′를 발음할 수 없기에 ′포르′라고 합니다. 우리 한국 사람들은 발음이 가능하기에 싱가포르보다는 싱가폴로 발음한다거나 표기하는 것이 더 바람직하지 않을까 생각하여 봅니다.



Clean and Green City - SINGAPORE



The rainbow birds are waiting for you.



In front of the Image of Singapore.



Singapore Youth Dance



Along the esplanade.



Hi, Everyone



There are a lot of cheerful and enjoyable in Singapore.

All of tourism attractions will be yours.





From Anny Lee′s friends"
싱가폴,"싱가폴....:정말 정리정돈의 극치를 보여준 나라...

상상 그 이상의 것을 보고 왔다는..."
싱가폴,"싱가폴 등등:친구들과 처음으로 떠나는 해외여행~



가이드님을 너무 잘 만나서 즐겁게 잘 놀았답니다~

여행일정도 그렇게 빡빡하지 않아서 힘들지도 않았구`

볼거리도 많고 먹을거리도 많고~ 경험할 거리도 많고~



정말 재밌었던 여행이었어용~ㅋㅋㅋ"
싱가폴,싱가폴에서 말레이시아로 넘어가는 국경 검문소에서(2008년 1월 17일):^^
싱가폴,다섯여자의 싱가폴 이야기`:여자다섯명의 싱가폴 여행~ㅋㅋ
싱가폴,"싱가폴 좋아요:싱가폴 너무 좋아요.

깨끗하고 뭐라 말할수 없을 정도의 도시의 아름다움

우리나라도 빨리 관광상품을 개발하여 세계인들이

많이 잧을 수 있는 나라가 되었으면 합니다.

아빠가 자녀들을 데리고 관광하기가 쉽지는 않지만

우리 두딸한테는 아주 좋은 추억이 되리라

굳게 믿어요..."
싱가폴,"싱가폴에서 사온 염색약:싱가폴 시내의 쇼핑몰에서 구입한

머리 염색약 조심하세요

갈색을 사왔는데 더 검게 물들어요

실망입니다"
싱가폴,싱가폴:전철타보기.이층버스타보기체험노아뇨.
싱가폴,"즐거운 여름휴가-싱가폴:8월8일 도착

가이드미팅후 호텔에 체크인하니 대략 11시경.

대충 짐만 던져놓고 근처 역에서 MRT를 타고 CITY HALL역까지 갔다.

티켓보증금을 받고 위로 올라가 래플스 호텔로 향했다.

그 호텔에 묶었다면 더할나위 없이 좋겠지만 그럴수 없으니

싱가폴슬링이 처음 만들어졌다는 롱바라도 들러 한잔 해야겠다는 생각이었다.

짭짜름한 땅콩을 곁들여 와이프와 싱가폴슬링을 한잔씩 했는데

알콜도수가 거의 없어 와이프가 참 좋아했다.



롱바를 나와 라파삿페스티발마켓에 들러 호키엔미를 주문해 야식을 먹고

천천히 걸어 머라이언 공원에서 야경을 봤다.

사실 머라이언 공원은 생각도 못했는데 그냥 지나는 길에 우연히 들어간곳이다.

야경을 보고 택시를 타고 다시 호텔에 들어가니 새벽 2시반.

택시기사는 내일이 싱가폴 독립기념일이라 큰 행사가 있을거라며 꼭 구경하라고

열심히 자국홍보를 했다.

택시비가 생각보다 싸게 나오고 친절히 영수증도 챙겨주니 택시도 믿고 탈수 있겠구나 했다.

조금 피곤했지만 비행기에서도 푹 잤으니 이정도 쯤이야~"
싱가폴,"싱가폴..:싱가폴은 밤이 화려하고 아름다웠습니다.

치안이 잘 되어있다는 말을 들어서 그런지... 맘이 편하더라구요.

길거리도 깨끗하고....



홍콩의 야경보다는 조금 못했지만. 그래도 통통배?같은 것을 타고 높은 건물들 사이를 다니는 기분은 또다른 즐거움이었습니다."
싱가폴,"싱가폴:아시아 에서 얼마나 잘살기에 뉴스에 나올까 궁굼해서 한번 가보고 싶었는데 마침 노랑풍선에서 페케지가 있기에 가기로 맘먹고 예약을 한후

인천공항을 통해서 출국하였다.

막상 가보니 작은 나라에 발디딜틈없이 꽉찬 빌딩슘으로 분주희 음직이는 사람들사이로 나도 한목을 하니 즐겁기만 하였다."
싱가폴,"특별한 싱가폴의 이모저모5:리버보트를 타고 가까이서 본 머라이어상

아름다운 밤풍경들을 사진기로 담을 수없어 한없이 아쉬웠다.



Riverside

조명으로 아름답게 옷을 갈아입고 나타난 싱가폴



낮과는 전혀다른 모습을 하고 있는 플래툰 호텔



조명으로 더욱 아름다운 다리







야경으로 더욱 신비로운 머라이언 파크



에스플러네이드 오페라하우스

두리안 모양의 가시에서 새어나오는 조명불빛이 이채롭다."
싱가폴,"특별한 싱가폴의 이모저모5:밤과 낮이 전혀 달라지는 싱가폴..



싱가폴의 밤은 전혀 색다르게 관광객들을 유혹허고, 매혹시킨다."
싱가폴,"특별한 싱가폴의 이모저모2:강변을 중심으로 싱가폴의 여러곳이 자리 잡고 있다.



작지만 아기자기하게 꾸며놓은 나라..



낯보다 밤이 더욱 매력넘치는 나라..



싱가폴



고급스런 템플스 호텔..



가격에 많이 구애받지 않은 여행자라면 고급 호텔에서 하루밤의 호사를 권장한다.



싱가폴에서는 다리들이 너무 예쁘다 우리나라는 이렇게 못만드는 것일까

역사를 사랑하는 나라..

오래된 건물을 부시지 않고 보존하면서 그들의 일부로 만든다.



그래서 싱가폴의 건물은 구관과 신관이 함게 자리한다.





우리네 예술의 전당과 같이 대표적 대헝 극장



이 모든 건물들이 강가의 다리 사이를 두고 모두 같이 자리하고 있다.



다 거기서 거기..



날씨만 좋다면 걸어서 여행하기 좋은 나라인데, 너무 뜨거워서 걷기 어렵다."
싱가폴,"특별한 싱가폴의 이모저모4:차이나타운의 스리 마리암만 힌두 사원



사원내부를 찍으려면 돈을 따로 내야 한다길래 그냉 밖에서 한컷

사원을 들어가는 문에는 많은 종들이 달려있다.



언젠가 들은적이있는데 들어가기전에 그 종들을 많이 쳐야 좋다고 말이다.



사원내부엔 맨발로 가야 하는데, 그곳엔 비둘기들이 활개치고다닌다. 바닥엔 응가들은 없었지만 신결쓰여 얼른 나왔던 사원



주롱새 공원



우리나라에서도 많이 알려진 관광지..



그러나 노후된 시설들이 우리나라 서울대공원보다 못하다는 느낌을 받았다.

공원 공연장에서는 30분정도의 새공연이 펼쳐진다..



날이 더워 야외공연 관람이 쉽진않지만 대부분 좋았다는 평



싱가폴은 여러 공원들이 자리하고있다.



나라 전체가 공원이라해도 과언이 아닐정도로 도시전체를 나무와 꽃들로 꾸며놓았다.



그중 보타닉 공원을 입장했다..

공원은 입장료가 없기 때문에 시간이 어중간할때 가이드가 데려가는 곳...



싱가폴에서 가장 오래됐다는 도교사원



싱가폴은 다민족 다문화가 조화를 이룬 나라이다.



싱가폴에서는 각가지 종교사원들을 구경할수 있었다.



교회는 못본듯하지만..



클락키



강가 주변에 자리한 클락키



아기자기한 많은 레스토랑들이 즐비해 있고,,밤의 야경과 싱가폴의 밤을 제대로 즐길 수있는 곳.



싱가폴 여행자라면 꼭 가볼 장소..로 강력 추천지"
싱가폴,"특별한 싱가폴의 이모저모3:센토사는 싱가폴에서 만든 인공 섬..



이곳은 어른이 와서 즐기기에도 손색이 없다.

이곳에도 커다란 머라인언이 있는데 머리위에는 싱가폴을 한눈에 바라볼 수있는 전망대가 위치하고 있다.



밤에는 머라이언의 눈에 레이저가 뿜어져 나오면서 행해지는 분수쇼가 환상이다.



실로소 해변...



싱가폴은 파도가 세서 해변이 발달하기 어렵다고 한다. 이곳은 센토사 내에 인공 해변 세곳중 한곳이다.

인공해변이라해도 이국적 느낌을 느끼기엔 충분하다..





실로소 해변...



싱가폴은 파도가 세서 해변이 발달하기 어렵다고 한다. 이곳은 센토사 내에 인공 해변 세곳중 한곳이다.

인공해변이라해도 이국적 느낌을 느끼기엔 충분하다..

언더 워터월드



우리나라 코엑스 아쿠아리움과 비슷한 곳이다,



그러나 코엑스로 생각해서는 않된다. 긴터널과 많고 커다란 물고기들로

볼거리를 풍부하게 제공해준다. 아이들이 있는 가족이라면 너무나 좋은 여행장소..









센토사는 섬이다

센토사 안으로 들올수있는 방법 중 케이블 카를 이용할 수있다.



어찌나 높고 긴지 타는 동안 겁이 났다..



놀이기구에 약한신분들과 심신이 허약하신 분들 이라면 주의요망





센토사 내애는 무료 셔틀들이 다니고 있다.



그 중 이번에 새로 들여왔다는 2층버스를 타는 행운 가졌다.



시내의 이층버스와는 달리 오픈 2층버스..시원한 바람은 맞으며 2층에서 이동하면서 센토사를 구경할 수있으니 2배의 즐거움을 가져다 주었다."
싱가폴,"특별한 싱가폴의 이모저모:싱가폴하면 떠오르는 머라이언 상..



전설을 바탕으로 설계한 싱가폴의 상징.



이 괴상스런 상징으로 외화를 벌어들이는 머리좋은 나라











머라인언 상 뒤에는 싱가폴의 유명한 금융가 빌딩이 있다.



180여개의 세계은행들이 자리하고 있는 곳이다..



에스플러네이드 오페라 하우스



두리안을 닮았다고 해서 두리안 오페라 하우스로 더 알려져 있다.



밤에는 지붕 가시에서 불빛이 세어 나와 더 아름답다.











달콤 쌉쌀한 연인 마지막 부분에



주인공 둘이 만나 서로 만나는 장소,,



그 곳에 함께 하다"
싱가폴,"환상의 섬 모리셔스 여행기 6-싱가폴:싱가폴은 정말 깨끗하고 좋았어요~

대도시국가의 면모가 ㅋㅋ

그치만 날씨가 매우 후덥지근~~

여태까지 서늘한 듯한 모리셔스의 날씨가 그립더라구요~



길거리에서 한장~

파라곤이라는 유명 쇼핑센터에 잠시 물사러 들렀다 본 망고들..

제가 넘 좋아해서 한장 찍었어요~

싱가폴은 쇼핑의 천국이지만 저흰 하루만에 둘러봐야 하기 때문에 쇼핑은 물만~~ㅋㅋ

싱가폴 택시들~

저희는 택시요금이 한국의 50%정도 밖에 안되서 택시로 이동했어요~

모리셔스에서 밤비행기타고 싱가폴에서 하루종일 돌아다니고 또 밤비행기로 한국가는 일정을

고려한다면 이것은 사치가 아니랍니다~

안그러시면 몸살나요~

센토사섬으로 가는 케이블카에서 본 센트럴 시내 모습~

싱가폴의 명물 사자상 보러가는 길에 한장~~

사자상이에요~

저희는 이 상이 넘 멋있어서 냉장고 자석도 사사상으로 샀답니다~ㅎㅎㅎ

센토사섬 해변~

저희는 사자상을 본 후에 해변을 구경하고 또 해변 바에서 맥주를 한잔 한 후에

언더워터 월드를 보고 다시 시내로 저녁을 먹으로 돌아갔어요~

ㅋㅋ

근데 언더워터 월드는 우리나라 코엑스가 훨 낫다는...돈아 아까웠답니다~

여기는 센토사 섬에서 나와서 간 주룽새공원~!

정말 넓고 다양해요~

차라리 언더워터 월드 안가고 여기서 오래 머물걸 하는 후회가...

ㅋ 제가 넘 언더워터 월드를 폄하했나요?

죄송한 김에 상어사진 한장요~

저녁 먹으러 가기 직전 지친 몸으로 마지막 사진 한장~!!!!



참고로 홍콩 싱가폴 다 면세점을 가봤지만 인천공항만큼 다양하고 싼 면세점은 없어요~

인천공항에서 가는날 다 사는 건이 좀 들고다니긴 하지만 좋더라구요~



여러분!

모리셔스는 아직 한국에게는 미개척 관광지지만 정말 깨끗하고 싸고 좋은 휴양지입니다~

좀 멀다고 반대하는 분들도 있었지만 저희는 너무 좋았어요~

하지만 모리셔스 항공은 좀 급이 떨어진답니다.특히 기내식은 입맛에 정말 맞지 않아요~

두바이 항공등을 이용하시는 것도 좋을 듯 하구요~



보리바지 리조트 스탭이 하는 말로는 2,3월이 가장 좋다고 하더라구요~

비수기에 가격도 싸고~사람도 없고, 날씨도 완전 화창하다고 하더라구요~

하지만 가을쯤 되면 모리셔스의 겨울도 끝나있을 거고 여러분이 즐기시기에 매우 좋을 듯 합니다~

저희는 너무 더운 것을 싫어해서 지금의 모리셔스도 정말 재밌었어요~

알뜰살뜰하게 쓰신 다면 용돈도 별로 들이지 않고 유럽식 휴양지에서

기억에 남는 허니문을 보내실 수 있을 거에요~



특히 박종화씨는 ㅋㅋㅋ 저희의 주머니 사정을 잘 고려해주신 고마운 분이에요~

다시 한번 여기서 감사를~~~

여러분들도 노랑풍선과 함께 정말 환상적인 허니문을 보내셨음 좋겠네요~

저의 긴 후기를 읽어주신 분들께 감사해요~"
싱가폴,"싱가폴 에피소드2-음식:싱가폴에서 유명한 음식 중 하나가 칠리크랩이다.



싱가폴에는 칠리크랩으로 유명한 ′점보레스토랑′이 몇군데 있다.

그중 한곳이 클락키의 Riverside Point 이다.

하지만 소문난 레스토랑은 가보지 못하고 호텔근처 서민식당에서 칠리크랩을 맛보기로 한다.



식당 수조에는 살아있는 게들이 있고, 주문은 kg으로 받는다.

1kg 한마리 S$25 정도로 비싼 편은 아니었다.

맥주는 타이거가 보통이고 5달러정도..서민식당이어서 인지 약간의 디스카운이 먹혔다^^;



싱가폴을 느끼기에 경험해볼 만은 하지만 큰 기대는 금물,,



7월 말까지 싱가폴에서는 음식축제기간이다. 시간이 있다면 지정된 장소에서 칠리크랩은 물론 여러 음식들을 약간 맛볼 수있다."
싱가폴,"싱가폴 에피소드1:싱가폴 지하철에서 발견한 재미있는 것을 소개할께요.

지하철에 들어가기 전에 보이는 이 아이는 키를 가르키고 있습니다. 이 키 이상인 아이라면 지하철패스를 끊어야 한다는 것입니다.



기준이 90cm더군요.



우리나라가 나이를 기준으로 한다면 싱가폴은 키로 판가름합니다.

하지만 우리나라의 경우 학교들어간 아이라도 우리네 어머님들 버스 그냥 타잖아요. 싱가폴도 예외가 아니어서, 기준 키가 더 넘는 아이를 잡아 끌고 지하철로 들어가시는 아주머니를 발견했답니다.



사는 일상은 다 똑같나 봅니다.



차이나 타운역에는 똑같은 아이가 중국말 말풍선으로 전하고 있다.

키로 요금을 정하기는 식당도 마찬가지..



이 식당에서는 110cm를 기준으로 했던것으로 기억된다.

그 이상이라면 어른가격을 내야한다는 키자...

키자에는 여러 말풍선들이 더 재미를 더한다.



*110cm - 엄마 전 110cm보다 커요. 제것도 지불해야해요.



*140~145cm - 야호..난 이제 어른이다."
싱가폴,"홍콩-모리셔스-싱가폴 7일 여행^^:환상의 섬 모리셔스 일정은 홍콩과 싱가폴을 추가경비없이 구경할수 있다는 장점까지 겸비한

아주 좋은 상품입니다~첫날 홍콩에 도착한 후 페리를 타고 야경을 구경하는데....

정말 너무 예뻤어요~

환상의 섬 모리셔스 일정은 홍콩과 싱가폴을 추가경비없이 구경할수 있다는 장점까지 겸비한

아주 좋은 상품입니다~첫날 홍콩에 도착한 후 페리를 타고 야경을 구경하는데....

정말 너무 예뻤어요~

다양한 건물들이 아름다웠습니다~

페리에서 내려 피크 트램을 타러 가기 직전 반대편을 찍어보았죠~ㅎㅎㅎ

저희 멋진 신랑이랍니다~

계속 버스정류장과 거리를 헤메며 피크트램타러 올라가는 도중 지친 신랑 한 컷~!

피크에 올라와서 찍은 사진이에요~

올라올때 엄청 고생했죠~저희는 옥토퍼스 카드만 사면 갖은 할인혜택과 버스 승차 등이 무료인줄 알았는데...충전을 해야 모두 적용되더라구요..저희는 홍콩달러 환전을 얼마 하지 않아 피크트램을 못탈뻔 했는데 거기서 만난 한국아줌마 투어분들이 높은 환율로 바꾸어 주시고 ~

신혼부부라 좋은 자리를 주셔서 정말 재밌게 타고 올라왔어요~

피크트램 타실때는 오른쪽 자리가 좋아요^^"
싱가폴,"싱가폴 숙소:싱가폴 창이공항과 10분거리에 위치해 있다.

새벽에 도착해서 빨리 숙소에서 쉴수있다는 점이 장점이라면 시내와는 떨여져 있다는것이 단점.



오차드로드와 같은 시내로 나가려면 차로 20~30분 거리..



그러나 주변에 식당들과 편의시설들이 있기때문에 나름 밤을 즐길수있다.

호텔을 새로 리모델링해서 깨끗하고 시설이 아주 좋은 편..



호텔 꼭대기에는 전망좋은 수영장도 있다. 꼭 이용해보길.

수영장



수영장 넘어에는 창이비치를 볼수있다.

그 정경이 너무 아름답다.

로비 와 레스토랑"
싱가폴,"싱가폴|인도네시아|말레이시아:노랑풍선을 통하여 몇번 다녀본 결과 그런대로 만족하여

이번에도 싱가폴/인도네시어/말레이시아를 가게되었다.

가기전날 싱가폴 1박이 말레이시아로 대체 된다는 통보는 받고 갔지만....

싱가폴 공항에서 일행중 한명이 나오지 않아서 30 여분을 기다린 끝에

늦은밤에 말레이시아로 가서 호텔에 투숙을 했는데, 호텔이 에어컨 외는

정말 볼품이 없었다.

바탐에서는 어설픔 한국말을 하는 가이드(닉이 이남희)의 익살과 여유있는 재치로

재미있는 시간이 였고 호텔이나 기타 등등 모두 만족 스러웠다.

싱가폴에서는 시간이 너무 짧아서 별로 기역이 안나고 여기 저기 끌러 다녔다는 느김이다.

하지만, 밤에 리버보트를 다고 싱가폴 강변의 야경은 환상 그자체이였다.

옵션이였지만 정말 좋았다."
싱가폴,"싱가폴, 말레이시아, 인도네시아 가이드를 모두 칭찬합니다.:여러번의 해외 여행,

금년에만 노랑풍선을 이용한 3번의 해외여행을 했지만

이번 싱가폴, 말레이시아, 인도네이아 여행 처럼

가이드를 칭찬하고픈 생각이 드는것은 처음인 것 같습니다.

먼저 싱가폴 창이 공항에 도착 했을때 마중나와 있던 박완준님은

자신감이 물씬 풍기는 분이었습니다.

이렇게 능력있는 가이드를 만났다는 것은 여행일정이 차질없이 진행된다는것을 의미하기에

첫인상부터가 안심이 되는 분이었고,

마지막 싱가폴을 떠날때까지 우리를 안심케 하는 편안한 분이었습니다.



말레이시아는 왜 갔는지, 점만 찍고 왔다고 표현하는 분도 계셨습니다만.

그래도 그곳 현지 가이드 ""티나""라는 여자분 우리나라 말에 능통한데 놀랐습니다.



그러나 인도네시아 바탐에 도착하여 마중나온 가이드""사이""라는 29세의 젊은 남자

자신의 한국명은 장동건이라 하는 가이드는

한국어를 배우기 위해 3년간을 화장실 갈때도 책을 손에서 놓지 않았다는데

얼마나 우리나라 말을 재치있게 구사하는지 정말 놀랐습니다.

한국사람 보다도 한국말을 더 잘 한다고 할 수 있을정도였습니다.

""이 차가 어디로 가는지 아십니까?"" 하는 질문을 던진후에

""네 이차는 앞으로 갑니다.""라고 말 하는것 하며,

""식당까지는 약 1시간 30분이 걸립니다."" 라고 말 한 후 잠시 있다가

""걸어서 말입니다. 차 타고 가면 10분정도 걸립니다."" 라고 말할 수 있는것은

우리나라 사람이라면 아무렇지도 않은 말일수 있지만

외국인이 이정도의 재치있는 말을 할 수 있다는것에 감탄을 금할수 없었습니다.



한국말이 어렵다고 하면서 있다라는 말에는

있다.있어요, 있습니다. 있지요, 있당께라고 표현할 때는

버스안의 팀원 전체가 웃음을 터트렸답니다.

화장실을 뒷간, 칙간이라고 한다는 말을 할때는 정말로 많이 공부했구나 하는것을 느꼈구요.



그러나 한국에는 한번도 못가보았다고 하면서 한국에 한번 가보는것이 꿈이라고 하더군요.

그래서 지금도 열심히 지리 공부도 하고 있다고 합니다.

이런 가이드분들에게 여행사에서 한국 방문의 기회를 주실수는 없을까요?

이런분이 한국에 오게될 때 가능하다면 며칠동안이라도 저희집에서 생활하며

한국을 소개 시켜 주면 좋겠다는 생각도 했습니다.

한국노래도 잘 불러주었던 ""사이"" 항상 웃음을 잃지 않았던 ""사이""

아무쪼록 삶을 위해 배운 한국어를 통해

한국사람을 사랑하고 대한민국을 사랑하는 마음 영원히 간직해 주었으면 좋겠습니다.

""사이"" 화이팅."
싱가폴,[특가] 싱가폴/인도네시아/말레이시아 5일 잼났어요!!:[특가] 싱가폴/인도네시아/말레이시아 5일 노랑 풍선에 예약을 하구 아이랑 둘이서 다른 나라에 간다는 것이 엄청 고민을 많이 했습니다. 아이가 7살을 여자아이 였는데 비행기를 타보구 싶다구하여서 떠난건데도 6시간 이상의 비행시간은 어른도 힘든 시간이였는데 갈때는 비디오와 스튜디오 언니들의 친절함에 아이가 잘 도착할수 있었습니다. 싱가폴의 호텔은 생각했던것 보다두 시설이 안 좋았습니다. 말레이시아의 조호에서는 정말 찍고만 왔습니다. 그러구 인도네시아 바탐으로 항하였는다 싱가폴 호텔보다는 좀 나는 호텔에서 묵을 수 있었습나다. 현지 가이드 분 왕 헤리분이 참 열심히 설명을 해 주셔서 고마웠습니다. 그러나 마사지는 정말 별루였어요!!!! 하루 자유시간이 있는데 호텔의 부대시설을 이용하면서 지내라고 했는데 아이는 수영을 조금 하였으나 사우나 시설이 공사중이라서 이용 못하였습니다. 다시 싱가폴에 돌아와서 자전거와 싱가폴의 야경을 보는 배는 아이한데나 전한데나 재미있었습니다. 좀 힘든 일정이였지만 아이가 여권의 도장을 받은것을 참 좋아했습니다. 음식도 아이가 참 좋아했습니다!! 아이가 다음에도 또 해외여행을 가자구 하네요!!! 아이와 첫 여행을 잘 마치고 올수 있어서 참 행복했습니다!! 수고하시구여!!
싱가폴,싱가폴 강변 쿠르즈:배타고 클락거리 강변을 한바퀴
싱가폴,"싱가폴의 상징~ 멀라이언:머리는 사자, 몸은 물고기~ 멀라이언 상"
싱가폴,"싱가폴 모니까..안부드립니다..:싱가폴 모니까 안녕하세요

미군부대근무한것 기억해낸 신인아빠 신창환입니다

기억하실지요

그때 부모님하고 같이 투어를 했습니다

어머님이 저와같은 평산신씨라고 친하게 지냈구 전화번호도 교환을 했는데

분실했어요

연락이 가면 꼭 연락주세요

016-353-3818

02-2663-2724

입니다

꼭 연락 주세요

기다릴께요"
싱가폴,"2004 싱가폴 여행 (모두 안미워요.):기억속의 영상을 되돌려주시는

선생님께 감사드리고 싶군요.



(하나의 단어를 보는순간 100분의1초정도의 짧은시간에 관련된 모든 기억이 머리속을 스쳐지나간다)



작년3월 인천-싱가포르 여행에 Chevron Texaco 대표 John Russun 씨와 옆자리 동행이 되어5시간 동안, 미국 유치원 부터 교육과정과 어려서 부터 결혼에 이르기 까지 그의 인생 역정과 세계여행등... 참 멋진 시간을 보냈고 우린 친구가 되기로하였죠.





주롱 Park 에서 여자 조련사를 따라 하는 앵무새 너무 웃기드군요.



조련사: 인사를 Chinese로 , 앵무새: 니 하오마~

조련사 : English , 앵무새: 하우 아 유~ (굵은 아저씨 목소리)

조련사: Cough 앵무새: 콜~록 콜~록

조련사: ㅣaugh , 앵무새 :하~하~하~

조련사: rooster 앵무새 :꼬꼬대~꼬꼭.

조련사:마미대디를 Korean으로 , 앵무새 :엄마~ 아빠~ 하더군요.





모노레일을 탓더니 전부 외국인 ...

앵무새도 수개국어 하는데 우리도 가만히 있어면 안되죠.



제옆자리엔 호주에서온 23살짜리 남녀(초미니에 배꼽티),

맞은편엔 아일랜드에서온 2쌍 부부들...



호주 하버 브릿지 의 아름다움과 아일랜드 영문학 작가

제임스 조이스 (율리시즈) W, B, 예이츠를 얘기하니

다들 너무 좋아하시네요.



좁은 모노레일 안에서 우리 팀 일부가 자리 넘어와 함께

사진촬영 하며 즐거워 하던 기억이 새롭군요."
싱가폴,싱가폴:일정을 끝내고 가이드 이딱어 와노랭이들
싱가폴,싱가폴:~
싱가폴,싱가폴 오페라하우스:싱가폴 강을 따라 회려한 유럽풍의 강변에있는 웅장한 명물의 오페라 하우스 .......
싱가폴,싱가폴의 명문 ~:분수쑈와 인어사자상 싱기함이 와 ~ 와....
싱가폴,"싱가폴을 다녀와서.. 부족한점들..:안녕하세요.. 저는 4월 20일부터 24일 3박5일로 싱가폴(바탐,조호바루)를 다녀왔습니다.. 여기 에피소드란에는 모두 좋은 글들만 올려주셨더군요.. 그러나 전 좀 쓴소리를 하고자 합니다.. 물론 ""고객불편신고""란이 따로 마련되어 있지만 이글을 올림으로써 저와 같은 선의의 피해자(?)가 생기지 않길 바랍니다.



여행을 다녀오면 여기에 에피소드를 올리는것 처럼 좋은 기억들만 담고 오고 싶은게 사람 마음일 것입니다. 하지만 돈을 쓰고도 돈을 쓴사람이 억울하게 돈을 썼다라는 기분이 든다면 그건 분명 뭔가 잘못된 것이 아닌가 합니다.



제 주위에 노랑풍선으로 여행다녀온 사람들이 많이있습니다. 그 중에는 만족하는 사람도 불만인 사람도 있더군요. 요즘엔 인터넷이 워낙 발달해서 조금만 부지런을 떨면 쉽게 여행상품이나 선택관광의 가격비교가 되니까요. 저도 조금이라도 저렴한 상품으로 가기위해 노랑풍선을 선택했고 여행내내 생각보다는 괜찮다는 평을 내렸습니다. 그리고 조금이라도 부족한점이 있어도 저렴하게 왔으니까 하고 이해했구요. 그러나 그 생각은 여행마지막날 절 너무나 실망시켰기에 이렇게 글을 올립니다. 제가 이런글을 올린것은 가이드분을 탓하기 보다는 여행사에게 책임을 묻고 싶습니다. 무리한 단가 경쟁으로 인해 현지 가이드만 힘들게 만들고 있는건 아닌지 그로인해서 어차피 손해는 순진한 소비자가 보는게 아닌지 하고요.. 서두를 줄이고 본론으로 들어가고자 합니다.



간략하게 얘기하자면 제가 간 상품은 46명이라는 인원이 예약해서 현지에서 두팀으로 나눠서 진행되었습니다. 물론 같이는 왔지만 거의 다른 팀으로 가이드분들도 두분으로 나눠서 행사는 진행됐습니다(편의상 A팀 B팀). 그러나 가이드분이 서로 다르게 행사를 진행하다보니 이 두분이 서로 비교가 되었다는 겁니다. 예를 들어서 차안에서 기사분에게 따로 팁이 없다는 이유로 물건을 파는데 A팀이 만원에 팔았다면 B팀은 만이천원으로 팔았고, 선택옵션을 A팀은 $50불(리버보트+트리이쇼)로 다들하는것으로 행사를 진행했다면 B팀은 $100불(리버보트+트라이쇼+스테이크와 와인+지하철탑승)로 누군하고 누군안하고 이렇게 진행되었습니다. 저희가 탄 비행기는 새벽에 탑승하는 비행기라서 그 시간을 때우기 위해서 선택옵션을 하는데 제 생각에는 $50불 짜리보다는 $100불짜리가 더 많은 시간을 때울줄 알았습니다. 그러나 $50불짜리나 $100불짜리나 공항에 도착한 시간은 똑같은 10시 였습니다. 물론 나중에 사람들이 우리도 A팀처럼 행사를 진행하자고 하니까 가이드분은 그럴수 없다는 것이었습니다. 원하면 A팀으로 가라는 것이었습니다. 저는 처음에 $100불짜리 옵션을 선택했지만 나중에 $50불짜리가 있는것을 알고 바꾸려 했으나 그것마져 예약이 되어있었다는 이유로 취소를 할수 없게 했습니다. 그러나 추가 $50불짜리 옵션은 지하철탑승이라 예약이 필요없었고 제가보기엔 스테이크먹는 식당마져도 예약이 불필요 했습니다. 그리고 어차피 A팀과 옵션선택한 사람이 먹은 마지막날 한식은 이미 여행경비에 포함 된것이었습니다. B팀이 선택한 스테이크와 와인, 지하철 탑승이 저는 $50불이나 한다고 생각하지 않습니다. 차라리 다른 여행사처럼 나이트사파리를 선택옵션으로 했다면 이렇게 글도 올리지 않았을 겁니다. 그것 마저도 가이드분은 거절하셨습니다. 우리 여행객 생각으로는 우리가 선택한 옵션이 더 많이 가이드분에게 남는다고 여겨집니다. 그래서 몇몇 여행객들은 마지막날 공항에서 가이드분에게 다음부터는 이렇게 행사를 진행하지 말라고 따졌고 가이드분은 미안하다고 사과도 하셨습니다. 그리고 몇몇 할머니들과 할아버지는 자식들이 객지 나와서 돈벌을려고 고생한다고 생각하라고 우리가 한번 봐주자고도 말씀하셨습니다. 물론 저도 비싼 스테이크 먹었다고 생각하면 그뿐이었습니다. 그러나 서울로 돌아온 지금도 그 씁씁함을 잊을 수가 없습니다.



제가 이글을 빌어 말하고 싶은건 줄 한번 잘못서서 손해 본듯한 느낌입니다. 그리고 돈쓰려고 가서 돈을 쓰고도 멍청하게 돈썼다는 생각밖에 안듭니다. 차안에서 기념품을 더 비싸게 산것도 그렇고 첫날 선택옵션한다고 선듯 돈을 내준것도 그렇고요. 만약에 질질 끌다가 돈을 줬더라면 A팀이 선택한 옵션으로 바꿀수 있어서 이렇게 억울하지는 않을 듯 합니다. 물론 이글을 올림으로써 가이드분에게 어떤 피해를 주고 싶진않지만 어떻게 현지에서 행사가 진행되는지는 여행사측에서는 알고 계셔야 할것 같습니다.(물론 이미 알고 있을지도 모르지만...)



하고 싶은 말은 더있지만 이만 줄입니다.



이번 여행은 여러가지로 기억에 남을 듯 합니다."
싱가폴,"싱/인/말 싱가폴 시청앞에서~:싱가폴은 정말로 정말로 넘 깨끗한거 같당~

거지도 없고 ㅋㅋㅋ

여긴 시청~ 지나가다 내려서 시청이 보이길래..찍었당

싱가폴의 더 멋진 광경이 안보여서 조금 아쉽당~

여긴 거리에 나무들이 너무 정돈되어있당..

아저씨들이 얼마나 힘들까ㅋㄷ"
싱가폴,"인기코스..싱가폴, 인도네시아, 말레이지아를 다녀와서~ㅋㅋ:태어나서 생전 두번째 타보는 비행기~^^

설레임을 안고 싱가폴로 향하는 비행기를 탔당~

비행기 안에서의 맛난 음식때문인지.. 6시간동안 전혀 지루함없이~구름도 구경하고 잠도 자면서 편안히 동생과 나는 싱가폴에 도착했다~~히히

공항에 내리면서 어찌나 낯설던지~

제일먼저 느낀건, 그 후덥지근한 기후차이~ 아..여름이구나~^^

버스를 타는데 우리는 인원이 30명이 넘었기에

큰 차를 탔다..싱가폴은 원래 다 그런지..버스안에서는

항상 향기나는 레몬향기가 났는데 내렸다 탈때 마다 기분이 좀 좋았다~

우선 첫날은 외국에 왔다는 기분에 흥분한 나머지 일정이 없어도 마냥 좋았던거 같다~



싱가폴쪽은 대체적으로 거리가 넘 깨끗해서..

처음에는 깨끗한 곳만 가나보다..라고 생각했는데..

음..아닌것 같당..정말 도시전체가 이쁘당~

건물색깔도 이쁜것들도 많고~

그와달리 인도네시아는 음..난 가난한 나라라는걸 미처 몰랐당..

지금 떠올리면 좀 많이 차이는 나지만

인도네시아에서의 그 편안함에 ...행복했던거 같당.

아마 처음가는사람은 싱가폴에서의 버스랑 인도네시아의 버스랑 비교하게되리 ㅋㅋㅋ

인도네시아 버스는 좀 별로인데 거기선 젤로 좋은거란다 ㅎㅎ

좀 불쌍한 생각이 들었지만 불편하진 않았다~^^

가이드도 넘 좋았고 우리 일행도 (내또래는 없었음..다들 부모님정도)

단합이 잘되서..버스에서 수시로 노래부르고

박수쳐주며..다함께 부르기도 하면서..룰루랄라^^

그렇게 투어내내 지냈던거 같당~*



우리는 해리스호텔에서 지냈었는데,

야외수영장도 넓고 깨끗해서..맘에 쏙 들었당..구석구석 살피면서 사진도 찍고~

옵션으로 미니발리도 봤는데..음.... 미니발리도 글케 이쁜데

그냥 발리는 얼마나 이쁠까..여겨졌당..우선 거기선 음료수랑 사진찍고~



기억에 남는건 마지막날 간 센토사섬과 나이트 사파리..참 여긴싱가폴..

난 필수로 두개나 했는데 아깝지 않았당..

사파리는 가기전에 좀 유치하단 말도 들었는데 밤에 가까이서 동물도 보고

날씨도 상쾌해서 괜찮은 코스라 여겨졌다..왜 우리나라엔 그런거 없는지..

버스말고 나중에는 꼭 지도로 걸어서 구경하리..^^남자친구랑~ㅋㄷ



쇼핑코스로 몇군데 돌았는데 뭐 패키지니

취향들이 각각 다르리..

난 역시 면세점과 먹는거,기념품 파는데가 좋았다

참.. 인도네시아 가면 맛난 고구마튀김을 준다..꼭 드시고 오시길~

중요한건 공짜당...ㅋㅋ 난 그냥 팁도 줬당..아주머니가 너무 열심히 튀기시길래~ㅎㅎ쇼핑센터에서 동생이랑 이것저것 구경하고 두들겨보고, 만져보고

또 먹어보고 써보고 ㅋㅋㅋ

아낌없이 알뜰이 돌아다닌 투어였당..

나의경우는 금방 지쳐서..투어만 있는건 좀 지루했을텐데,

약간의 자유시간도 매력이 있는거 같당..



11시 40분 비행기로 출발..거의 12시인건데..

좀 짧게 느껴졌당.. 빨리 공항으로 와야했기에..

나이트 사파리에서 간혹가다 시간이 되면

동물들 춤추는 것도 보여준다는데.. 그건 못보고 와야했다..

사실 좀 보고도 싶었는데..^^;

얼른 엄마 아빠가 기다리는 서울로..

비행기를 타고~아쉬운 여행을 마쳐야했당~

다음엔 엄마 아빠 보내줘야쥐~헤헤~*"
싱가폴,싱가폴 도시체험:싱가폴 트라이쇼입니다. 출발한 후에 소나기가 엄청왔어요. 재미가 ㅎㅎㅎ...
싱가폴,"싱가폴, 말레~, 인도네~ 여행기.:이곳에 가기전 다녀온 분들의 여행 후기를 읽기 위해 여기 저기 찾아 보았지만



글이 올라와 있지 않더군요.



여행하는 나라에 대한 정보나 역사는 책을 통해서나 다른 곳을 통해서 아시니까



그쪽은 이야기 하지 않고 제 개인적으로 느낀점을 주로 이야기 할께요.



사실 70대이신 부모님을 모시고 간다는게 여간 부담스럽지가 않았어요.



그래서 그곳 다녀오신분들의 이야기를 듣고 싶었는데 들을 수 없었구요.



나이 드신 부모님 여행하시기 제일 부담스럽지 않은곳을 고르기 위해



싱가폴을 선택했죠.



작년에 미국 모시고 갔다가 무지 무지 힘들어서 고생했거든요.



싱가폴 공항에 내릴때까지도 염려하는 마음이었었는데 그 걱정은



호텔에 들어가면서부터 싹 사라지기 시작했죠.



시설 깨끗하고 식사 잘 나오고(속으로 우리가 낸 여행비에 이렇게 좋은



호텔이 배정 감동!!!!)



그리고 우리 담당 가이드 심현우 과장님의 자세한 설명과 챙겨주심에 아주



대 만족과 더불어 감사하는 마음이었죠.



3박 5일 여정동안 나이 드신 부모님들 아주 편안하게 여행 다녔습니다.



일단 걷는 일이 별로 없어서 좋았구요. 날씨도 더운데....



가는곳마다 숙소가 아주 깨끗했고 조용하고 분위기 좋고 식사 짱이었어요.



갈때 부모님 식사 못할까봐 햇반이랑 김이랑 비상식량으로 준비 해 갔는데



하나도 손 대지 않고 그대로 가져왔어요.



한국 사람 입맛에 맞게 식사가 다 준비 되어 있더군요.



아 맛있는 김치도(현지에서 담는다고 하더군요-한국사람이)한번씩 등장합니다.



다니는 동안 햇반이 좀 무거워서 어깨가 힘들었죠. 하하하~~



여기 여행 하시는분 나이드신 어른들 전혀 식사 걱정 없어요.



햇반 준비 안하셔도 됩니다.



돈은 한국돈도 많이 통용이 되어 있어서 편했고 싱가폴달러, US달러도



다 쓸수 있어요. 저는 쇼핑할때 싱가폴 달러가 제일 편하더군요.



US달러는 또 한번의 환전을 해서 계산하기 때문에



저한테는 약간 손해인거 같기도 했어요.



호텔 청소하는분 가방들어주는분 팁주는거 한국돈 1000원짜리 다 받아요.

(아 팁 이거 의무는 아니고 저는 개인적으로 다 드렸어요.)



가기전 1000원짜리와 1달러짜리 많이 바꿔 갔어요. 일부러



저희 팀 모두 다 좋으신 분들이었고 내내 조용하면서 분위기



아주 좋았어요.



마지막날은 더 있고 싶다는 아쉬움이 남더군요.



그렇지만 아쉬움을 뒤로 하고 다음에 다시 한번 오리라 마음먹고



가이드님과 공항에서 아쉬운 작별인사를 했습니다.



여행이란게 그렇더군요.



젊은 사람들이야 여행이 고생스러워도 즐거운데 나이드신 분들은



힘들면 그 여행을 만족하지 못하시더군요.



이번에는 다행히 저희 부모님이 아주 아주 좋아하셨어요.



주위 친구분들께도 가시라고 권한다고 저한테 자세히 물으시더군요.



경비라든지 기타 등등.....



저와 여동생도 같이 갔는데 그 여동생 역시 아주 만족하다고 다시 한번



가보고 싶다고.......



싱가폴은 정형화된 도시속에 나름대로의 멋이 있었고



말레이시아는 잠깐 다녀와서 특별히 기억에 남는건 없고



인도네시아는 정말 우리나라 1960년대의 분위기랄까



부모님은 예전 어렸을적 기억이 새롭다고 기억이 많이 남는다고 하더군요.



인도네시아 바탐섬 호텔 야자수를 양쪽으로 나란히 하면서 걷는 자연적인 환경의



산책로와 바닷가의 방갈로 그 주위 원주민 마을에서 솟아나는 연기



그리고 모래사장,시설안에 수영장물,아주 맑고 깨끗해서 수영하는데



아주 좋았습니다.(머리식히고 휴양하는데 분위기 짱임다.-저는 이런



분위기에서 쉬는 여행을 제일 좋아합니다.)



다른 모든 것들은 여러분들이 직접 가서 체험하시고 느끼시길 바라고



심현우 과장님의 완벽한 가이드 덕분에 아주 깔끔하게 여행하고



잘 돌아왔습니다. 감사드리구요.



우리 팀 분들 모든 분들께도 감사드립니다.



그리고 노랑풍선 황은애님 감사합니다."
싱가폴,"성탄절을 싱가폴에서:지난 성탄절연휴를 이용해 4박 6일 싱가폴에 다녀왔습니다.

역시 한 겨울여행은 여름나라가 최고죠

돌아오니 에취~~

싱가폴 센토사섬에서 케이블카를 타기위해 기다리다가 한컷!!"
싱가폴,"1월6일 싱가폴여행 잘다녀 왔습니다.:친구들과 겨우 날짜를 맞추어 여행을 가게 되었는데 생각지도 못했던 일들로 좋은 추억을 만들었습니다.

먼저 같이 여행 가는 인원이 12명인줄 알았는데 현지에 가서 보니 22명이나 되더군요.. 여러 여행사가 같이 다녀야 한다고... 혹시 알고 계셨는지...

여러 연령층이 있어서 더 재미있는 일들이 많았던것 같아요.

처음 밤늦게 창이 공항에 도착해 일행중 한 명이 안나와 나와는 곳을 보았더니 담배를 한국에서 사가지고 왔다고 벌금 350,000원을 내라는 거에요. 우리들은 싱가폴에 갈때는 껌을 가지고 가면 안된다고는 알았는데 담배는 생각도 못했어요. 그 나라는 면세 국가이기 때문에 수입담배들 가지고 들어갈수 없다고 하더군요.

가이드분이 처음 싱가폴에왔고 여행온건데.... 라고 이야기했더니 그럼 마약 가지고 들어와서 여행오고 처음온거라고 하면 어떻게 할꺼냐고 이야기 하더군요.

그 아주머니는 7,000원이라는 보관료만 내고 겨우 나왔지만 앞으로 법이 엄한 나라를 여행할때는 그 나라에 가서 주의해야할점들을 기록해 주셨으면 합니다.



싱가폴에서 가이드해주신 이과장님.. 여러가지 정보를 알려주셔서 감사해요.

이야기를 많이하셔서 시원한 음료수를 대접하고 싶었는데 실천을 못했요.

인원이 많아서 여러가지 일들을 처리하시느라 힘드셨죠?

센토사섬에서 바다를 앞에두고 들어가지 못해 너무 아쉬었답니다. 수영복이나, 잛은 반바지만 입었어도 들어가서 재미있게 돌았을텐데... 어찌나 아쉽던지...

덕분에 저희는 좋은 추억을 가지고 한국에 돌아왔어요. 명함이라도 받아왔다면 메일로 감사글을 적었을텐데 노랑풍선 게시판에 짧게 글을 남겨요.

조금있으면 한국엔 구정이 돌아와요. 복 많이 받으시고 2004년도에는 행복하고 뜻깊은 한해되시길 바래요."
싱가폴,"싱가폴 문의여.....:저기여...궁금한게 있는데여..

싱가폴이랑 말레이지아..인도네시아 가고 싶은데여..

비자같은거 없어도 되나여??

그리고 말레이지아여...예방주사나 뭐 그런거 맞아야 되는지..

정말 궁금하거든여..

여권은 한명이 없는데 대행하면 얼마인지도...;;

꼭 좀 알려주세여..(--)(__)"
싱가폴,"23일 싱가폴,조호바루,바탐을 다녀와서..:패키지상품에 대한 불안감을 한방에 떨쳐버리고~



27일, 즐거운 마음으로 소중한 추억을 담아 서울에 돌아왔습니다.



여행의 세가지 복이라는 날씨와 15명의 함께한 가족들,그리고 가이드!



이 세가지가 너무나 잘 조화되어 더욱 즐거운 여행을 만들었던것 같습니다.



즐거운 여행길에서 함께했던 네팀의 가족들과..



땀(?)을 아끼지 않고(^^;) 성심성의껏 안내해 주신 가이드 장영우과장님께



진심으로 고마웠다는 말씀을 전하고 싶네요~



장영우과장님~ 이부자리까르르~! ^^



모두들 건강하시고, 행복하세요~!!"
