title,reviews
마닐라! 김 현우 팀장님 감사했습니다. (1),"특별한 guiding이었습니다.
첫날은 황제가 된 느낌이었습니다. 둘째날은 총리가 된 느낌이었고
이번 마닐라 여행에서 필리핀에 대한 인식이 많이 바뀌게 되었네요.
순수한 자연의 경관을 간직하고 있는 팍상한 폭포로 가는 여정이 인상적이었고,
따가이따이 따알호수 기대이상의 여행이었습니다.
여정중에서 내 자신이 그 곳 원주민들의 정말 힘들어하던 작은 손목들을 꽉~ 잡아주지 못했던 것이
못내 아쉬웠네요.
기회가 되면 필리핀을 다시 방문하고 싶어집니다."
3박4일 필리핀/마닐라 여행 좋았어요~^^ (1),"부부가 함께 떠난 이번 3박4일 여행은 날씨까지 좋아서 정말 즐거운 경험을 하고 왔어요.
그중에서도 따알분화구호수로 올라갈때 탄 조랑말 투어를 1시간 30분 동안 한 것과 팍상한 폭포로 물을 거슬러 카누를 타고 올라가는 레프팅은 사공들의 극한직업을 보아서 가슴이 뭉클했어요~ 
그외 선택옵션으로  88핫스프링온천투어, 마닐라 시내 마차투어도 새로운 경험이 되었답니다.
가까운 필리핀에서 좋은 여행을 잘 하고 왔어요~~"
마닐라 3박4일 여행후기,"마닐라 여행후기 20190208- 2019.02.11
교수로 재직하고 여행을 좋아하다보니 30년전에 우연찮게 노랑풍선여행사와 인연을 맺게되어 거의 동일한 여행사로 여행을 하게 되었다. 이번 필리핀여행까지 66개국을 여행하게 되었다. 역사적으로 피리핀이 한국을 도와준 계기와 도와준일, 도와준 건물, 현대차가 필리핀에 2번째로 많은 과정, 필리핀의 부강헀던과정, 부강했던것에서 부터 크게 발전하지 못했던 내용, 필리핀 여성들이 한국남성과 드라마를 좋아하는 과정등 한국에서 몰랐던 것들을 틈틈히 여행하는 버스내에서 설명해주는 것은 너무나 인상적이었다. 필리핀에서 유명한 따까이따까이 오르는 과정에서 말타고 올라가는과정은 정말 멋있었다. 산 상봉의 화산의 이중의 호수경치는 정말 말로 형용 할수 없었다. 내려올 때도 말을 타야되는데 어린아아들이 정말 말을 잘 다루어 놀라웠다. 내려오니까 엉덩이 꼬리뼈 부분이 쓰라렸다. 흔들리는 말안장에 상처가 난것이다. 나만 그런것이 아니었다. 3일 지난 지금까지 쓰라립다. 여행사에서 꼬리뼈를 받힐수 있는 수건같은 엉덩이받침대를 준비하라고 여행객들에게 미리 전달해주면 좋겠다. 다음 팍상한 폭포가기위해 보트를 다루는 일하는 아저씨들의 고생스러움이 정말 안쓰럽고 그냥보기 힘들었다, 올라가서 폭포물을 직접 몸으로 받는 쾌감은 이루 말 할 수 없었다. 내려와서 팁을 2불 주었더니 내패댕이 치더니 더 달라라고 헀다. 그래서 2불 더 주었다. 나중에 여행사애서 준 설명서에 10불 주라고 쓰여 있어서 그제사 미안함을 느꼈다, 한국의 남원사람이 운영한다는 노천탕도 참 잘 만들어 놨다. 하루 그 리조트에서 하루 쉬고 가고 싶을 정도로 잘 설계 해놓았다. 필리핀의 좀 색다른 점은 모든 건물의 출입구는 권총을 찬 경비원과 출입시에 보완검사를 실시하는 것이 보였다. 3일 묵은 소피텔은 룸과식당은 과분할 정도로 좋았다. 항상 소티텔에서 아침식사를 했는데 정말 놀라울 정도로 많아 무얼 먹어야 할 지 몰라 처음에는 신기하다고 생각하는 것을 골라 먹었으나 나중에는 결국 한식으로만 먹어야 속이 편 했다. 여행을 다니다 보면 가이드의 계획된 시간을 여행객이 조정하려고 드는 사람이 있다, 이번에도 그런사람이 있었지만 재치있게 시간조정을 가이드가 재치있게 진행하여 무난하게 공항까지 갈 수 있었다. 세계 여러곳을 다녀보면 공항의 수속방법도 참 여러종류가 있었다. 수고 많이 했습니다. 안용선가이드님 수고하셨습니다. 덕분에 즐거웠습니다."
필리핀 마닐라 신은수(shawn) 가이드님 덕분에 즐거운 여행이었습니다^^,"아이들 3명을 데리고 짧은 기간이었지만 즐거운 여행이었습니다.
패키지여행에서 가장 중요한 부분이 가이드님의 역할이라는 것을 다시 한번 느꼈습니다.
아이들을 동반한 점을 미리 고려해 카지노 방문을 대신한 다른 일정을 제안해 주신다거나,
팍상한폭포 카누, 따가이따이 조랑말 탈때도 우리가족을 위해 사진을 찍어 주시는 등의
세심한 모습이 인상 깊었습니다. 또한 이번 일정에 참여한 팀이 저희 가족 5명뿐이라 우리가족
전용차량에 전용 가이드와 함께하는 호사도 누렸습니다.
마닐라 여행 가실 때 신은수 가이드님을 만나신다면 즐거운 여행의 반은 성공하신 것로 생각하셔도 될 것 같습니다.
멋진 외모만큼 매너도 좋으시고 항상 손님을 배려해 주시는 모습이 좋았습니다."
"마닐라 투어, 최악. (1)","6끼 중 2끼 호텔 조식 1일차 아침(순두부) 점심(제육쌈밥) 저녁(삼겹살+제육), 2일차 아침(호텔조식) 점심(제육쌈밥) 저녁(불고기,제육), 3일차 아침(호텔조식) 점심(항의하고 항의해서 현지식) 필리핀 10년차 교민들도 아니고 2박3일 여행온 사람들한테 한식만 이렇게 먹이는게 말이 되는지 싶음. 마지막까지 한식(동태찌개) 먹을뻔. 2일차 팍상한폭포투어 끝난 뒤 옵션(온천)을 하지 않겠다고 말했지만 거의 어쩔수 없이 하게 되었고 최악이었음. SM몰 등 대형쇼핑몰 아예 들리지도 않음. 잡화점에서 사라고 했지만 잡화점 물품 종류도 거의 없고 원하는건 하나도 없었음. 필리핀쇼핑(헤어팩, 과자, 등등) 아예 못했고 다들 뭐 하나라도 사려고 편의점 들어감.(커미션을 위해 일부러 데려가지 않은것 같음. 계속해서 쇼핑에 대해 어필했고 걱정말라고 했지만 결국 잡화점.............)
여행 내내 거의 한국인들만 있었고, 패키지 특성상 어쩔 수 없다고 생각하지만 식사, 옵션, 쇼핑 세가지 면에서 별점1개도 아깝고 다시는 이런 패키지 가고싶지 않다는 생각이 들게 하는 여행이었음."
7월 28일부터 8월 1일까지 극성수기 마닐라 여행 이었습니다.,"7월 28일부터 8월 1일까지 극성수기 마닐라 여행 이었습니다.
16명 대가족이 부모님들과 어린 조카까지 같이하는 여행 이었습니다. 저희 가족은 매년 1년에 한번씩 온가족이 함께 여행을 떠납니다. 그래서 언제나 현지 가이드가 신경쓰이는 부분 입니다. 가이드를 잘 만나면 여행이 편안하고 안그러면 기간 내내 불편하지요.
결론적으로 이번 여행은 좋은 가이드를 만나서 여러가지로 편안 했습니다. 특히 몸이 불편하신 부모님을 잘 케어해 줘서 고마웠습니다. 가이드 해주신 박경수(Danny)소장께 감사드립니다. 또 같이 진행을 도와준 필리핀인 가이드도 고마웠습니다. 쇼핑강매나 옵션강매 같은 것도 없이 오히려 정보를 제공해 줘서 우리가 선택할 수 있도록 도와 줬고, 오히려 필리핀인 가이드가 부모님께 너무 잘 해줘서 고마운 마음에 가족들이 필리핀 보조 가이드가 찍은 사진들도 구매해줄 정도 였습니다.
그리고 필리핀 마닐라는 상당히 더운 지역이었는데 한국 보다 오히려 덜 더웠고 날씨도 적당히 비가와서 날씨운이 있었던 것 같습니다.  특히 팍상한 폭포는 전에도 가봤는데 이번에 제대로 감상한 것 같습니다. 이동시간이 너무 긴것이 유일한 단점 이었는데 가이드가 마지막에는 교통경찰까지 섭외해서 빠르게 이동할 수 있어서 좋았습니다.  다시한번 현지 가이드인 박경수 소장에게 감사합니다."
딸과 함께한 마닐라여행~^^,"딸과 함께한 마닐라여행은 최고의 여행지였습니다.
항상 네식구가 항상 여행할때마다 같이가곤 했는데
학교에서 학부모상담 하는날 선생님께서 엄마가 직장에서
늦게 온다는 아이의 말에 혼자있는 시간이 너무 괴롭고, 힘들고, 죽고싶다는 표현을 비밀노트를 보고 알았다며
저에게 넌지시 비밀노트를 보여주셨습니다. 비밀노트는 새학기때 부모님께 하고 싶은말을 거짓없이 표현하는
노트이고 부모님께 안보여주는 거니까 너희의 생각을 맘껏 표출하라고 해서 시작한 노트였다고 하더라구요.
그 노트를 펼쳐본 순간 눈에서 소나기처럼 한없이 흘러나왔습니다.
선생님께서는 막내딸이다보니 엄마의 애착형성이 아직 덜 형성 되었기에
일도 중요하겠지만 아이의 심정을 잘 헤아려서 아이에게 좋은 추억을 남길수 있게 하시면 좋을것 같다는 제안에
저는 딸과 둘만의 추억을 해외여행으로 정했습니다. 정하고 난뒤 단둘이의 여행이라 걱정근심이 많았었지만
배려가 많고 예의가 바른 가이드와 기사를 만나 유쾌하고 즐거운 여행이었습니다.
늦게나마 여행후기를 작성하게 되었지만 아담이라는 가이드는 정말이지 최고의 가이드였습니다.
지루한 설명이아닌 유머와 재치까지 겸비한 가이드여서 더욱더 재미있었고, 관광을 할때마다 시원한 물을 여행 끝나는 날까지
계속 챙겨주셨고, 망고와 술도 사비로 아낌없이 듬뿍 사서 우리팀들에게 맛있게 드세요~라며
고객을 한없이 웃음꽃이 필수 있도록해주셨습니다. 하루 하루 일정이 끝날때마다 헤어짐이 아쉬울정도로 잘해주셔서 너무 감사했습니다.
해외를 종종 가봤지만 다른 가이드는 마지막날 공항에서 간단하게 설명하고 가시는데
아담 가이드께서는 가시지 않고, 우리팀이 다 들어가실때까지 인사를 하시며 어떻게 티켓을 끊어야하는지를 자세히 설명해주셨습니다.
친절한 가이드와 기사 덕분에 딸과 단둘이 여행이 두렵고, 걱정근심했던 제가 훌훌 날려버릴수 있게 해주셔서 너무너무 감사했습니다.
사진 요청을 안해도 찍어주겠다며 한번이 아닌 여러장을 찍어주시면서 진심을 다하는 모습에 감동을 안할수가 없었습니다.
담번 여행엔 4식구가 가게되서 아담 가이드와 기사를 만났으면 하는 바램입니다.~
정말 거품없는 노랑풍선이었습니다.~ 아담가이드와 기사분께 격려과 박수를 보내고 싶습니다.
꼭 전해주세요~ 조금 늦은 여행후기였지만 감사함은 꼭 전달되어져야 한다고 생각해요~
항상 건강하시고, 좋은일들만 있길 바란다고 전해주세요~*^^*"
마닐라 여행 즐거웠어요.,"연휴 이용하여 3일 03시15분 비행기로 필리핀 마닐라여행 다녀왔습니다.
베네룩스 3국을 생각했는데 새벽 비행기 날짜 계산을 잘 못하는 바람에 급히 필리핀으로 돌렸네요.
새벽 비행기의 고단함과 낯선 일행들 사이에서 장현철 가이드, 미국이름 톰 때문에 즐거웠습니다.
박학다식하게 안내해 줘서 마닐라 곳곳을 돌아보고 왔습니다.
코코넛파이도 맛보게 하고, 열대과일 시식도 잘 했습니다.
아쉬운 점은 마닐라에 도착하자 일행을 두 팀으로 나눴는데 노랑풍선에서 출발전 미리 알려줬어야 한다는 생각입니다. 
묵었던 호텔 고 호텔에 물 것 있어요. 방역에 문제있어요."
☆★엄마랑 마닐라여행기☆★윤차장님 마이크 하트뿅뿅^^감사합니다,"매일매일바빠서 티비볼 시간도 없는데. 정말 하늘의 뜻이였던가.. 일찍 퇴근후 집에서 씻고 여기저기 채널을 돌리고 있는데
홈쇼핑에서 여행상품을 팔더라그요~ 그냥 아무생각없이 보는데.. 맙소사.. 마닐라가 거기에 대한한공 국적기를 타고.. 밥도 다주고...하는데..299000원이라는 것을 보고..저도 모르게 그냥.. 전화기를 들어 버렸답니다.
그렇게 저와 엄마와의 마닐라 여행기의 서막이 열리게 되었지요..
필리핀 요즘 계엄령이다 뭐다 위험하다고 말도 많고 하는데 .. 가따온 1인 으로써!! 마닐라는 전혀~ 위험하지 않다고~ 말하고 싶어요~
저희처럼 위험하지 않을까? 라고 혹시나 걱정하고 계신불들이 있다면... 가이드말 잘듣고~ 잘 따라다니면~ 절대 위험하지 않다는거!^^
  이제부터 여행이야기를 쓸까합니다.
첫째날은 정말이지 아침비행기라서 꼭두새벽부터 일어나서 준비하고 인천공항으로 가서
체크인하고~ 수화물 붙이고~ 미리주문해 놓은 화장품하나 받으니 벌써 탑승시간;;; 진짜 시간이 어떻게 지나간지모 모르게
벌써 엄마랑 저는 하늘을 날고 있더라그여 ㅎㅎ
  대한한공은 참좋아요^^ 기내식도 주고~ 음료수도 주고^^ 냠냠짭짭 하고 엄마랑 수다좀 나누다 보니..벌써 마닐라에 도착!
생각보다 마닐라에 내리면 더워서 숨이 턱 막히면 어쩌나.. 우기라는데 비가 많이 오면 어쩌나.걱정했는데
매우 덥지도 않고~ 비도 않오고 너무 좋았어요~ (더운 나라지만.. 긴팔..정말 필수 입니다..  에어콘이 빵빵해서 진짜 오들오들 ~)
  제일먼저 금강산도 식후경 이라고 밥을 먹고  시내관광을  시작했어요
리잘공원에서 윤차장님(한국인가이드)의 간략한 설명과 함께 인증샷도 찍고~우리 마이크(현지가이드)가 사진도 찍어주고~
마닐라대성당 내부도 관람하고 ~ 마차타고 시내한바퀴 돌면서  곳곳 에 내려서 인증샷도 찍그~ 너무 재밌었던 시내 관광 이엿어요
무엇보다~ 진심~ 윤차장님의 역사공부!! 강추!!! 방송나오셔도 될꺼 같아요 ^-^ 매우 귀에 쏙쏙 -3 모르고 보는것보다
윤차장님 설명 듣고 나서 보니깐  다 알곘더라그요~
그렇게 시내관광을 끝내고 COD (CITY OF DREAMS)라는 마닐라 중심에 자리잡고 잇는 복합리조트에서 카지노관광을 했어요
2천페소.. 칩으로 바꿔서 룰렛했는데..30초만에...  2천페소는 하늘나라로..가버렸다능 ㅠㅠ
그래도.. 카지노에 왔으니깐~^^ 즐겁게 즐겁게~
  ㅋㅏ지노에서 나와서 과일시장에 방문에서 한국에선 매일 얼렸다가 해동한 망고스틴만 먹을수 있는데 이곳은 생으로 먹을수 있으니
10달러 어치 정도사서~ 숙소로 왔네요~
꼭두새벽 부터 일어나서 비행기타고 하느라 너무 고단했던지
첫날은 숙소로 와서 씻고 바로 기절한거 같아요 ~^^
    둘째날은 따가이따기 화산을 가는일정이 있는 날로
9시까지 로비로 모여서 이동했습니다.
여기서 하나 TIP은 따가이따기 조랑말트래킹은 한국에서 8만원 결재하고 가는게 좋습니다.
저희는 맨처음에 동물학대로 생각해서 아예 안할 마음에 결재 안하고 갔는데요
막상 가보니.. 그 선택관광은 무조건 해야할 선택관광 이더라그요~ 안그러면 식당에서 그냥 기다리는 거예요~ 다른거 할게 없답니다.
배를타고 들어가서 조랑말을 타고 산꼭대기까지 올라가서 내려와서 다시 배를 타고 나오는 이모든 일정이 다 그8만원에 포함되어 있는 거랍니다 .그러니.. 가서 정말 식당에서 쉬시겠다는 분들 아니면... 그냥 한국에서 결재하고 가시는게 가장 저렴해요..
막상 배를 타고 넘어가서 조랑말을 타고 올라가면 .. 조랑말한테.. 매우 미안하긴해요..
두번은 못하겠더라그요... 모르곤 해도... 알고는 안할꺼 같은 선택관광 이였어요~^^
그래도 올라가서 천지안에 천지도 봤으니~^^ 이걸로 끝~~~
  따가이따이 관광을 끝내고 마닐라베이 나이트 투어를 하면서 산미구엘을 한병씩 마시는것이 일정표에나와있는 건데
저희는 보니파시오 에가서 산미구엘을 마셨습니다.
정말.. 이곳은.. 필리핀의 빈부격차를 잘 느낄수 있는 곳이기도 하면서..
한편으로는 ..나도..이런곳이면.. 들어와서 살고싶다..라고 느꼈던 곳이기도 합니다.
그리고~ 한시간정도 자유시간을 주셨는데..
글로벌 브랜드들은 거의다 들어와 있기 때문에 진짜 싸게 쇼핑 잘했어요 ㅋㅋ
진심 우리나라 대비40% 넘게 저렴한거 같더라그요~ 확실한건 면세보다 싸단거!!!!
이렇게 둘째날도... 안녕~~~~~
  셋째날은 팍상한폭포 가는 날로 그날도 9시까지 로비에서 모였답니다.
폭포가는 길에 필리핀의 명물이라는 부코파이 일명 코코넛 파이를 사주시는데
따끈따끈한게 우리나라 계란빵 처럼 부드럽고 맛있어요~
ㅇㅏ!!! 둘째날도 그렇고 셋째날도 그렇고~ 휴게소에 들려서 코코넛쥬스도 사쥬시는데 그것도 진짜 맛잇어요~
휴게소에 내려서 스타벅스나~ 이런곳에서 따로 음료 안사서 버스에 타셔도 되요~ 그  코코넛 쥬스가 진짜 맛잇거든요~^^
그렇게  먹으면서 윤차장님의 귀에 쏙쏙 역사이야기를 들으며 이동하니~ 시간도 진짜 잘가고~ 벌써 도착했더라그요
도착하자마자 점심을 먹고~ 카누를 타고 팍상한 폭포로 !!
우비도 입고~ 다들 안젖을라고 하시는데.. 어차피 몽땅!! 다 젖습니다~^-^ㅋㅋ
폭포체험은 재밌었어요~~폭포를 왔다갔다 하는데~ 헬멧이 부셔질꺼 같았지만~~ 넘나 재밌었어요 ㅎㅎ
폭포체험을 끝내고 바로 88온천으로(선택관광)가는데요
 노천온천으로~ 시설도 꽤크고~ 우리나라 과자도 팔고^^ 우리나라 노래도 불러주고~ㅎㅎ 괜찮았답니다.
온천을 하고~ 온천안에 있는 식당에서 저녁을 먹고 ~ 호텔로 다시 이동!!
 마지막 날은 비행 시간 때문에 오전7시까지 로비로 모여야 해서
이날도역시..씻고 바로 기절;; 했네요 ㅎㅎ
  드디어..집에 가는날.. 7시 로비에서 모여서 쇼핑센터 두군데를 방문합니다.
저희는 노니비누를 샀어요~ 워낙 유명하잖아요~ 노니비누^^
쇼핑센터를 후다닥 방문후~ 3박4일동안 저희를 위해 고생해준 마이크가 찍은 사진들은 다 출력해와서 주는데
여행 많이다녀봤지만~ 이렇게 인화해서 받은 사진은 처음인거 같아요~ 물론 돈주고 사는거지만~
마이크가 3박4일 따라다니면서 고생한거 생각하면~ 이정도 지출은 추억도 사고~ 좋은거 같아요 ^^
맨날 핸드폰속 사진들만 보다 이렇게 출력된걸 보니까... 유치하긴 하지만.. 좋았답니다 ㅎ
  공항에서 마지막 인사를 하는데..진짜.. 너무너무 아쉬웠어요 ㅠㅠ
이렇게 제가 여행사에 회원가입까지 하면서 까지 후기를 쓰는건 100% 윤차장님이랑 마이크가 너무 잘해줘서
지금 한번 쓴거 날라가서 열받았는데. 다시 꾹꾹참고 다시 쓸정도면..진짜.. 윤차장님이랑 마이크 때문이예요~
좋은추억~ 좋은 역사공부~ 좋으신분들과~ 좋은 여행 이였습니다.
다음에 또 마닐라가면~ 윤차장님이랑 마이크를  지정할수 있다면 그렇게 지정해서 가고 싶을 정도니깐요^^"
딸들과 마닐라패키지~~~굿입니다^^(마틴가이드님 감솨~~~),"5/20~23일까지 마닐라로 고3딸, 중1딸과패키지여행 다녀왔습니다
큰딸이 스트레스성위염으로 밥도 잘 못먹고 고생했지만 마틴가이드님이 약챙겨 주시고 이것저것 챙겨주셔서 잘 마칠수 있었습니다  
오는날 공항에 늦게 도착하고 또 제가 이티켓을 잊어버리는 바람에  엄청 당황했는데 공항안까지 들어오셔서(마닐라공항은 여권없이 못들어오더라고요) 비행기 탈수있도록 도와주셨습니다.
마틴가이드님은 역사에도 해박한지식이 많으셔서 여행하는 어린 제아이나 연세많으신 어르신들도 쉽게 알아 들을수 있도록 재미있게 설명해주셔서 귀에 쏙쏙 들어왔습니다.
아무튼 글솜씨가 없어서 더 어떻게 말씀들릴지 모르겠지만 이번 마닐라여행은 가격대비 굿~~입니다.
가족과 함께하기도 좋고요 친구들이나 모녀지간, 아님 부부끼리 가도 좋을것같아요
아쉬운것도 있어요....숙소....물론 가격 생각하면 이쯤이야 할수도 있는데 그래도 쫌........
참, 마틴가이드님이 보올패키지 구상중이라 하셨는데 거기도 좋을것 같아요. 진행하시게 되면 연락주세요 이번엔 친구들과 가보렵니다^^
 "
마닐라 가족여행,"패키지 가족여행을 준비 다녀왔어요
출국부터 패키지여도 개인이 알아서 출국 접수하고 화물도 등록하셔야되구여
마닐라에서는 가이드가 아예공항에 들어올수 없기 때문에 그곳에서도 알아서 접수 하시면 됩니다.
필리핀항공 이용했구요
기내식 맛있게 잘나와요 아주 배불리 먹었습니다
저희는 김해,제주,인천 세곳의 여행객들이 모여 같이 관광을 했구요
인천행 비행기가 늦게 도착해 공항밖에서 한참을 기달려 새벽에 숙소에 도착했어요
패키지 여행하면서 이렇게 여유있게 해보긴 처음인거 같아요
진~ 가이드님 덕분에 아주여유있게 즐기다왔네요
다만 아시운건 마지막날 리잘공원에서 더 보구싶었는데 15분은 너무 짧은듯 아쉬웠어요
저희 딸아이가 아프다고 했더니  진 가이드님 바로 약을 구해오셨더라구요
가이드님 덕분에 즐거 운 여행되었어요~^^"
즐겁고 만족한 마닐라 여행,"롯데홈쇼핑 마닐라 여행은 가격대비 매우 즐거운 여행이 되었습니다.
부부가 모처럼 여러가지 재미나는 현지 체험도 하고 힐링 하고 왔네요!
특히 현지 가이드 안과장(썬)이 고객 편에서서 여행일정을 적절히 조정하여 전체 인원이 매우 만족스런 여행이 될 수 있었습니다.
어르신을 잘 보필 하시는것 같아 혹시 부모님을 모시고 마닐라 여행 계획이 있으시면 안과장(썬)을 적극 추천합니다^^
 "
작년 8월 남자 4이 떠난여행 마닐라 아주 좋습니다 ^^,"안녕하세요 작년 8월에 마닐라 갔다왔는걸 이제야 글을 올리네요 ㅎㅎ
  제가 몇일전에 쿠팡으로 세부를 다녀왔는데 거기가이드도 좋았지만 노랑풍선 여자분 가이드.
  나이좀있으신 아줌마 였는데 이분이 너무잘해주셔서 너무보고파서 글적어봅니다 ^^
  이분때문에 마닐라 한번 다시 갈까 생각하고있는사람입니다.
  필리핀쪽 위험하다고 생각하시는분들 많은데 정말 위험하지않아요 ^^
  저도 작년에 첨 마닐라에도착했을때 적응을 못했습니다.
  밖에 차를탈려고 이동하는데 왠 필리핀 현지인들이 팁달라고 달라붙는거입니다.
  무서웠습니다 ^^ 솔직히 하지만 하루하루 시간이 지나가면서 정말 사람들이 착하더라구요 순수하고 때묻지않앗어요
  결론은요  노랑풍선 정말 저렴하고 추천드리는곳이에요 필리핀 마닐라 패키지 투어 정말 재미있습니다...
  그리고 보고싶네요 작년 8월 남자4명 가이드해주신 아줌마 가이드분...보고싶습니다.
  어떻게 찾아서 연락이된다면  또한번 놀러가겠습니다 ^^
  찾아주세요 노랑풍선 ...."
?필리핀 마닐라. 팍상한.따가이따가 4일 여행후기,"?필리핀 마닐라. 팍상한.따가이따가 4일 여행후기
필리핀 여행을 여러번 했으나 이번 여행은 참 즐겁고 의미가 깊은 여행이었다
특히 가이드(헤라)의 여행소개멘트와 인간의 깊은 정을 느끼게 하는 맑고 솔찍한 그의 설명은
사람을 즐겁고 행복하게 하였다
참 감사하고 고마웠다. 가이드(헤라)의 건강과 행복을 기원드린다.?♡♡♡
?"
제7회 마닐라 골프 챌린지 투어,"      안녕하세요  노랑풍선 관계자 여러분  건강하시고 대박 나세요
      저는 골프를 좋아하는 사람으로서 모두투어 나 하나투어 대회를 자주 참가하였는데
      해외 투어시 자주 눈에 뜨는 여행사가 노랑풍선이었는데  이서진 배우가 광고를 하는것을 보고
     우연히 홈피에 접속해 보니 제5회 베트남 다낭에서 골프대회를 보고  양찬국프로님과 함께 레슨도 받고
     데니스 협찬도 받고 대회를 하는것 보고 모두투어나 하나투어에 비교하면 다양하고 알찬 프로그램을 보고
    집사람 함께 투어에 참석해서 다른 부부와 좋은 인연을 맺고 다음 대회에 꼭 참석해서 만나자고 약소도 하고
    돌아 와서 겨울을 기다림 속에서 생활하다가  태국 대회을 개최하는것을 홈피에 확인후 전화로 예약하였으나
    차후에 연락이 없길래 확인해 보니 여직원이 전달과정에서 미스가 있다고 죄송하다고 하면서
    개인으로 비행기 티켓을 구입하면 어떠냐고 하길래  아는 아시아나 지인에게 부탁해서 비행기 티켓을 구입후
    전화 했더니 호텔 방이 없다고 거절하길래  많은 실망감을 가지고 있었지요
    그후 홈피에 자주 접속해서 대회가 언제 있는지 확인하는 중  마닐라 대회가 있어서
    바로 전화후 예약 처리를 작년에 그런일도 있고 해서 절차에 의해 계약후  그날을 기다리고  있는데
    사무실 연수 날짜가 마닐라 귀국후 오후 비행기로 또 다시 출국 일정이 나와서 어찌 할고 고민을 하다가
    작년에 그런 계약도 있는데 이번에 내가 계약을 해지 하면 안될껏 같아 무리수를 두고 투어에 참석했는데
    역시 잘 갔구나 생각됩니다
    첫 미팅부터 준비된 시스템  공항에 도착해서 오토바이 에스코트 등 각분야에 세심한 부분까지
    수고해 주신분을 생각하니 역시 무리가 있어도 잘 왔구나 생각됩니다
    특히 김명진 부장님의 리더쉽은 대단하게 꼭 노랑풍선에 존재해야 된다는 확신을 갖고 그분이 오는 행사는
    역시 다르다고 생각되고 감사한 마음입니다  그런 좋은 추억이 다시 오후 비행기에 피곤한 몸으로 탑승해서
    무리없이 연수 일정을 마무리 할수 있는것이 마닐라투어의 추억으로 할수 있다고 생각됩니다
    거품없는 노랑풍선이 말로만 아닌 진정한 노랑풍선이 아닌가 세삼 느끼게 하는 여행사 입니다
    여행사는 항상 하나투어  모두투어 만 믿을수 있는 여행사란 고정관념을 깨는 좋은 계기가 됩니다
    항상 고객에게 믿음을 줄수 있는 노랑풍선 여행사가 되길 바라고 
    차후에 어떤 상품을 가지고 나올지 벌써부터 기대하고 설레임 속에서 생활하게 도움을 주신
    노랑풍선 여행사 감사드립니다 
   두서없는 글 읽어 주심 감사합니다 
   
   "
★제7회 노랑풍선 필리핀 마닐라 골프 챌린지 투어 후기★,"안녕하세요~ 노랑C 입니다 ^^
이번 제7회 노랑풍선 필리핀 마닐라 골프 챌린지 투어에 노랑C도 함께 다녀왔습니다.
지난 태국 아유타야 골프대회에 이어서 성공적으로 마무리된 필리핀 마닐라 골프대회 이야기를 들려드릴게요~
?
마닐라 공항에서 숙소가 있는 알라방 까지는 버스로 약 20분 정도 걸리며 이동하시기 편리하답니다.
우리가 3박을 투숙할 호텔은 바로 크림슨 호텔입니다.
    크림슨 호텔에 대해서 간단하게 소개해 드릴게요^^
마닐라 크림슨 호텔  (★★★★★)
   ▷ 총 객실 수 : 345객실
    마닐라에 위치한 CRIMSON HOTEL FLINVEST HOTEL은 전체적으로 세련되고 우아한 분위기의 호텔입니다.
  호텔 내부 인테리어는 스타일리쉬하고 모던한 가구들이 이용이 되어 조화를 이룹니다.
   ▷ 부대시설 : 무료 WiFi , 커피숍/카페, 24시간 룸서비스, 야외 수영장, 피트니스 시설,  비즈니스 센터,            
             미팅/컨퍼런스룸, 대형 컨퍼런스룸, 드라이클리닝/세탁 서비스, 마사지 등
   ▷ 객실시설 : LCD TV, 객실 내 금고, 고급 침구, 목욕가운, 무료 세면용품, 미니바, 암막 커튼,
             에어컨, 전용 욕실, 전화, 책상, 커피/티, 헤어드라이어 등
      2015.04.03~ 04 연습라운딩과 본선 골프대회가 진행되었던 이글릿지C.C 입니다.

  이글릿지CC는 필리핀에서도 유명한 최고급 골프장이자, 가장 큰 골프장입니다. 미국 골프장 설계의 전설로 꼽히는 피트 다이의 아들인 앤디 다이가 설계했으며 일본의 골프황제 이사오 아오키，메이저대회 6승 관록의 ''''''''스윙머신'''''''' 영국의 닉 팔도 그리고 ''''''''호주의 백상어'''''''' 그레그 노먼 등 4명의 이름을 붙인 코스를 디자인했습니다.
  72Holes/ 288Par/ 7,124Yards 코스를 갖추고 있습니다. 크림슨호텔에서는 차량으로 약 40분 정도 소요되는 거리에 위치하고 있습니다.
   

연습라운딩 신사분들 한 컷~


연습을 실전처럼 ~
    자 드디어!!
2015.04.04 제7회 노랑풍선 필리핀 마닐라 골프 챌린지 투어 당일입니다~
대회 당일의 화창한 날씨가 마치 참가자들의 선전을 기원해주는 것 같습니다.

    김명진 영업4사업부장의 대회 안내를 시작으로, 활기차게 골프대회를 시작해봅니다 !!!
?SKY72 양찬국 프로님의 대회 운영 Rule 안내가 있었습니다~


노랑풍선 최명일 대표님께서 감사안내 말씀을 ♥

다음으로는 대표자 4분의 시타가 있었습니다~

  두구두구두구~~~
이제 카트 탑승 해 주시고 출 바알 ~~~~ ★
  이제 대회를 치루고 있는 모습을 구경하러 가 볼까요~?
 
아름다우십니다 ♥
        이제 대회 참가자 분들의 샷 모습을 보실까요?





  나이스 샷 ♥ 굿 샷♥
  다음 사진은 이번 대회의 베스트 포즈 상 사진입니다 ^^
두둥!
    역시 베스트 포즈상 수상감이죠? ^^
다음 대회에는 참가자 분들의 더욱 다이나믹한 모습 기대해도 될까요~?
  이제 노랑풍선 골프대회의 꽃!!!!!! 이라고 할 수 있는 만찬이 진행되었습니다~   
이번 만찬은 지난 대회에 이어 노랑풍선의 명MC인 김명진 영업4사업부장의 진행으로 시작했습니다. 
필리핀 전통공연으로 분위기를 후~ 끈하게!      

  

국내 색소폰 연주가로 단연 1인자로 손 꼽히는
서정근 교수님의 공연역시 준비되었습니다
    참가자 분들의 환호성이 대단했었죠~~~~~
  행운권 추첨 및 대회 시상식이 함께 진행되었습니다.
이번 대회 또한 어마어마한 시상품이 기다리고 있습니다~
약 40 여 개의 시상품이 준비되었는데요~ 많은 분들께서 수상의 영예를 안으셨습니다!!
 

  수상하신 모~ 든 분들 축하드립니다 ♥
  또한, 우승자 시상식이 있었습니다 !!!




상품으로는! 무려무려 데니스 코리아 골프백세트와 아이언세트~
진심으로 축하드립니다 ^^*
  이렇게 제7회 노랑풍선 필리핀 마닐라 골프 챌린지 투어는 마무리 되었습니다~
다시 한번 노랑풍선의 대회를 참석하시어 자리를 빛내주신 모든 분들께 감사의 말씀 드립니다~
저번 대회에 참여해주신 분을 이번 대회 때 또 뵈었을 때 무한한 감동을 느낀답니다~
다음 대회에는 더더욱 업그레이드 된 대회를 준비하겠습니다!!
많은 관심 부탁드려요 ^^
  다시 뵐 그날까지 항상 행복하시고, 좋은 소식만 가득하시길 바라겠습니다 ♥"
"설연휴기간에 처음 친구랑 둘이서 나가본 여행 _ 마닐라(호핑투어,팍상한폭포)","우선 저는 친구랑 해외여행을 처음 나가보는겁니다^-^ 그래서 그냥 안전하게 갔다오자 해서
자유여행으로 안하고 패키지로 골랐습니다.
일정은 15년 2월 설 연휴동안에 다녀왔구요.. 세부지역에 마닐라 지역은 없더라구요?ㅠㅠ;; 잘모르겠네요..;
    저는 처음으로 친구랑 나가본 여행이라 많이 알아봤었는데요,
마닐라가 많이 위험지역이라고 그러던데 전혀 아니었구요.
저도 여자2명이서 가는거라 불안했는데 가보니 자기가 조심하면 되는겁니다.ㅠ_ㅠ
밤늦게 다니지말고 혼자 돌아다니지만 않는다면 그냥 솔직히 ... 전혀 위험지역이라는게 안느껴질정도였음ㅋ
      호핑투어 뭐 주저하시는 분들도 많고 잼없다는 분들도 많은데 저는 오히려 너무너무 좋았어요!
호핑투어도 넘 꿀잼ㅋㅋㅋ^^ 바다에서 나오기 싫었음.ㅠㅠ 수영복 갈아입는곳도 따로 있었고 샤워장도 따로 있어서 편했구요.그리고 바다낚시 할 때랑 스노쿨링 할 때는 정말 친구랑 둘다 처음해보는거라서 뭐 어떻게 하는지 몰라서 어렵지 않을까 싶었는데.. (참고로 저는 수영 못함ㅋㅋ) 역시나 처음한 저도 넘 쉬웠고, 너무너무 재미있었습니다.ㅋㅋㅋㅋ
    그리고 팍상한 폭포는 진짜 솔직히 별거 아니겠지라는 생각이 많았는데..
왜 팍상한 폭포를 꼭 봐야하는지 알겠더라구요. 팍상한폭포를 보러가는 길이 그렇게 멋진 곳인지 몰랐어요. 그런 어마어마한 풍경을 사진으로 담아왔는데 그 때 실제 눈으로 봤던 것에 비하면 정말 ...너무 아깝더라구요.^^*
그리고 무거운 저희 둘을 끌고 올라가주신 그..이름모르는 두명의 아저씨분들...정말 고마웠습니다 -_-;;
    저희 사진 너무 투척한듯 싶어 좀 죄송하지만..그만큼 저희는 기억에 남는 즐거운 여행이었구요! 좀 다녀온지 지났지만 ? 이제서야 올립니다. 여행 휴유증 장난아니네요..일에 집중할 수가 없어서 ㅠㅠㅋㅋ 필리핀앓이했다는..
다음에 꼭 보라카이가서 스쿠버랑 스노쿨링 할꺼에요 ㅠ_ㅠ!!ㅋㅋㅋ 가이드님의 추천으로 가보기로 결정!!ㅋㅋㅋㅋ
  마지막으로 영가이드님 감사합니다♡
그리고 봉아저씨도 너무 저희 잘 챙겨주셔서...감동이었어요ㅠ_ㅠ
솔직히 정말...저희는 너무 즐겁고 알찬 여행이었어요.ㅋㅋㅋ"
너무 즐거웠던 마닐라 여행 강추해요~*^ㅇ^*," 안녕하세요? 설 연휴동안 3박 4일 마닐라 패키지 여행을 마치고 돌아온 후에 후기 남깁니다.  필리핀 여행을 많이 간다고 알고 있었는데, 막상 여행사 홈페이지에도, 네이버에도 검색해보면 생각보다 정보가 그리 많지 않더라구요.  혹시 앞으로 여행하실 분들 도움될까 싶어서요...
   구정 연휴가 길어서 꼭 해외여행을 가고 싶었는데 올해에는 휴일이 별로 없어서인지 유난히 티켓이 없더라구요.  자유여행을 원했지만 항공권을 사기가 너무 힘들더라구요.  그래서 결국 자유여행은 포기하고 패키지로 가게되었어요.  한참을 찾은 끝에 남은 여행지 중에 가장 괜찮은 상품이 노랑풍선의 마닐라 패키지였어요.  가격대도 비수기 때보다 훨씬 비쌌지만 그래도 일정대비 가장 괜찮아 보였습니다.  어차피 설 황금연휴는 극성수기라 어떤 지역이든 많이 비싸니까요...
  여행사도, 지역도 믿을 수 있을지 걱정이 많이 되었지만 꼭 가고 싶었는데 워낙 전부 매진이었기 때문에 선택의 여지가 없어서 기대 반, 걱정 반의 마음으로 3박4일 마닐라 패키지 상품을 선택하게 되었습니다.
  특히 결제한 다음날 바로 마닐라에서 총격사건으로 한인이 사망한 뉴스가 보도되어서 더 걱정되었지만 단체여행객들은 안전하리라 믿고 그냥 가기로 결심했어요:::
  1. 에어아시아 제스트 항공
- 저가 항공사이고 연착도 많다고 평이 안 좋은 것 같아서 걱정 많이했는데, 다행히 무사히 잘 다녀왔어요.  출발시 게이트가 약간 늦게 열려서 20분 정도? 늦게 도착한 것 같아요. 전 저녁 시간이라 기내식이 당연히 제공되는 줄 알았는데 저가 항공이라 티켓팅시 식사를 같이 결제한 사람들한테만 제공이 되더라구요.  전 여행사로부터 설명을 들은 적이 없어서 기내식을 먹을 수 있는지 없는지 몰랐어요.  스튜어디스한테 비행기 티켓을 보여주면 확인해주더라구요.  기내식이 포함되어 있어서 먹었습니다.  나중에 기내식 제공 후 방송으로 '노랑풍선 여행객들은 기내식이 제공된다'고 방송해주는 걸 보니 몰랐던 사람들이 좀 있었나봐요.  여행사 측에서 기내식이 포함되어있다, 아니면 포함되어있지 않으니 원하면 기내에서 지불하고 먹을 수 있다는 등의 안내를 출발 전에 해줬어야 한다고 생각합니다.  좌석이 좁아서 불편한 편이고 기내식은 맛없지만 저가항공이니까요... 비행시간이 4시간 뿐이었고 큰 연착없이 도착해서 다행이라고 생각해요.  도착시에는 정시에 출발해서 도착했어요^^
  2. 그랜드 오페라 호텔
- 위험지역에 있고, 호텔이 별로라고 해서 걱정 많이 했어요.  다른 호텔로 업그레이드 하고 싶었으나 이미 마감이어서 선택의 여지가 없었습니다. ㅜㅜ  다행히 생각보다는 그래도 괜찮았어요.  일단 호텔 위생상태는 괜찮았구요, 욕실도 괜찮았는데 샤워기의 수압이 너무 세서 아플 정도였어요;;;  호텔 바로 앞 건물이 공사중이어서 뷰는 없었지만 사실 밤늦게 들어와서 아침 일찍 나가는 일정이어서 뷰 감상할 시간도 없었어요.  호텔에 수영장과 카지노 있다고 했는데 시간이 없어서 못 들렸습니다.  혹시 호텔 중요하신 분들은 업그레이드 하시구요, 그런데 패키지 여행은 일정이 너무 바빠서 잠깐 잠만 자는 수준이었기 때문에 호텔 내부 시설 이용 시간이 없으니 참고하시기 바랍니다.  직원들도 친절한 편이고 괜찮았는데 가장 별로인 건 조식이었어요.  조식 정말 먹을 거 없고, 빵이 그나마 괜찮았는데 사람이 많아서 금방 동나는 편이었어요. 
  호텔 바로 앞에 편의점이 있어서 맥주나 간식거리 사먹을 수 있어서 좋았어요.  호텔이 차이나 타운에 위치한 지저분한? 위험한? 지역이라고 개인적으로 돌아다니면 위험하다고 들었는데 사실 패키지 여행은 밤에 돌아다닐 시간도 없습니다. ;;;  또 제가 여행한 기간 중에는 교통체증이 별로 심하지 않아서 호텔 위치상으로 불편한 점은 거의 없었어요.
  이 호텔이 후기가 안 좋은 편인데 저는 다행히 괜찮은 룸에 큰 불편 못느낀 것 같아요.
  3. 옵션
- 따가이따이 화산 조랑말 트래킹 : 제주도에서 평지에서 말 타본 적은 있지만 이렇게 가파른 산을 말타고 오르내릴 수 있다곤 상상도 못했어요.  좀 무섭기도 했지만 어느 나라 여행지에서도 할 수 없는 색다른 경험에 너무 즐거웠습니다.  평지에서는 주변 경관도 참 시원하고 좋았어요.  화산을 말타고 오르다니요... 강추해요.
- 팍상한 폭포 카누 래프팅 : 역시 너무 좋았습니다.  어떤 나라를 여행해도 경험해볼 수 없는 정말 대단한 경험이었어요.  말이 필요 없네요.  혹시나 정상까지 못올라가면 어쩌나 고민했는데 끝까지 올라가서 폭포 맞고 왔어요^^ 전 혹시나 사진 찍을 수 있을까해서 폰 가져갔는데 찍을 시간도 없고요, 바지에 넣은 폰 젖을까봐 괜히 걱정만 했네요.  바지랑 윗옷까지 다 젖고, 사진 찍을 시간도 사실 거의 없으니 참고하세요.
- 88온천 : 탕도 여러 곳있고, 너무 좋았어요.  온천에서 저녁 먹었는데 한식도 참 맛있었구요.  정말 탕에서 나오기 싫었답니다. 
- 나이트투어 : 밤에 다른 옵션을 하기로 되어있었기 때문에 나이트투어라기보다는 이브닝 투어였는데 그냥 시내거리, 과일시장 등을 돌아다녔어요.  이 코스는 여행사에서 옵션이 아니라 기본으로 포함시키면 어떨까 합니다.  과일 시장에서 망고 사다가 호텔에서 맛있게 냠냠했어요.
- 마사지 : 전 마사지를 좋아해서 기본 옵션하고, 나머지 다른 스파에서 또 하고 싶다하여 2개를 했습니다.  동남아 여행에 마사지는 필수라고 생각해서..^^
  1일 - 저녁에 한국에서 출발하여 새벽 2시 호텔 도착.
2일 - 따가이따이 화산 - 나이트투어 - 마사지
3일 - 팍상한 폭포 - 88온천 - 마사지
4일 - 시내투어 - 쇼핑 - 오후 한국 출발
  4. 날씨
- 날씨는 햇빛이 매우 뜨겁다고 하여 긴팔 가져가서 잘 입었구요.  기내랑 차 안에서는 많이 추운 편이에요.  제가 여행했을 때는 다행히 날씨가 흐린 편이어서 그리 덥지 않았어요.  역시 겨울 동남아는 여행하기 좋은 것 같아요
  5. 가이드
- 패키지 여행은 가이드에 따라 여행의 질이 좌우되는 것 같은데 다행히 좋은 분이었어요.  편안한 여행을 할 수 있도록 많이 도와주셨구요.  다만 아쉬운 점이 있었다면 필리핀에 대한 설명이 좀 부족했던 것 같아요.  이동시간이 많은 편이었는데 이동시간을 활용하여 필리핀 현지 경험을 좀 더 많이 들을 수 있었다면 더 재미난 여행이 되었을 것 같아요.  현지 포토맨도 친절하고 적극적으로 사진을 찍어주셔서 좋았어요.  본인의 사진기로도 찍어서 마지막 날에 한 장에 3불씩 팔았어요.  전 7장 나왔는데 너무 잘나와서 모두 샀어요.  팍상한 래프팅과 따가이따이 화산에서 말 탈 때의 사진은 일행이 찍어줄 수가 없어요.  포토맨이 이쁘게 잘 찍어줘서 감사했답니다.  또 여행중에도 제 카메라로도 적극적으로 많이 찍어주셨구요...
    전 여행지에서 많은 경험을 하는 것을 좋아해서 시간이 되는 한 많은 옵션을 하려고 생각했고, 그렇게 했어요.  그리고 제가 선택한 옵션 모두 만족했답니다.  패키지 여행은 아마도 이 옵션 문제로 인해 호불호가 갈리는 것 같은데 제 경험으로 비추어 볼 때 시간 되는 한 옵션 많이 하시라고 권해드리고 싶어요.  여행지에서는 많은 경험을 해보는 것이 가장 중요한 것 같아요.  전 그로인해 충분히 즐거웠답니다^^  일정이 너무 짧은 것이 아쉬웠어요.
    참 이래저래 걱정 많은 여행이었는데 전 정말 즐겁게 잘 다녀왔습니다.  정말 감사하네요~^^ 필리핀 마닐라가 위험지역이기는 하나 패키지 관광객들이 다니는 곳은 정해져있어요.  관광객들만 잔뜩있는 곳이거나 시내 투어 중에서도 안전한 곳이니 큰 걱정 안하셔도 될 것 같아요.  전 단체 여행중에 위험인물을 만나거나 위험한 기분을 느낀 적은 없었답니다.  밤중에 개인적으로 돌아다니지만 않는다면 걱정할 만한 수준은 아니라고 생각해요.  또 이곳은 교통 여건이나 안전상 문제로 자유여행도 쉽지 않은 곳이기도 하구요...
  제가 다녔던 많은 여행지들 중에서 정말 기억에 남는 곳이 될 것 같아요.  특히 동남아 도심지 중에서 정말 재미있는 activity를 할 수 있는 곳이에요.
  나중에 기회가 된다면 또 노랑풍선 이용하고 싶고, 주변 사람들한테 마닐라 여행 강추하고 싶어요~!^^
  마지막으로 제가 마닐라에서 이번에 찍은 사진들 첨부할게요. 모두 즐거운 여행하세요~!^^
 








 "
마닐라..,"기대이상으로 즐거웠습니다. 팍상한 폭포, 따가이화산의 조랑말 트래킹..추억으로 간직할께요. 가이드 빅터(박우승 과장) 꼭 다시 뵙길 바래요~"
마닐라 션 가이드님 쵝오~~~!!!,"션 가이드님~~~!  오늘도 바쁘게 지내고 있겠지요?
  그런데 이걸 어째?  나는 오늘 새벽에 도착해 잠깐 눈 붙이고  나니 션 가이드가 보고 싶어 더 이상 도통 잠을 이룰 수가 없네?
  이럴 때 고객 관리 차원에서라 어떻게 해 줘야 하는거 아닌가요?
  내가 거기서 말했지요? 아무래도 돌아가면 션 가이드 앓이 할거 같다고.. 엉? ㅎㅎ
  농담 아니고.. 벌써 보고 싶으니 이걸 정말 어쩔꼬...
  아무튼 덕택에 아주 아주 흡족한  여행하고 돌아왔네요.
  이런 저런 무리한 요구에도 불구하고 가능하면 도와주려고 애써주던 모습도 고마웠고..
  여행 내내 별별 질문에도 귀찮아 하지 않고 설명 잘해주던 것도 고맙고..
  참..내가 누군지는 알겠수?  왜..그.. 질문 많이하고.. 반 대머리에 주책부리며 귀찮게 하던....
  엉덩이 사건의 주인공.,.ㅎㅎㅎㅎ 절말 그 때 생각하면 지금도.. 어휴!!~!!
  참..  늘 상냥한 모습으로 운전 잘 해주던 조이와 항상 열심히 뛰어 다니던 오스카에게도 안부 전해 주기 바래요.
  열심히 일하다 보면 언젠가는 좋은 날이 반드시 온다는 이야기도 해 주고..
  알려준 번호로 조금전 전화하니 현지 아주머니가 받아서 그냥 알았다고 하고 끊었는데..
  내가 나중에 시간되면 또 전화해 볼할께요.. 못 받을 가능성이 더 많겠지만..
  아무튼  덕택에 너무너무 즐거운 여행 보냈어요..
  모쪼록 늘 건강하고.... 항상 좋은 일만 있고.. 돈도 많이 벌고.. 그렇게 그렇게 항상 행복하기를 바래요..
  추신.. 션 가이드도 그렇고... 오스카도 그렇고.. 이제 슬슬 배 관리 좀 해야 하는거 아니야? ㅋ
  션~~!!! 화이팅~~~~~!!!!
     "
예상 밖의 마닐라 여행,"2013년 10월 18일 드디어 친구들과 마닐라로 여행을 출발 !!!
작년 송년회에서 친구들 끼리 던진 말이 시작이 되어 준비한 여행이 이제야 하게된것이다 그것도 머슴아 셋이서 ㅋㅋ
머슴아 셋이서 여행간다니 집에서 처음엔 섭섭해 하더니 다음엔 꼭 같이 갈것이라는 약속에 모두 OK!
30년만에 친구들끼리 가는 여행이라 무척이나 설레인것 같다.
마닐라 도착하자마자 호텔로 가서 가져간 소주로 건배하고 취침
아침에 일어나 식사하고 가이드를 만나보니 다른팀과 섞여서 움직일 줄알고 잇엇는데 왠걸 우리 셋이만 움직인단다... 와~우 전세냇네요....
가이드도 한국 사람이고 로이로 통하는데 필리핀 역사에 대해 박사 더군요 차에 타기 시작해서 지루할 시간 없이 너무나 재미잇는 말로 시간 가는 줄 모르고 관광을 즐겻습니다
처음 도착한곳은 따가이 따이 활화산인데 커다란 호수안에 섬이잇고 그곳에서 말을 타고 올라가 또하나의 화산 호수를 보고 오는것인데 조랑말 트레킹이 꽤 재미잇엇습니다
                                                                                               둘쨋날은 바탕카스로 가서 낚시도 하고 스노클링도 하고 바다에 띄어놓은 뗏목에서 바베큐도 먹고 세명이서 벙커보트를 전세내어 타고 다니니까 완전 힐링이라고 할까요?..... 너무너무 좋앗습니다
        큰 벙커 보트를 셋이서 전세내서 관광햇습니다
  뗏목에서 먹는 바나나 잎 밥과 무한제공 되는 바베큐는 힐링의 정점을 찍엇습니다
  저녁때 먹은 사브사브 해물과 고기도 무한리필 이맛에 하루종일 배가 꺼질일이 없엇습니다
    마닐라베이의 일몰 진짜 이것도 절경이엇죠
    배한척에 셋이 타고가니까 사공 둘이 무척힘들엇을 것입니다 ㅎㅎ 죄송 중간 폭포에 올라가서 사진 찰칵 !
  뒤로 보이는 팍상한 폭포 저 밑으로 뗏목타고 들어가서 소원 빌고 나왓습니다 ㅎ
    팍상한 폭포를 갓다오면서 필리핀에서 제일 유명한 파이집이라고 소개하고 사준 야자파이 이맛이 지금도 입안에서 맴돌고잇습니다 가이드 로이 너무 감사합니다
      시내 관광은 성당, 수도원, 스페인주택 리쟐공원등 여러곳을 다니며 역사 공부까지 시켜준 가이드 로이 정말 즐거웟습니다 다음에 꼭 다시 뵈러 갈께요 ^^
이상 힐링으로 다녀온 마닐라 여행이엇습니다 혹시 즐겁고 뜻깊은 여행을 원하신다면 남자끼리나 여자분들 끼리나 아니면 가족 끼리 어느 누구와도 잼잇게다녀올수잇는 마닐라 여행을 선택하시면 절대 후회 없을 것입니다
그리고 끝으로 가이드를 맡아주신 Mr 로이 정말 기억에 남는 날들로 만들어 주셔서 감사합니다
     "
마닐라의 행복한 여행을 마치고,"친정엄마를 모시고 추석연휴를 이용해 마닐라 여행을 다녀왔습니다.
떠나기 전 마닐라에 몰아닥친 태풍으로 인해 걱정스런 마음으로 출발했는데
그곳에서 지낸 3일동안의 날씨는 여행하기에 더없이 좋은 날씨였습니다.
따가이 따이에서 조랑말을 타고 오르던 산길에서 바라본 정경은 아직도 눈에 가득하고
팍상한 폭포수를 맞던 그 느낌 또한 온 몸에 남아 있습니다.
무엇보다도 친정엄마께서 즐거워 하시고 행복해 하셔서 더없이 행복하고 감사했던 여행이었습니다.
더불어, 필리핀에 대한 역사, 소개, 개인적인 삶의 일부분까지 나눠주신 양 카이 가이드님과 함께 할 수 있어
정말 행복하고 즐거웠습니다.
훈남 외모에 유머까지 최선을 다해 주신 모습에 여행의 기쁨을 풍족히 만끽할 수 있어 감사합니다.
또한, 현지 보조 가이드 만복아저씨, 순수하고 맑은 웃음이 벌써 그리워지네요.
다시 필리핀을 여행할 기회가 생긴다면, 함께 하고픈 양 카이, 만복아저씨 입니다.
함께 하신 분들도 너무 좋았고, 일상으로 돌아온 지금도 여전히 행복합니다."
넘 즐거웠던 마닐라 여행 - 마린님 감사해용^^,"지난 8월 27일 노랑풍선을 통해서 마닐라에 다녀왔어여^^
제가 가기전에 태풍 때문에 필리핀 상황이 좋지 않아서 걱정 많이하고 갔는데
비피해 전혀 못느끼고 잘 놀고왓네용ㅎㅎㅎ
3박 5일 내내 해가 쨍쨍했어여^^
  다른 일행이 없어서 저희는 개인가이드에 개인기사분 두고 넘 편하게
이동두하고  넘 즐겁게 보냈어용ㅎ
현지에서 저희 가이드였던 마린님 덕분에 넘 재미있게 보낸것 같네용 
  선택사항에 없던 바탕가스ㅎㅎ
동남아 갔는데 바다구경 안하고오면 넘 아쉬울것 같아서 일정에 넣어서 달라해서
갔다오고ㅋ 
스케줄 저희에 맞춰서 잼나게 보낼수 있었네용^^
        필리핀항공 요번에 처음이용해 봤는뎅 기내식도 괜찮구 깔끔하고 괜찮네용^^
후식으로 치즈케익아이스크림두 주구 ㅋㅋ
넘 조아용 ^^
        요기는 88핫스프링온천이에용 ㅎㅎ
사람 넘 북적거리지 않구 조용한게 완전 개인전용수영장 이었어요 ㅋ
경치도 좋구 물도 좋구
낭중에 가족들 데리구 오면 참좋을것 같네용 ㅎㅎ
      여긴 바탕가스 바닷가ㅎ
바다랑 발사 넘 멋지져? ㅋ
저 배 한국에 하나 가져오고 싶었어요ㅋㅋ
발사위에서 한컷ㅎ 
마린님과 찍은것두 한장있네용 ㅎ
      현지분들이 궈 주신 맛난 바베큐들 ㅋㅋㅋ
씨푸드 바베큐 배터지게 먹었네용^^
마니 남았었는데 아웅 또 먹고 싶어라 ㅠㅠ
저분들 더운데 바베큐 구우랴
스노쿨링할때 쓰레빠도 빌려주시고ㅋㅋ
스노쿨링할때 제가 계속붙잡고 다녀서 고생 마니 하셨쎄요ㅎ;;;;;
바나나보트도 타고
보트 뒤집어져서 물도 마니 먹고 ㅋㅋ
      이번엔 배타고 스노쿨링하고 물고기잡으러 가기 ㅎㅎ
요것이 고기잡이 도구에용 ㅎㅎ
낚시줄 끝까지 내렸다가 손에 느낌이 오면 후닥 건저야하는뎅
아~~ 넘 어려워용
제가 둔한건지 ㅋㅋㅋ;;
        고기들 ㅋㅋ
제가 잡은건 아니구용 ㅠㅠ
위에 얼룩이는 다른 일행이 아래 빨간애는 마린님이 ㅋ 한마린 필리핀아찌
저희는 올해에도 한마리도 못잡았네용 ㅜㅜ
      요사진은 다가이따이  앞이에용^^
아래사진은 여행하는 동안 운전해주신 필리핀기사분 ^^
      요건 이동중 마린님이 사준 코코넛 쉐이크에용 ㅎㅎㅎ
달콤하니 넘 맛나서 한국서도 팔면 먹고 싶네용 ㅋ
        아쉬운 마지막날ㅜㅜ
시내구경을 했어용 ㅎㅎ
성당앞에서 사진도 찍구 리잘파크도 둘러보공
필리핀사람들 가족들과 평화롭게 산책하는 모습들이 마니 보이더라구용^^
      나이트투어때 수산시장구경
해산물들 넘 신선해보이네용 ㅎㅎ
      과일 가게도 구경하구
과일의 황제두리안 냄새가 무시무시하다는 소문에
저건 먹어보지 못했네용 ㅎㅎ
      대신에 코코넛 주스와 요 망고스틴 ㅋㅋ
둘다 한국보다 저렴하게 먹어서 좋았어용 ㅎㅎ
      시간 조금 남겨놓고 몰오브아시아에서 야경구경하고
마지막은 맥주로 마무리하구 공항으로 갔네용ㅎㅎ
사진정리하다보니 이것저것 마니하고 잼나게 보낸거 같아요^^
가기전엔 걱정 많았지만 넘넘 잼난 마닐라 여행이었어용^^
흑흑 언제 또 갈수있으려낭 그리운 마닐라ㅜㅜ
여행 잼나게 이끌어주신 친절한 마린님 감사해용 ㅎㅎ
덕분에 여행 편하게 즐겁게 보냈네용^^
담에 언제 또 마닐라 여행가게 된다면 또 뵙기를 ㅋ
마닐라 아직 안가보신분들 마닐라 함 가보세용 넘넘 잼난곳이에요^^
기억에 남을 마닐라 여행기 마칩니당^^
         "
마닐라 팔라완 여행을 다녀왔어요~~,"위메프에서 보고 마닐라- 코론 4박 5일 패키지 여행을 다녀왔어요~~세부퍼시픽 항곡을 이용헤서~
필리핀 항공을 이용하고 싶었지만 인원이 부족하여 세부퍼시픽항공을 이용했습나다
급하게 결정하느라 이것저것 알아보지는 못했어요~~
관광과 휴양을 함께 할 수 있는 일정이랑 부푼 마음을 안고 떠났었더랬습니다.
첫날은 마닐라 그랜드오페라 호텔에서 묵었습니다.
호텔로 가는 차안에서 보는 시내모습은 제가 느끼기에 조금 무서웠습니다.
노숙자들도 많이 보이고.... 낯설어서 그렇게 느꼈을 수도 있지만 가이드께서도 말씀하시길 가이드 없을 때에는 호텔밖에 나오지 말라고 하시더라구요~~위험할 수 있다고요~
다음날 부수앙가로 갔습니다. 웨스트타운 리조트 특급이라고 해서 많이 기대했었습니다.기대보다는 쪼금 아쉬웠지만
생긴지 얼마되지 않아 깔끔하긴 했어요~~ 부수앙가라는 곳이 생각했던 것보다 정말 시골이더라구요~~
리조트에 매점같은 것도 없고 물건을 사오려면 관광하러 나갔다가 사와야하고~~그래도 만족하며 즐겁게 일정을 보냈습니다.
필리핀은 지금 우기라고 하더라구요~~ 일정내내 비가 내려 많이 덥지 않게 지낼 수 있었습니다.
둘째셋째날 까지 일정을 모두 마치고 넷째날 마닐라로 가기 위해 비행기를 기다리는데 두둥~~~
비행기가  마닐라에서 날씨가 좋지 않아 출발하지 않고 취소가 됐다고 하더라구요~
전날 가이드가 말하기를 날씨악화로 비행기가 뜨지 않으면 여행자가 알아서 가야한다고 했었습니다
정말 그대로 되어버린거죠~~
우리 일행과 같이 다녔던 다른 일행도 당황하기는 마찬가지,,
다행히 현지 외국인 가이드가 안가고 기다리고 있어 수습을 해주었습니다.
.다음비행기가 4시에 있는데 세부퍼시픽은 뜰지 안뜰지 모르는 상황이구 우선 자리가 없다고 하더라구요~~
같이 다녔던 다른 일행중 한분이 필리핀 항공에 가서 알아보니 카드 안되고 달러 안되고 페소로 6800페소를 내야한다고 하더라구요~ (우리가 타야할 세부퍼시픽은 뜨지 않았지만 필리핀항공은 왔습니다.)
가이드 연락되서 물어보니 오후 비행기도 뜨지 않으면 하루더 묵어야 한다고 하고.
리조트에 묵으려고 해도 현금이 없어 곤란한 상황이었죠~다음날도 비행기가 뜰지는 장담할 수 없는 상황이고
너무 당황하여 일단 여행사에 전화를 했습니다. 분단 1900원의 통화료를 감수하고...
담당자 점심먹으러 갔답니다. 현지 가이드와 상의해보고 전화를 준다고 하셨습니다.
그날 여행사로부터 전화는 없었습니다.
일단 4시비행기 대기를 걸어놓고 기다리고 있었습니다.
한국인 가이드도 공항에 왔습니다.
비행기를 탈 때까지 옆에서 같이 기다려주었습니다.
다행이 4시 비행기는 마닐라에서 떳고 자리도 있어 우리는 무사히 마닐라로 왔습니다.
오전 11시 비행기를 타기 위해 부수앙가 공항에 9시에 도착하여 5시에 비행기를 탔습니다.
기다리는 동안 불안하기도 하고 짜증도 나고.....
마닐라 도착하여 저녁을 먹었습니다.. 넷째날 일정은 유적지를 둘러보는 일정이었는데 비행기 기다리느라 암것도 하지못한 상황이었죠. 가이드는 안타깝지만 기상악화로 일어난 상황이라 어쩔 수 없다는 식으로 좋게 좋게 이야기해주셨습니다.
자연재해이기 때문에 어쩔수 없었던 상황이었지만....속상했습니다.
마닐라 호텔로가서 하루 묵고 다음날 일정 보내고 한국으로 무사히 돌아왔습니다.
첫 필리핀 여행.... 무섭고 재밌고 험난했습니다.
비행기만 아니었더라면 정말 재미있었던 여행이었겠지만......
여행사에서는 필리핀이 우기라서 항공이 지연되거나 취소가 될 수 있다는 말씀은 한마디도 없으셨습니다.
지연되는거는 이해할 수 있습니다.... 기다렸다가 타면 되니까요.
그런데 여기는 지연이라 아니라 취소였습니다. 우리 비행기 티켓은 취소되고 어떻게 해서든 다른 티켓을 구해서 마닐라로 가야했던거죠..
우리 상황은 그나마 다행이었지만 4시 비행기에 자리가 없었으면 우리는 어떻게 되었을까요??
생각만해도 짜증이 납니다.
여행사에서는 상의해서 전화를 준다고 해놓고 전화도 없고요~~
사전에 필리핀사정에대해 자세히 설명해 주지도 않았고....
저희는  달러로 환전을 해갔는데 마닐라 부수앙가..우리가 다녔던 곳은 달러도 받지 않고 카드도 안되고 오직 페소로 지불을 해야했습니다.
여행가기전 여행사에 전화해서 얼마정도 해가냐고 물어보았는데 달러로 금액 정도만 알려주었지 페소를 사용해야하니 페소로 환전하라는 이야기도 없었습니다.
페소를 많이 환전하지 않은 우리는 참 답답했습니다.
돈을 쓸수 없었기때문이죠~~
마닐라가이드 부수앙가 가이드는 두분 다 좋으셨습니다.
이야기도 많이 해주시고,,
그러나기상악화로 인해 발생한 일은 예상치 못한 상황이라 너무 당황하였습니다.
여행사에서의 대처도 너무 황당하구요.
여행사에서 저랑 통화를 하고 난 후 가이드와 연락을 취하셨겠죠~~
가이드가 와서 잘 수습이 되긴 했습니다만 그래도 여행사에서 이래 저래 가이드와 이야기를 했다 걱정말고 기다려라는 머 이런 내용의 전화가 왔어야하는거 아닌가요??
그리고 여행 일정표에 기상악화로 인해 일정이 변경될수 있다는 말은 있습니다. 그런데 우리 상황은 변경이 아니라 취소가 된것 아닌가요??
우리 여행비에 유적지둘러보러 가는 이동차량경비라던지 가이드 안내 비용이 포함되어있는거 아니가요?
취소된 우리 일정은 어떻게 되는 건가요??
여행을 다녀와서도 어떤 연락도 없더라구요~~
여행은 즐거웠지만 먼가 껄끄럽습니다.
까양안 레이크가 정말 인상적이었습니다~~
다이빙을 해보셨던 분들은 다른 곳 보다 물고기떼가 많아 좋았다고들 하시고요~~
웨스트타운 리조트 좋습니다. 마닐라 그랜드 오페라호텔은 별로 였습니다. 호텔주변도 별로구요~~
코론여행을 계획중이시라면 참고하세요~~
세부퍼시픽 말고 필리핀 항공 이용을 추천해드리고 싶습니다.
 "
마닐라 팍상한 3박4일,"7월 11일 밤비행기(세부퍼시픽)타고 3박 4일 마닐라 ,팍상한,따가이따이 여행 다녀왔어요,,,베테랑가이드언니(세라님)께서 넘 안내도 잘해주시고 똑똑하시고 친절하셔서 즐겁고 유쾌한 시간이 되었습니다. 망고랑 바나나 부코?피자(코코넛으로 만든과자)도 가이드 언니께서 사주셔서 넘넘 맛있었어요,,^^날씨도 얼마나 타이밍이 잘 맞던지 감사했습니다. 음식점에서의 식사들도 한국음식만 먹었던것 같네요,, 특히 해물과 소고기 두종류가 같이 나온 샤브샤브집 기억날만큼 맛있었어요,,(현지음식도 먹어보고 싶었는데 조금아쉽네요)  ...팍상한폭포는 길이길이 기억에 남을것 같아요,,, 아마존의 정글에 온 듯 다른세상에 온듯 절경에 감탄했고 잘생긴 현빈 닮은 사공 넘 친절하고 착하더군요****^^다만 모든 패키지가 그렇듯 제한된 시간 , 타이트한 일정으로 자유롭게 필리핀의 시장이나 주변은 구경할 시간과 여건이 없었던 점 못내 아쉽네요 ,,,묵었던 그랜드오페라호텔 서비스는 괜찮았지만  차이나타운 주변이 너무나 복잡하고 어수선하고 치안이 위험해보여 여행마치고 입실하면 다시 좀 나가서 구경할 엄두를 낼 수 없는 분위기더군요,, 다른 호텔은 안가봐서 모르겠지만  마닐라 다른 곳들도 다 이런지 궁금하네요,,,어쨌든 즐겁고 감사히 잘다녀왔습니다^^"
마닐라 써니 가이드님 너무너무 감사드립니다.,"써니 가이드님~
  여행을 인솔해주신 가이드 써니님 너무너무 감사드립니다.
해외여행 갈때마다 옵션을 강요받아서 스트레스 받았었는데,
이번 여행에서는 써니님의 배려로 그런 부담이 말끔히 사라졌습니다.
해외 패키지 여행을 자주 가는 편인데, 써니님 같은 가이드분 만나기 쉽지 않을 것 같아요.
항상 아이들을 동반하는 저희로써는 이렇게 편안하게 스케쥴에만 충실하게 진행해 주시는 가이드분을 만나는 것이 정말 축복이거든요.
이번 여행 다녀온 후로 우리 아들도 벌써 써니 가이드님이 보고싶다고 합니다.
써니 가이드님! 주중에 꼭 한번 전화드릴께요~"
마닐라 즐거운 여행이었습니다.,"먼저 이자리를 빌어.. 3박 5일간 고생많으신 써니 가이드님 감사의 말씀을 드리고요.
  너무 좋은 시간 잘 보내다 왔습니다.
  예전에 다녔던 패키지 여행과는 달리 친절하시고 강요없으시고 잘해주신 써니가이드님 감사해요.
  이런분들이 많으셨음 좋겠네요..
  몇명 되지 않는 인원과 함께 움직이면서 짜증한번 안내시고 항상친절하시고
  기회가 되면 다시한번 뵈었음 합니다.
  그리고 노랑풍선도 더불어 감사해요.^^
  이런 가이드분이 많았음 좋겠네요. ^^"
필리핀 마닐라에 행복했던 추억,마닐라에서 가이드 곰돌이 애디 덕분에 너무나도 즐겁고 행복한 시간을 만들어 주셔서 감사드려요..다음 여행에도 꼭 만날수 있엇음 좋겠네요..건강하게 잘 지내요.. ◀◀서울에서 반경희가▶▶〈2013년 2월 17~2월 21일〉일정
친절하고 고마우신 마닐라 윌리김차장님!!!,"  여름 가족과 마닐라 패키지 여행을 다녀왔습니다. 패키지 여행인데도 공교롭게 우리가족 4인만 있어서 단독가이드를 받게되어 처음에는 부담감이 없지 않았었는데..... 
  한국이름은 생각 안나고 '윌리김'차장님!!  정말 친절하게 해주시고, 우리가족 부담없게 해주시고, 울가족 여행 정말 즐거웠습니다.  김차장님!!  마닐라의 제일가는 가이드를 만나서 우리에겐 큰 행운이었습니다.
 "
닐라닐라 마닐라~~~,"주말을 이용해서 가기에 좋은 마닐라에요~
비행 시간도 4시간 30분, 딱 좋은거 같습니다.
마닐라에서 즐길 수 있는 포인트 세가지-- 씨푸드 맛집, 마사지/패디큐어, 쇼핑 정도겠지요~



마닐라를 갈때마다 들리는 마까빠갈에 있는 시푸드마켓입니다~
저렇게 주인 사진을 찍고, 담에 갈때 보여주면 덤으로 몇개 더 주곤해요~~~



위에 가게에서 랍스타, 게 등 온갖 싱싱한 해산물을 구입하면 쿠킹을 해주는 곳으로 안내를 해줍니다.
메뉴판 차지만큼 쿠킹차지를 받은 후, 원하는대로 요리를 해서 갖다 줘요~~~~


씨푸드 마켓 옆에는 열대과일 가게가 있는데, 망고를 사다가 레스토랑에 갖다주면 예쁘게 컷팅해서
조리된 음식과 함께 갖다주더라구요~~~



마사지는 더 스파를 많이 가시던데, 저는 휴마사지라는 곳이 더 나은것 같습니다.
여러가지 마사지 중에 몸에 뜨거운 돌을 올려놓고 릴렉스하게 해주는 스톤 마사지가 정말 쵝오라고 생각해요~
1시간30분에 1,200페소 정도 줬던걸로 기억하구요. 위치는 말라떼 아드리아티코서클 근처에 있답니다~


여자분들은 패디큐어 많이 하시잖아요~~
요기는 Mall of ASIA 2층에 있는 패디큐어 전문점입니다~
메니큐어만 해주는데 50페소였어요~~ ^^ 참 착한 가격~


주말 여행으로 일본이나 홍콩을 많이 가시는거 같은데요~
마닐라도 주말 여행으로 충분한 매력이 있는것 같습니다~
맛집, 마사지, 쇼핑... 뭐하나 빠지는게 없고, 비행 시간과 패턴도 괜찮은거 같아요~



추신 : 2차 동남아 지역 선택 후, 3차 세부 선택이 안되어지네요~~~
 "
마닐라 3박4일 - 최고의 가이드!!! 크리스(고정환)님~~~! 감사합니다~♥,
즐거웠던 마닐라/보라카이 여행,"친구와 함께 떠난 마닐라/보라카이 여행 너무너무 즐거웠습니다 !! ㅋ

도착한날, 떠나는날의 날씨만 화창하고.. 일정하는내내 비가 오긴했지만ㅠ

날씨가 안좋았음에도 불구하고 진짜찐짜 기억남는 여행이였습니다 ~

두말않고 사진 투척할께여 ㅎㅎ



깔리보 공항도착해서입니다ㅋ



보라카이 선착장에 도착하자마자 찍은사진인데 뒤에 바다가 너무 이뻐서 ""와~~ 진짜 이쁘다 "" 라는 말만 계속 반복했죠ㅎ



호핑투어의 꽃 !! 낚시를 즐기는중 ㅋㅋ 내가잡았다잉~~~~ 나한테 잡혔다잉~~ ㅋㅋ



스노쿨링하는중인데.. 저희둘다 눈뜬겁니다 ㅋㅋㅋㅋㅋㅋㅋㅋㅋㅋ



비가 내리고 있지만 세일링보트를타고, 바다로 바다로~~ 함께 일정진행했던 분들과 함께 !! ㅋ



내리째는 햇빛에 너무 지쳐서 마닐라 시내관광은 여기 밖에 못했네여 ㅠ


날씨만 더 좋았더라면 하는 아쉬움이 있지만,

저와 제 친구의 맘속엔 정말 아름다웠던 보라카이입니다 !!

드라이시클의 매연때문에 머리가 좀 아프긴 했지만ㅠ 색다른 경험이였어요 ~

다음엔, 커플여행으로 가고싶습니다아아아앙아~~ㅠ"
즐거웠던 마닐라/보라카이 여행,"노랑풍선을 이용해서, 친구와 함께 마닐라/ 보라카이 여행다녀왔습니다.

첫 해외여행인지라 설레임반 두려움 반으로 떠난 여행이였는데,

마닐라 현지가이드분 (패티언니)와 보라카이 가이드(하강사님)께서 너무 잘해주셔서 즐거웠던 여행이였습니다,

필리핀이 우기여서 그런지 저희가 일정으로 하러 나갈때만 비가 오더라구여..

덕분에 비를부르는 여자라며 가이드님이 놀리시구ㅜㅜ(진짜 리조트안에서 제가 쉬고있음 거짓말처럼 비가그치는;;)

날씨가 많이(?) 좋진 않았지만 정말 즐거웠던 여행이였습니다 ^^

다음에 기회가 된다면, 그땐 꼭 !! 커플여행으로 다시 한번 찾고 싶은 보라카이입니다 !!"
"[보라카이-마닐라 3박 5일, 8월 1일~5일] Worst of Worst Guide, 에밀리","안녕하세요. 노랑풍선 덕분에 의미있고 즐거운 여행을 다녀온 여행객입니다. 8월1일~8월5일 (마닐라-보라카이-마닐라 코스)성수기임에도 저렴한 가격대비 아주 양질의 여행을 즐길 수 있어서 참 다행이었습니다.
이 글을 이곳을 통해 올리는 이유는 개인적인 푸념을 떠나 3박 5일간 함께했던 다른 여행객들의 의견을 모아 불편했던 점에 대해 전달하여 노랑풍선의 더 나은 발전을 위함입니다.
다수의 의견이므로 ''저''가 아닌 ''저희''로 표현하겠습니다.
자유여행이 아닌 패키지 여행의 처음과 끝은 ""가이드""가 아닐까 합니다. 많은 여행객들이 자유여행이 아닌 패키지 여행을 선택하는 이유는 방문하고자 하는 여행지에 대한 지식과 경험이 부족하기 때문에 그 부분을 해소시켜 즐겁고 신나는 여행이 될 수 있도록 도와주는 분들이 바로 가이드분들일 것으로 생각됩니다. 물론 전적으로 가이드분들께 책임이 돌아가는 것은 아니지만 아무래도 비중은 좀 더 크다 생각합니다. 가이드분들이 여행객들을 얼마나 잘 이끌어 주느냐 하는 게 해외 여행에 있어서 중요하다 생각합니다. 그런 부분에 있어 좋았던 점과 아쉬웠던 점, 특히 아쉬웠던 부분을 전달하고자 합니다.
이번 여행에서 저희는 총 3명의 가이드 분들과 함께하였습니다.
1일차 마닐라 - 올리브 가이드
2~4일차 보라카이 - 니나 가이드
5일차 마닐라 - 에밀리 가이드
# 올리브 가이드
서글서글한 인상에 얼굴보다는 어려보이는 목소리로 마닐라에 막 입성한 저희들과 간단한 점심 식사 후 보라카이로 넘어가기까지 길지 않은 시간이었지만 성의를 다해주시는 모습, 열정적인 모습이 참 보기 좋았습니다. 보라카이에서의 시간을 더욱 기대되게 만들어 주셨다고 할까요? 짧지만 임팩트 있는 인상을 남겨주셨습니다.
# 니나 가이드 (놀란, 라이언 헬퍼)
보라카이에서의 3일을 책임져 준 니나 가이드와 두(놀란, 라이언) 헬퍼. 참 고생이 많았었으리라 생각됩니다. 숙소가 두군데로 나누어져 있어서 스케줄 관리라던지 선택관광 진행이 번거로웠음에도 불구하고 늘 웃고, 활기찬 모습으로 이끌어줘서 3일간 보라카이를 알차게 느낄 수 있었습니다. 조금 아쉬웠던 부분을 꼽자면
* 선택관광에 대한 사전 설명이 부족 : 버그카 관광에 대한 설명이 없었던 부분, 그리고 ATV는 1인당 1대를 이용해야 하니 1인당 비용을 지불한다해도 버그카를 이용하는 경우 2인당 1대로 이동하는데도 비용인 1인당 비용을 모두 내야하는 부분은 조금은 부담 스러웠습니다. 미리 설명이 된다거나 비용부분에 대한 조정이 필요하지 않을까 합니다.
해외 여행시에는 예상치 못했던 비용 지출이 늘 있을거라 생각합니다. 그래도 대부분의 사람들은 아마도 이왕 왔으니 즐기다 가자라는 기쁜 마음으로 추가 비용을 들여 그 곳에서만 즐길 수 있는 선택관광을 할 것입니다. 이런 부분에 있어서 니나 가이드는 사람들로 하여금 기분 상하지 않도록 유도를 잘 하신다고 해야할까요? 되도록 저희들에게 맞춰주시려고 하는 부분이 좋았습니다.
  # 에밀리 가이드 - 핵폭탄
여행의 마지막 날. 마닐라에서 무박으로 한국으로 돌아오는 일정 이었기에 보라카이에서의 좋았던 기세를 이어 마닐라에서도 기쁜 마음으로 즐기다 돌아갈 수 있을거라 생각했습니다. 에밀리 가이드라고 하시더군요. 듣기로는 꽤 알려지신 분이라고, 가이드들 가운데서는 경력 오래되시고, 나름 TOP이라고 하시더군요. 사람 기준은 각자 바라보기에 따라 다르다고 하더니 그말이 맞는 모양입니다. 가이드들 사이에서는 TOP일지 모르지만 적어도 저희 12명의 눈에서는 Worst로 영원히 기억될 듯 합니다. 내용을 간단히 정리하면 아래와 같습니다.
1. 일단 첫 만남부터 반가워 하는 기색은 찾아볼 수 없었습니다. 마치 더운날 나오기 싫은데, 그것도 마닐라에서 며칠 묵어가는 여행객도 아니고 무박으로 바로 출발하는 여행객들 귀찮아 하는 얼굴?
2. 버스에 타자마자 선택 관광으로 웅성웅성 했다죠. 다들 팍상한 폭포에 대한 내용들만 알고 있었습니다만 저를 포함한 몇몇은 선택 관광을 할 지 안할지 결정을 못내린 상태였고, 선택 관광을 안 할 사람들도 있는 상태였습니다. 이러는 가운데 에밀리 가이드님.
이렇게 단합이 안되는 분들은 처음 봤다느니,
팍상한은 비가 많이와서 제대로 끝까지 못간다느니,
따가이 따가이가 있는데 거기도 비가 많이 와서 질퍽질퍽 할 거고 말을 1시간 이상 타야하기 때문에 힘들거라느니...
과연 이런말을 듣고 누가 선택관광을 하고 싶은 마음이 들까요? 가지 말란 소리죠. 그러는 와중에 몇몇으로 나뉩니다. 팍상한 vs 따가이 따가이. 이 때 제대로 초 치시는 에밀리 가이드님.
과반수(7명) 이상 안되면 못 움직입니다.
이게 무슨 경우인지 다들 황당한 표정. 기분좋게 와서 화내고 싶지 않았기에 참아봅니다. 이건 완전 가지 말라는 소리에 결국 간단히 마사지로 대신하자는 의견으로 좁혀져서 4명을 제외하고 마사지를 한다고 합니다. 이 때 또 한마디 거드시는 에밀리님. 아마도 깐죽거리는 게 TOP인 모양입니다.
네분은 안하세요? 왜 안하시지? 다 하시면 내가 서비스 넣어주는데~
정이 확 떨어지는 소리에 ''씹자''라는 생각을 굳혀 버립니다. 여차저차 결정되고 시내 관광 들어갑니다. 말이 시내 관광이지 대충 차 세워놓고 20분간 시간줄테니 알아서 다녀오라는 게 무슨 시내관광인지는 모르겠습니다만 더 웃긴 거 관광청에서 직원이 나왔답시고 사진 찍을거니 나중에 뽑아오면 얼마나 안하니 사달라는 에밀리님. 앵벌이로 돈 버시나 봅니다.
2. 무슨 성당을 관광하는데 여기 어딘지 모르시냐는 에밀리님. 다른 사람들은 다 알아 보는데 모른다고 구박아닌 구박이시네요. 비가 나왔던 도망자-플랜B 촬영지 였대나. 몰라서 죄송하네요. 너~~무 재미가 없고, 비따위 그닥 관심이 없었답니다.
3. 간단한 쇼핑을 하는데 아마도 쇼핑하면 얼마의 리베이트가 생기는 그런 곳이었겠죠? 떡하니 계산대 앞에 기대고 서서 우리들이 멀 사나 안사나 지켜보는 듯한 에밀리님. 그나마 돈 챙길 수 있는 곳이어서 그랬는지? 그래도 제가 제일 많이 사드렸으니 저한테 나중에 감사하세요. 다른 사람들이 거기에서 아무것도 안사면 꾸사리 먹을 거 같았답니다. 혹시 강매 전문?
4. 선택 관광 없으니 알아서 시내 관광 하랍니다. 어딘가에서 내려주더니 몇시까지 무조건 집합하라는 군요. 참~ 편하게 가이드 하십니다. 하긴 그래서 TOP이려나요? 일 별로 안하고도 돈은 벌테니 말입니다. 그래도 덕분에 저희들끼리 아~주 즐거운 시간 보냈답니다. 방치해줘서 감사합니다.
5. 마사지 시간에 맞춰 다시 모이니 옷까지 갈아입고 머리스타일도 바꾸고 나오신 에밀리님. 아하~ 다 끝나고 놀러 갈 준비? 근데 스타일이 좀 거시기 했답니다.
6. 그래도 시간은 흘러 돌아갈 시간이네요. 공항에 가서 해야할 게 왜 그리 많은지. 혼자서 머라머라 막 떠드시는 에밀리님. 결국 알아서 다 하란 소린데 정말 대충 설명하더니 후딱 인사하고 후딱 빠져버리시네요. 놀러갈 시간에 늦었나 보죠?
과연 이렇게 장황하게 적을만한 얘기인지도 모르겠습니다. 그리고 이렇게 적어서 ""고객불편신고""란에 접수한다한들 저희에게 돌아올 것도 없을테고, 그렇다고 에밀리 가이드에게 이 부분에 대한 내용 전달이 될 지 안될지도 모르는 것이고, 전달이 된다고 해도 뭔가 부족했다 생각이나 할런지 모릅니다. 하지만 그러함에도 이 글을 적는 이유는 말 그대로 기분이 나빴기 때문입니다. 그리고 그 가이드 한 사람으로 인해 ''노랑풍선''의 이미지가 확 깎였기 때문입니다. 이런 얘길 적는다고 꿈틀할지 안할지 모를 일이지만 적어도 저희가 아닌 다른 사람들이 혹시나 여행길에 올라 에밀리 가이드를 만나 저희같은 기분을 느끼지 않았으면 하는 바램입니다. 한마디로 말해 최악이었으니까요.
노랑풍선에서도 이 글을 어떻게 받아들이시고 처리하실지는 모르겠습니다. 어느 정도의 답변은 기대하도록 하겠습니다. 경우에 따라 2차 피해를 막기위해 이 글은 여행후기나 칭찬합시다 게시판에 올릴 예정입니다. 사람들이 알 권리는 있을테니까요.
3박 5일간 에밀리 가이드와의 기억만 뺀다면 아주 만족하기 때문에 노랑풍선에 대한 아쉬운 점은 크지 않습니다. 하지만 노랑풍선이 ''누런풍선''이 되지 않기 위해선 이러한 부분도 귀 기울여야 할 것으로 생각됩니다.
번창하는 노랑풍선이 되길 바랍니다.
감사합니다."
마닐라 최악의 가이드 ′루시′ 컴플레인합니다,"8월 1일~5일까지 4박5일간 마닐라/보라카이 여행을 다녀왔습니다.

보라카이에서 가이드 해주셨던 분과는 다르게

여행일정 내내 일행들을 불편하게 해 줬던 가이드 경험이 10년 정도 된 ''루시''라는 현지 가이드를
 
컴플레인 하고 싶습니다.


1. 추천 관광(옵션)의 지속적 강요

 여행 일행이 총 12명(성인 10명, 아이 2명)이였고, 성인 10명 이상 시에만 패키지 할인을 지속 강요함

 : 제 와이프가 물에 몸을 담글 수 없는 상황이어서 추천 관광 불참을 원했지만, 성인 10명 이상 시에만

   패키지 할인이 가능하다며 발만 담그라는 등 지속적 강요를 함

   하지만, 결국 저와 와이프가 불참하여 성인 8명, 아이 2명만 참여 하였지만 할인 금액으로 받음.

   결국, 추천 관광의 비용은 인원수와 관계 없이 정해져 있었음에도 거짓으로 강요함

2. 추천 옵션(88 온천)에 미참석 의사를 밝혔으나 다른 일행이 온천 관광을

    마칠동안 온천장 밖에서 기다리게 함

    (차량 왕복시간 3시간, 대기 시간 3시간)

추천 옵션을 못하게 되어서 호텔에 데려다달라고 요구했지만
 
""호텔 체크인이 4시기 때문에 호텔에 갈 수 없다""

""여기서 호텔을 들러 두 사람을 내려주면 1시간이 소요되는데 일행들에게 피해가 된다""

""가서 발만 담궈라"" 등 지속적으로 옵션을 강요했습니다.

결국엔 같이 온천을 가서 다른 일행들이 온천 관광을 할동안 밖에서 기다렸습니다.

3. 추천 옵션 미참석 시 추가 요금(저녁 식사값) 강요

및 인격 모독 발언

예정된 일정표 상에는 저녁 식단이 샤브샤브 였지만 온천 내의 식당에서 특별식을

먹겠다며 추천 관광 미참석하는 우리에게 (5달러/인당) 금액을 요구함.

우리가 식사값 추가 요금에 대해 이해가 가지 않는다고 설명을 요구하자

다른 일행이 저녁을 먹을동안 기다렸다가 예정된 샤브샤브 식당으로 데려다 주겠다고 함.

그리고 저녁 먹고 저와 와이프만 숙소로 들어가는 택시 비용 문제에 대해

''저녁 식사 추가요금 5달러도 아까워 하는 사람들인데 자기가 택시비 내준다''고 말하면서

고개를 절레절레 흔들며 일방적으로 돌아서서 온천으로 들어가버림

결국에 일행이 6시에 저녁을 먹은데 비해 우리는 8시가 넘는 시간에 저녁을 먹을 수 있었음.

4. 상습적인 거짓말로 여행 일행에 불신 조장

1) 호텔 카지노 이용에 대한 질문에 대해 '' 반바지 및 슬리퍼'' 복장은 출입이 안된다고

하여 일행 대부분이 이용하지 못함

2) 호텔에서 운영하는 시내 무료 셔틀이 존재함에도 불구하고 시내로 나가는 방법이

어렵다고 되반복함

5. 마지막날 아침 호텔로 픽업이 30분 늦음(약속 시간 전에 미리

연락을 줄 수 있음에도 불구하고 약속 시간 이후에 연락이 와서

늦는다고 함) 


6. 되돌려 받아야할 공항세를 마지막날 점심 식사 이후 커피값으로

대체를 요구함

: 여행 일행의 요청이 없었음에도 불구하고 되돌려 받아야할 공항세(40페소/인당)를

잔돈이 없어 개인별로 나눠주기 어렵다는 이유로 식당에서의 커핀 한잔으로 대체를 요구함.

하지만, 직원에게 확인 결과 커피값은 (20페소/잔) 였음.

7. 기타 다른 일행들과 가이드와의 마찰이 다수 있었음

결론) 해외 여행의 경우 대부분의 사람들이 나라마다 1번 이상

여행하기 힘드리라 생각합니다. 하지만 이번 마닐라 여행에서 만난

가이드로 하여금 마닐라 전체에 대한 이미지가 나쁘게 인식이

되어 안타깝습니다.

앞으로 여행을 앞둔 관광객분들에게는 피해가 없도록 노랑 풍선의

적극적인 대책과 조치를 요청합니다.

*마닐라 ""루시""가이드 비 환불 요청합니다!!!"
7/30~8/3 보라카이&마닐라 개념없는 가이드,"정말 어처구니가없어서.. 여러 여행사를 통해서 여행을 다녀봤지만(우기철에도) 노랑풍선 대 실망입니다.
7/30:일단은 보라카이 준가이드 첫날을 보라카이로 이동하는데 하루라는 긴 시간을 보낸터라 많이 지친상태였고 첨으로 부모님 보시고 간 여행이라서 힘드시진 않으실까 이런 저런 걱정을 하던 상태에서 리조트를 보니 넓고 시설이 좋아서 그런 걱정은 기우겠지하면서 짐정리를 하고 있었는데 옵션정한다고 방에와서는 옵션중에 마음에 드는게 없고 다 한번씩 해본거라서 팍상한폭포랑 어메이징만 할거라고 했더니 하는말... 그럼 마닐라 5일 관광을 하시지 그러셨냐고.. 내참.. 어의가없어서.. 팍상한을 마닐라에서 한다는사실을 모른 상태였고 이런말을 들을 입장은 아닌것같고 글고 가족들이 오셔서 아무것도 안해주시면 전 뭐 먹고 삽니까? 이게 할말인가요? 가족들이 봉입니까? 글고 덧붙이는말 다들 30만원씩은 못해도 환전하시지 않으셨을것 아닙니까.. 이딴식으로 말하고..그래서 어쩔수 없이 부모님꿀마사지 시켜드렸습니다..
7/31: 옵션에 체험 다이빙이 있었습니다.. 이 체험 다이빙이 이론으로 그치는 거였습니까?? 숨쉬는거 몇 번 알려주더니 할사람은 배타러 뒷바다로 나가라고 하고 저희는 자유시간이였습니다.. 오기전에 보라카이에대해 이것저것 알아본터라 오히려 저희에게는 좋았지만 2틀날은 그나마 양호 했습니다.
8/1:호핑투어하러가는데 거의 1시간 가까이 가이드는 나타나지도 않고 어떤 부연 설명도 없는 상태에서  현지 사진찍는사람과 헬퍼만있고 그들도 가이드 기다리고,, 드뎌 와서는 하는말..어제오신 손님들의 다이빙이 늦게 끝나서... 뭐 이런 대책없는 미친 가이드가 있나요? 전날 헤어질때 상황을 미리 말해 주었어야죠...
8/2:드뎌 마닐라로 이동 5시 집합.. 버스에서 하는말.. 제딴에는 챙겨드리느라 챙겼는데 마음에 드신분들고 있으실테고 아니신 분들도 있을테고 안좋은 추억은 바다에 던져버리고 좋은 추어만 가져가라고?? 자기도 이건 아니다 싶었나보죠?? 암튼 드디어 개념없는 자질없는 준가이드랑 헤어지고 마닐라에가서 하루라도 신나게 놀자는 생각에 기대하면서 출발했는데 오래된 루시 또한 가이들를 왜하나 싶을 정도로 무기력??  푸념?? 우기철이였기때문에 날씨는 예상하고 왔습니다.. 비가 많이 오더라도 우산쓰고 구경하는것도 추억이 될 수 있는거였고 저희에게 필요했던거 재밌는 일화라던가 마닐라의 여러가지 에피소드라던가 이런게 필요했던거지.. 비가 많이 오니까 저도 이래서 8월에는 일을 안하려고 했다고 우기철에는 손님들도 괴롭고 저도 괴롭다고 비가와서 어디 내릴곳도 없다면서.. 더군다나 황당한건 옵션을 하나로 모으라는 겁니다.. 팍상한을 예상한 저희(6명)는 오고가고 6시간이라는 말에 고민에 쌓였고 그럼 어메이징과 마사지를 받을 생각이였는데 다른 팀들은 온천 또 2팀은 다 안하겠다.. 차는 한 대이니 조율해서 말해달라하고.. 다른 팀들도 마사지는 많이들 받아서  온천을 택한거였고 2팀정도는 다 마음에 안들어서 하기싫다하고 우리는 온천은 싫다 했더니 이래서 모객이 힘든거라고하면서 표정에 짜증이 나있고... 다들 모객해서 여행오는거지 그런거 모르고 손님 모객했나요?? 일단 저희가 온천으로 방향을 틀어서 온천에서 시간때우다가 서울로 왔습니다..어떻게 20명이 하나의 의견으로 조율합니까? 그럼 옵션이라는 말을 넣지 말던가.. 마닐라에서의 일정은 시내관광이였고 옵션관광이였는데 첫날 할 것 없다고 대충 시내한바퀴돌고 마지막날 그것조차도 미리해버려서 시간을 어떻게 때우나라는 고민을 우리에게 맡겨버리고 우기철에도 모객했을텐데 일정 같은건 미리 짜내야 되는거 아닌가요? 오래된 루시하는말... 대부분 시간때문에 마닐라 외곽에서 시간때우다 오는거라고 하시더라고요...그리고나서 덧붙이는말 대부분 한쪽 의견으로 조율이되는데 이렇게 안되는것도 첨이라고...
제가 여러 여행사를 통해서 여행을 다녀봤지만 이런 가이들 첨 봤습니다..건기 우기할것없이 다녀봤지만..혹여라도 일정에서 벗어나는 상황이 생기는 경우가 있다면 미리 상황설명해주시고  가이드님들께서 미리 사전 양해 다 구하시고 지루하지않게 상세한 설명해주시고 옵션선택시에도 하지않는사람에게 미안한 마음갖지않게 잘 해주시고 잘 챙겨주셨는데 이번여행에서는 가이드들에게 케어받은 부분이없습니다.. 가이드비 돌려주세요.. 정말 아깝습니다.. 그렇다고 상품이 저렴한가요?? 다른 여행사에 비해서는 성수기치고는 1~20정도 저렴했죠?? 이딴식으로 할거면 가격 제대로 받던가요.. 저희가 지불한 금액이 적은가요?? 우리가 가이드 먹여살릴려고 좋은 기분으로 출발한 여행에서 옵션 강요 받아야하나요? 2개하면 1나 껴준다.. 지금이 어느시댄데.. 그런식사고로.. 참내.... 전 정말 여행다녀와서 오자마자 상품평 올린것도 첨이고 이렇게 욕나오게 화나게 만든것도 첨입니다..더군다나 부모님 모시고 첨으로 가족여행온거라서 더 더욱 화가 납니다.. 손해배상 청구하고 싶은데 어디다 해야합니끼?? 가이드비 꼭 돌려주세요..."
★대박★마닐라/팍상한/수빅 홈쇼핑 상품 촬영 기록!!!,"안녕하세요~ 고객 여러분~
필리핀/푸켓 부서의 마닐라 담당자 유용환입니다~
오늘은 저번 17일 00:40분(토요일 늦은밤) 방영했던 ★특급★ 마닐라/팍상한/수빅 호핑투어 상품의 촬영기를 소개하려 합니다~
1일차 : 필리핀 최고의 항공사!! 필리핀항공(PR)을 타고 출발!~
퇴근을 하고 공항으로 고고!! 저녁에 퇴근을 하고 가도되기 때문에 직장인 여러분들께는 정말 좋은 일정이 될 것 같네요~

4시간의 비행을 해서 마닐라에 도착하면 10분거리에 마닐라 호텔이 있습니다.
첫날부터 3박을 묵게 될 호텔 소개부터 드릴께요~
자아~ 기대하시라~
무려 99년의 전통의 마닐라 호텔!! 사진부터 보실께요~


     














로비 : 웅장한 로비에선 저녁마다 아름다운 음악공연을 합니다.
객실 : 객실은 최근에 레노베이션을 해서 깔끔해요~또 가고싶넹
욕실 : 아늑한 욕실에는 샤워부스와 욕조..게다가 tv도 있어요~
풀장 : 넓직한 수영장에서 일정의 더위를 날려보세요~




2일차 : 마닐라에서 2시간정도 이동하면 팍상한 폭포를 가실 수가 있습니다. 필리핀에서 가장 유명한 관광지이기도 하며, 보통 필리핀에 관광오면 여긴 무조건 들어가는 코스라고 보시면 됩니다~
앞뒤로 한명씩의 사공이 카누처럼 생긴 배를 폭포가 있는 곳까지 밀어 올려줍니다.
한시간 반정도 올라가고, 시원한 폭포수를 맞고 다시 40분정도 내려오는 일정입니다~

사진 보실까요? ~^^
     

물줄기를 거슬러 오르는 재미와, 올라가는 길에 보이는 필리핀 현지 아이들의 모습, 바위에서 다이빙도 하고
물놀이도 하고 하는 모습이 너무 예뻐서 자녀분들의 체험학습에도 딱 좋아요~

3일차 : 아침 일찍 일어나서 수빅으로 이동합니다. 수빅은 필리핀에서 가장 안전한 곳중에 한 곳입니다.
시민들의 절반가량이 경찰들이라고 하니 마닐라 시내와는 다르게 준법정신이 투철한 모습이 많이 보이네요.
서양 사람들이 많아서 요트 클럽등도 보이고, 생전 처음 보는 고급 요트들도 눈에 띕니다.

수빅에서는 호핑투어를 즐기실건대요.

일단 호핑투어는 필리핀 전통배인 방카를 타고 수빅 섬 주변 관광을 하시고 배 위에서 전통 줄낚시도 해보시고, 깨끗한 물 속도 보는 스노쿨링 일정 및 씨푸드를 드시고 오는 4시간정도의 코스 일정이예요.

사진 보시죵~^^







식사가 너무 푸짐하게 나왔어여~ 제가 호핑투어는 엄청 다녀봤는데 이정도로 잘 나오는 곳은 처음이었던거
같아요~ 참치회도 있었구요~ 매운탕도 있구요~ 단, 메뉴는 조금씩 바뀔 수 있다는거~^^

이제 파물락라킨으로 갑니다~ 수빅 호핑투어를 끝내고 가까운 거리에 파물락라킨이 있습니다~

파물락라킨은 원주민 마을이예요. 스페인의 식민지 생활을 300년 이상했던 필리핀 원주민들은
스페인 사람들을 피해 정글속에 터전을 잡고 스스로 살아가는 방법을 깨닫는대요, 이 곳에 가시면 원주민들이 직접 대나무를 이용해서 불을 붙이는 방법부터 밥을 짓고 고기를 굽는 것까지 직접 가르쳐줍니다.
아마 보시면 정말 재미 있다고 생각하실꺼 같아요~ 아이들 체험학습으로 딱!! 입니다~





너무 예쁜 우리 호스트님과 원주민~
원주민과 고객님들께서 같이 연기하면서 즐거운 시간을 보내실 수 있을것 같아요~
그리고 다시 마닐라로 이동하는 길에 원숭이들이 많이 살고있는 도로변에서 원숭이에게 먹이주는
체험을 하실꺼예여^^ 원숭이가 매우 많은대.... 정작 빵은 대왕 원숭이가.. 다 먹네요.. ㅠㅠ



그리고 드디어..

4일차 : 마닐라 시내 관광을 합니다~
필리핀이 스페인의 식민지였다는 것은 아까도 말씀 드렸는데요.. 그 흔적들을 볼 수 있는
리잘공원과, 산티아고 요새, 인트라무로스 등을 관광하실꺼예요~





너무 아름다운 필리핀 마닐라.. 그리고 너무 맑은 바다의 도시 수빅..

고객님들.. 제가 이 상품을 추천하는 이유는요.. 가족과.. 연인.. 그리고 친목단체의 여행 등 모든
분들께 잘 어울릴만한 여행코스라는거예요~
모두들 저희 홈쇼핑 상품~ 많은 관심 가져주시고 많은 예약 부탁드립니다~ ~"
마닐라 리잘공원,
마닐라 호텔 무제한 골프 - 내가 치고 싶은 만큼 골프를 칠 수 있는 상품,"마닐라 호텔 무제한 골프상품을 선택하여 마닐라로 출발
마닐라에 도착하여 가이드와 미팅후에 마닐라 파빌리온 호텔로 이동
첫날은 이렇게 간단하네요

둘째날 아침
아침식사후에 로얄 놀스우드 코스로 이동 1시간 20분 정도 소요
티업시간이 9시라 7시에 출발하였는데 오늘은 첫날이고 필리핀 골프코스에 적응하기 위하여 36을 쳐 볼
예정입니다.
로얄 놀스우드는 마닐라 북쪽에 위치한 골프코스로 발라왁이라는 도시 외곽에 위치해 있고 명문코스라고
합니다. 도착해서 보니 골퍼들이 많지는 않아보이네요
오늘 라운딩을 하고 있는 손님은 약 30명 정도 이정도면 거의 대통령 골프 수준이네요
클럽하우스에서 보이는 1번홀은 파 5로 페이웨이 상태는 최상 그린도 조금 느리기는 하지만 잘 정리되어
있습니다. 카트가 페이웨이를 들어갈수 있어서 너무 편하게 골프를 치는게 아닌가 했는데 오늘 36을 치기
때문에 카트를 이용해야 할 듯


그러나 코스가 생각보다 어렵네요
위에보이는 사진은 파 5 6번홀인데 착시 현상이 있어 드리이브로 벙크를 넘겨야 하는데 그만 슬라이스 헤저드에 퐁당했던 홀입니다.

코스는 지그제그코스로 오비는 없지만 벙크나 헤저드가 많아 조금 까다롭습니다.

골프를 27홀을 마치고 가이드가 수영장이 있다고 해서 9홀은 안치고 수영을 했습니다.


클럽하우스 옆에 골프호텔 앞에 수영장이 있어서 수영을 하고 다시 마닐라로 돌아 왔습니다.

둘째날 오늘은 필리핀의 명문 코스라고 하는 말라라얏 컨추리 골프코스에서 라운딩입니다.
출발시간이 조금 늦어서 27홀만 라운딩을 할 예정인데 가이드가 하는 말이 아마도 36이 가능할수도 있다고
해서 기대 반으로 출발 했습니다.

골프장에 도착했는데 어머나 골프장 규모에 놀랐고 유리알처럼 잘잘흐르는 그린에 놀라고 역시 해발 500미터라고 하더니 시원한 날씨에 또 한번 놀라고 세계 100대 골프장이라고 하더니 정말 코스의 레이아웃이라던가 조경에 또 한번 놀라네요
루보코스, 마쿨릿,말라뿐요 3개의 9홀 코스로 오늘 18홀만 쳤으면 후회할 뻔 했네요
우리는 27홀을 기본으로 치고 시간이 되면 9홀을 더 치는 걸로 하고 왔지만
오늘은 예외
시간이 부족하더라도 9홀을 더 치고 싶다는 충동이 들어서 가격을 물어 봤더니 가이드가 캐디/카트 만 내시고 그냥치세요 하는 말에 얼마나 고맙든지
상품은 호텔 무제한을 선택하여 여행을 온게 참 잘 했다고 생각하네요
18홀을 기본으로 치면되고 27/36은 내가 원하는데로 칠 수 있으니 일석2조네요

마닐라로 돌아와서 식사를 하고 맛사지는 특급호텔에서 받고 호텔로 돌아 왔죠

마지막날은 서밋포인트 골프코스에서 27홀
시원한 날씨와 잘 정리된 페이웨이와 그린


2시가 되는 갑자기 비가 ""오 마이 갓"" 10원짜리 동전만한 물방울이 두두둑 떨어지네요
시원한 빗줄기는 20분 정도
언제 비가 왔냐는듯 다시 환하게 개이는 하늘
참 아름답고 오묘한 자연입니다.

골프가 끝나고 마닐라로 와서 필리핀 전통레스토랑에서 새끼돼지 통바베큐를 먹고
어메이징쑈라는 게이쇼를 관람하고 시간이 남아 스타벅스에서 커피한잔하고 공항으로 이동

빈틈이 없는 일정이었고 시간을 잘 활용하면 골프 / 관광 / 맛사지 등 정말 잘 즐기고 잘 지내고
일정을 마쳤습니다.

일정을 도움을 주신 가이드와 노랑풍선 담당자님
정말 감사합니다."
마닐라 로얄로쓰우드 골프장 신축 리조트입니다.,"로얄로쓰우드 골프장에 리조트가 신축되었습니다.
고급스러움과 편안한 휴식이 있는 골프 여행이 가능하겠습니다."
마닐라 로얄로쓰우드 리조트 외관,로얄로쓰우드 리조트 외관
마닐라 다이아몬트호텔에서 바라본 야경,
마닐라에서의 행복한 5일~,"부부 단 2명을 위해 최선을 다 해주신 김명환 가이드님을 친절 가이드로 적극 추천합니다.
마지막날 바닷가에서 함께한 스타벅스 커피맛을 잊지 못합니다.
노천 카페에 앉아 부드러운 바람결을 느끼며 야자수나뭇잎 사이로 바라본 남국의 하늘...
마닐라에서의 행복한 5일이었습니다."
마닐라 대성당,"필리핀 그중에서도 수도인 마닐라에는 필리핀의 랜드마크가 되어버린 성당이 하나 있다.

바로 마닐라 대성당이다.

역사에 따르면 1581년에 처음 세워진 이래로 6번의 소실과 5번의 재건으로 지금의 모습을 갖추게 되었다고 한다.

그 상세 내막을 보자면 스페인 내전이 끝난 1581년해에 마닐라 대성당이 처음으로 지어졌다.

처음에는 나무로 지어졌다.

1582년 태풍으로 붕괴 그 이듬해인 1583년 화재로 소실되면서 석재를 이용해 1592년 재건하였다고 한다.

그러나 8년 뒤인 1600년 지진으로 붕괴되고 1614년 다시 재건하지만 1645년 지진으로 다시 붕괴 그 후로 1654-1671년 대대적으로 재건공사가 진행되었다고 한다.

그 후 200년 가까이 잘 보존되어 왔다가 다시 1863년 지진으로 붕괴 1870-79년 다시 재건되었으나 1945년 마닐라 전쟁을 겪으면서 완전 파괴가 되고 1954-1958년 마지막으로 재건되면서 현재까지 그 자리를 지키고 있다.

아시아에서 제일 큰 파이프 오르간이 있는 것으로도 유명하다."
마닐라 대성당,마닐라 대성당.
마닐라 시티투어,"각 여행사들의 마닐라 시티투어중에서 반드시 포함되는 코스가 있다.

바로 리잘 공원이다.

이 공원은 경관이 훌륭하다거나 대단위 단지이어서 관광코스에 포함되어 있는 것이 아니다.

호세 리잘이라는 우리의 김구선생과 같은 독립운동가이자 선각자를 기념하기 위해 필리핀 정부에서만든 공간이다.

이 공원의 호세리잘의 동상앞에는 항상 근위병이 부동자세로 지키고 있고 기념관 내부에는 생전에

그가 사용하던 물품들과 그가 스페인 지배세력에 의해 처형되기 전 남긴 장문의 시가 전시되어 있다.

한국인 관광객들을 위해 한국어로도 번역되어 있다.

본인도 그 내용을 꼼꼼히 읽어보았으며 구구절절 그의 처형당하는 심정과 필리핀의 미래에 대한

내용이 아주 섬세하게 감성적으로 잘 쓰여진 훌륭한 문장으로 구성되어 있다.

이 괸광코스에서는 필리핀 국민들이 이 호세 리잘이라는 선각자의 유지를 잘 계승하였다면 오늘날

가난한 필리핀은 없었을 것이라는 나름대로의 후감도 생기게 하는 장소이다."
마닐라의 열대기후,"마닐라의 폭염은 정말 지독하다.

12월에는 최고 기온이 30~32도 정도이나 건기인 3~5월에는 40도 까지 오른다.

그리고 필리핀은 지리적 위치가 적도에 가까워 자외선양이 훨씬 많기 때문에 따갑고 또 섬나라이기 때문에 습도가 높아 엄청 무더워 우리나라와 같은 온도일지라도 체감더위가 훨씬 심하다.

때문에 여행중 에어컨을 최고로 가동한 차내에 있어도 한낮에는 관광객들 모두 더워 쩔쩔맨다."
마닐라의 폭염,마닐라는 현재 섭씨 40도 가까이되는 폭염의 날씨이다.
마닐라,마닐라의 뒷골목.
마닐라,"마닐라 리잘공원앞의 현지인 장삿꾼들.

동남아국가는 어느 나라를 가도 이런 장삿꾼들을 흔히 볼 수 있다."
마닐라의 센테니얼공항,마닐라의 센테니얼공항
마닐라의 교통체증,마닐라의 교통체증
마닐라의 산티아고 요새 성문,마닐라의 산티아고 요새 성문
마닐라 대성당(Manila Cathedral)내부 모습,마닐라 대성당(Manila Cathedral)내부 모습
마닐라에서~~,"이제서야 사진을 올려요..

한국 오자마자 날씨가 많이 춥던데.. 감기는 안걸리셨는지요..

옷깃만 스쳐도 인연이라는데 4박 5일동안 함께 할 수 있었던건 정말 대단한 인연이죠??

어머님 아버님 모두 항상 건강하시고...

다음에 기회가 된다면 또 한번 뵙고 싶습니다..

항상 두분 행복하세요...



이제서야 사진을 올려요..

한국 오자마자 날씨가 많이 춥던데.. 감기는 안걸리셨는지요..

옷깃만 스쳐도 인연이라는데 4박 5일동안 함께 할 수 있었던건 정말 대단한 인연이죠??

어머님 아버님 모두 항상 건강하시고...

다음에 기회가 된다면 또 한번 뵙고 싶습니다..

항상 두분 행복하세요...



이제서야 사진을 올려요..

한국 오자마자 날씨가 많이 춥던데.. 감기는 안걸리셨는지요..

옷깃만 스쳐도 인연이라는데 4박 5일동안 함께 할 수 있었던건 정말 대단한 인연이죠??

어머님 아버님 모두 항상 건강하시고...

다음에 기회가 된다면 또 한번 뵙고 싶습니다..

항상 두분 행복하세요..."
마닐라에서~~,"이제서야 사진을 올려요..

한국 오자마자 날씨가 많이 춥던데.. 감기는 안걸리셨는지요..

옷깃만 스쳐도 인연이라는데 4박 5일동안 함께 할 수 있었던건 정말 대단한 인연이죠??

어머님 아버님 모두 항상 건강하시고...

다음에 기회가 된다면 또 한번 뵙고 싶습니다..

항상 두분 행복하세요...



이제서야 사진을 올려요..

한국 오자마자 날씨가 많이 춥던데.. 감기는 안걸리셨는지요..

옷깃만 스쳐도 인연이라는데 4박 5일동안 함께 할 수 있었던건 정말 대단한 인연이죠??

어머님 아버님 모두 항상 건강하시고...

다음에 기회가 된다면 또 한번 뵙고 싶습니다..

항상 두분 행복하세요...



이제서야 사진을 올려요..

한국 오자마자 날씨가 많이 춥던데.. 감기는 안걸리셨는지요..

옷깃만 스쳐도 인연이라는데 4박 5일동안 함께 할 수 있었던건 정말 대단한 인연이죠??

어머님 아버님 모두 항상 건강하시고...

다음에 기회가 된다면 또 한번 뵙고 싶습니다..

항상 두분 행복하세요..."
마닐라의 노상까페,마닐라의 노상까페
마닐라의 근교.,"마닐라의 근교.

마카티의 최첨단 모습과는 달리 낙후된 우리의 1960년대 모습과 흡사하다."
마닐라의 상점,"마닐라의 상점.

대형마트와 편의점도 있지만 보통의 가게들은 다 이렇게 허름하다."
복잡한 마닐라 센테니얼공항,복잡한 마닐라 센테니얼공항
마닐라 호텔,"마닐라 호텔.

필리핀을 여행하는 관광객들이 가장 많이 투숙하는 호텔이다."
마닐라베이의 비치도로,"마닐라베이의 비치도로.

필리핀에서는 연인들의 데이트 장소로 유명한 곳이다."
마닐라 시장,"마닐라 시장의 통돼지 바베큐.

다소 혐오스러운 모습이지만 재래시장에 들르면 이런 모습을 흔히 볼 수 있다."
마닐라의 스콜 구름,마닐라의 스콜 구름
마닐라의 뒷골목,마닐라의 뒷골목
마닐라의 근교,"마닐라의 근교.

마카티의 최첨단 모습과는 달리 낙후된 우리의 1960년대 모습과 흡사하다."
"보라카이,마닐라 여행 후기","특별히 후기라고 할 것 까진 없지만

여행을 가면 좋은 볼거리와 먹을거리는 기본이고,

더욱이 같이 하는 사람들은 더 없이 여행에서의 중요한 요소인 것 같다.

특히나 가이드의 역할은 더더욱...

그분들의 역할로 인해 여행기간이 즐겁기도 또는 불쾌해 질수도 있기에..^^



물론 필리핀의 현재 날씨가 우기라 조금은 비로 인해 지체됐던 시간도 있었고,

하지못한 옵션도 있긴 했지만

너무도 맑은 바닷물과 화이트비치만으로 아름다운 추억으로 만들기에 충분했고,

이번 여행은 그동안 여행 중 가장 즐거웠던 여행이기도 했다...



마닐라에서의 비에리 가이드님께서 첨엔 서로 다들 잘 모르는 사람들끼리의 합류이다 보니

약간은 서먹하기도 했지만

나중에 만났을 때는 장난도 치고, 즐겁게 인솔해 주셨고...

짧은 기간이었던 만큼 더욱 아쉬웠던 여행이었고,

며칠이 지난 지금 더더욱 보라카이가 그리워지고 있다..



언제부턴가 패키지 여행이 그리 즐겁지만은 않은 여행일수도 있었는데

좋은 가이드님을 만나고, 좋은 여행 친구들을 만나서

이번여행,

친구와 난 정말 행운이었던 것 같다~~"
마닐라의 상점과 간판들,마닐라의 상점과 간판들
복잡한 마닐라 센테니얼공항,복잡한 마닐라 센테니얼공항
마닐라의 센테니얼공항,마닐라의 센테니얼공항
마닐라 여행,마닐라베이에서 바라본 멋진 석양....
마닐라베이의 저녁노을,마닐라베이의 저녁노을
마닐라행 국도,"따가이따이로 부터 마닐라행 국도.

많이 낙후된 모습이다."
마닐라의 골프장,마닐라의 골프장
마닐라의 인첸티드 킹덤(Inchanted Kingdom) 놀이동산,마닐라의 인첸티드 킹덤(Inchanted Kingdom) 놀이동산
마닐라의 센테니얼공항,마닐라의 센테니얼공항
마닐라베이의 저녁노을,마닐라베이의 저녁노을
노랑풍선과 함께한 필리핀 마닐라 이야기,"1일

시간이 어느 정도 되면 먼 거리를 떠나고 싶다.

하여 이번엔 어딜 갈까? 생각하다가 가격도 어느 정도 부담이 되지 않고 가까운 곳 또한 여행사를 잘 선택하는 것 중요하다.

떠나기 전 며칠 간 장염으로 갈 수 있을지 불안한 상태다. 허리도 못 움직이고 걸을 수가 없으니 무슨 여행이람....

금요일 전 직원 장어 점심이 탈 난 것인지, 토요일 아버지 생신 영양탕이 탈 난 것인지 원인은 알 수 없으나 춥고 열나고 설사하고 장난이 아니다.

월요일 병원 안가고 버티어 본다.

화요일 도저히 안 되어 아침에 병원에 갔다. 주사 맞고 흰죽으로 속을 다스려야 한다고 해 집에 와 정성 들여 흰 죽 먹고 따뜻한 물 먹고 저녁이 되니 조금 기운이 차려진다.

수요일 아침 정상 컨디션은 아니지만 눈이 떠지고 앞이 보이기 시작한다. 그나마 저녁 출발이 나에겐 다행이다. 몸을 추스릴 시간이 되니....

못챙긴 짐 챙기고 오후 4시쯤 집을 출발한다. 김포공항에 시내 버스를 이용하여 가고 거기서 인천공항가지 전철을 이용하는데 완전 자가용이다. 텅텅비고 시설은 완전 굿이고....아직 사람들이 몰라서 이용을 안하는지 ,갈아타는게 귀찮아서 이용 안하는지....

도착하여 시간이 여유있어 여기기웃 저기기웃 하다보니 실내식물원이 예쁘게 꾸며진 곳도 볼 수 있었다.

미팅 시간이 되어 약속 장소에 가 주의사항을 듣고 일행을 만난다.

우리는 부부팀, 그쪽은 모녀 팀이다.

4명이 여행을 하나? 너무 조금이다?

하며 생각을 한다. 어쨌든 2명이상이면 행사를 진행한다니 어떻게 되겠지 뭐...

공항에는 여름 피크로 너도나도 해외로 나가는 이들로 붐빈다.

나도 나가면서 우리나라 사람들 이렇게 많이 나가니 외화가 많이 새고 있구나 하면서 좀 챙피한 생각을 한다.

이게 무슨 붐이람? 여름 겨울로 밀물 썰물처럼 공항은 북적이다 사라지기를 반복하겠지?

면세점에 이곳저곳을 보며 아이 쇼핑을 하고...

비행기에 몸을 싣는다. 그런데 이게 비행기 맞아? 길이가 너무 짧고 좌석도 몇 안된다. 이런 비행기가 해외로 이동하다니.... 꼭 국내에서만 이동할 수 있는 비행기 같다. 내심 작으니 잘 도착할 수 있을지 걱정도 하며 마음 속으로 도착 잘하게 해 달라고 기도를 드린다.

비행시간이 짧은 관계인지 불안 때문인지 잠은 오지 않고....

4시간 쯤 후 필리핀 공항에 도착했다.

내리기 전 주의사항을 잘 듣고 길 따라 잘 가니 우리를 기다리는 가이드님이 노랑풍선 피켓을 들고 반겨준다.

언제나 낯선 곳은 으시시하다. 특히나 밤은 더욱 무섭고...

차에 짐을 싣고 출발.... 먼저 필리핀에서 지켜야할 주의사항을 듣는다.그래 이 나라는 총기보유가 가능하기에 특히 조심해야한다는 말에 더욱 긴장된다.

늦은 밤 날짜는 하루를 보내고 호텔에 도착하여 내일은 오늘 늦게 주무시니 조금 늦게 마나기로 약속을 하고 잠에 든다.





2일째

오늘의 여행지는 따가이따이 활화산호수





따가이 가는 중 열대과일 집에 들러 망고 파인애플,몽키 바나나를 듬뿍 우리들에게 안겨 준다. 차에서 실 컷 먹고....

저 멀리 따가이 호수 쪽은 안개로 자욱하고 비는 부슬부슬 내리고...

그래도 비가 많이 내리면 못 올라갈 수도 있는데 그런 일은 없다니 다행이다.

선착장에 도착하여 배를 타고 화산 쪽 섬으로 호수를 지나간다.

날이 개어 좀 전망이 좋았으면 쉽지만 어떻게 날씨를 우리 맘대로 할 것인가? 하늘에 맡겨야지....

30분쯤 가니 많은 말이 우리를 기다린다. 또한 자기를 선택해 주길 기다리는구나....

가이드가 말이 힘이 있는지 눌러보고 상태를 보며 한명씩 한명씩 말을 타게 하고 우린 비에 젖을라 우비를 입고 말을 타고 오른다.

오고가며 다 한국사람이다. 반갑다기 보다 마주치지 않았으면 하는 마음은 왜일까?

좁은 길에서도 말들은 오는 말 가는 말이 서로 자기 길을 지켜 잘 간다. 오르막이 심한 곳에서 말이 힘들 듯이 나도 같이 긴장이 되어 위에 올라 앉아 잇지만 엄청 힘들다. 또 말이 혹여나 넘어질까도 무섭고...

이제 고지가 저기다. 마부는 나를 내려 주고 약속한 듯이 음료 1$를 사 준다. 안 먹는 마부는 음료수를 다시 얼마 빼고 돈으로 받는단다.

마부도 가지각색이다. 나이 먹은 이, 아이, 주로 남자지만 어린마부도 많이 볼 수 있었다.





정상에선 사진을 찍고 아직도 용암이 흐르고 있는 곳을 보며 언제 또 화산이 일어날지 모른다는 말도 들었다.

정상에서 코코넛으로 목을 축이고 이 코코넛의 흰 부분이 위에 그렇게 좋을 수 없다는 말에 밍밍한 그 부분을 박박 긁어 먹는다.

이제 하산이다.

오르막에선 힘들고 안타까운 마음에 속이 아팠지만 이젠 쉽게 내려가겠지?

속력도 내고....달리기도 하고...

내가 탄 말은 기운이 좋아 잘도 간다.

이제 도착! 도착하면 팁 1$, 그들은 더 주기를 원하겠지? 하지만 잘 못 길들이면 안되기에 약속대로 지킨다.

다시 배를 타고 와 출발한 곳에서 현지식 점심을 먹는다. 현지식이라고 해도 배추잎 고추장 찍어먹고, 돼지고기 고추장볶음이다. 필리핀은 향이 없어 그나마 다행이다.

마닐라 오는 길, 오늘 마닐라는 침수의 도시다. 마닐라로 향하는 길은 꽉 막혀 있다. 화장실은 급하고... 차는 움직이지 않고, 마닐라의 교통 체증을 실감한다.

톨게이트를 하나 앞세워 미리 나왔지만 갈 때 2시간에 간 길을 올때는 4시간을 넘게 길에서 보낸다. 돌아돌아 오는 길 필리핀은 하수도가 제대로 안되었다고 하더니 정말 도시가 침수되도 물이 나갈 곳이 없어 첨벙첨벙, 길을 돌아가느라 골목골목 가니 마닐라의 골목 여행 제대로 했다.





3일째

오늘은 팍상한 폭포, 사공이 배를 이끌고 폭포까지 간단다.

비가 오락가락하지만 다행인 것은 우리가 내리면 비는 그치고 차에 타면 비가 내리고...

일정 내내 날씨가 우릴 도와준다.

조그만 배에 앞뒤로 사공이 1명씩 2명 타고 손님 2명 타고 해서 4명이 타고 간다.

계곡을 거슬러 올라가기에 힘이 많이 필요하고 또한 돌이 많은 곳에도 배가 지나야 하기에 어려움이 많다.

가이드 말로는 팍상한 폭포 사공이 이 지역에선 신랑감 1순위란다. 일자리가 부족한 이곳에선 안정된 자리이고 관공객들이 주는 팁이 그들에겐 괜찮아서 그런가보다.





사공들이 어떻게 올라가나 보니, 노를 젓다가 올라가기 어려운 돌에서는 한발 한발 발에 힘을 주며 발의 힘으로 배를 밀고 간다. 땀을 뻘뻘 흘리는 모습에 우리나라에서 언제 호강해 봤나? 어려운 필리핀에 와서 손하나 까딱않고 사공이 저어주는 배로 상류까지 올라가니 호강한다는 생각이 든다. 옛적 미국인들이 우리나라에 와 호강했던 것에 비유가 될까나?





내가 탄 사공은 한번이라도 더 하려는지 추월은 몇 번이나 하고 아주 열심히 배를 움직이는 모습에 마음속으로 미안한 생각이다.

목적지에 도착, 이제 뗏목을 타고 폭포 가까이로 간다. 지금까진 물이 튀는 정도였는데 뗏목을 타니 가슴까지 물이 올라 온다. 으흐흐흐...

사진까지 찍어주는 사공의 센스.... 많은 경험에 의한 거겠지?

내려올때는 술술 잘도 내려온다. 오르막이 있으면 내리막이 있지? 힘듦이 지나가면 쉬운 일이 오고...

가슴 아래로는 물이 흥건하다. 내려서 샤워를 하고 맛잇는 점심, 이곳도 한국인이 운영하는 파라다이스 리조트.

해외에 나와 경영하니 한국인은 한국인을 이용하는거 당연한 일이지,그래야 윈윈하는 길이니까...

오는 길, 오늘은 좀 수월하게 와 저녁시간 전신 맛사지로 몸을 풀고 저녁은 샤브샤브 먹고 호텔에 들어서니 바에서 팝송이 흘러 나와 그거 감상하고 잠에 든다.





4일째

오늘은 좀 거리가 멀단다. 히든벨리 마닐라 4일 상품에는 없고 5일 상품에 히든벨리가 추가되어 있다.

원시림의 밀림에서 온천이라니 기대된다.

개인 사유의 원시림에 온천이라니 궁금...





온천이 계곡으로 되어 있어 위에는 웜풀, 조금 내려가면 소다풀, 조금 더 가면 허니문이 많이 이용하는 러브풀로 되어 있었다.

난 물 보다 산책 코스를 좋아하여 물 이곳저곳 둘러보고 길 끝까지 산책코스가 되어 있다고 해서 끝까지 가니 작은 폭포가 있고 오고가며 우리가 보지 못한 희귀종의 나무 감상하고 왔다.

아직 개발되지 않아 그대로 보존되어 있는 모습이 보기 좋았다.

저녁은 우리나라의 세종문화회관 건물 같은 곳에 대장금이라는 식당이 임대 해 있는데 굉장히 규모가 큰 식당이었다. 다 먹고 옆에 원두막에서 두런두런 이야기 꽃을 피우며 마지막 밤을 보냈다.

호텔에 들어서 카지노에 들어가 남들 하는 놀이도 구경하고...





5일째

오늘 마지막 떠나는 날이다.



오전 시내 리잘공원, 마닐라 성당, 인트라무스등 시내 관광을 하고





간단한 쇼핑 후 마닐라 공항에 도착, 8월 1일부터 새 공항을 오픈하여 아직 정비가 되지 않아 어수선한 분위기, 또 세월아 네월아 1시간여 연착한 비행기....마지막 인천공항에 10시나 도착하여 무사히 필리핀 4박 5일의 여행을 마치고 집에 돌아오고....





담엔 필리핀의 보라카이가 좋다니 기대를 해 본다.

이번 여행에서 또 다른 나라, 필리핀에 대해 많은 것을 알게 되었고 언제나 여행을 하면서 느끼는 것, 우리나라도 잘 살아야겠다. 우리의 아이들이 미래를 잘 이끌 수 있도록 어른들이 잘 이끌어 주어야겠다는 생각을 하며 다짐해 본다.

아무쪼록 이번여행에 많은 도움을 준 이보라 가이드님께 고맙다는 말을 전하며 이번 여행, 에너지 충전 팍팍하고 열심히 일해서 다음 여행을 기대해 본다."
마닐라의 퍼블릭 골프장,마닐라의 퍼블릭 골프장
마닐라 여행기,"여동생이랑 함께한 여행이었다.

별로 기대하지 않고 간 여행이었는데 재미있게 보내고 왔다.

가이드선생님도 친절해서 즐거운 여행이었다."
복잡한 마닐라 센테니얼공항,복잡한 마닐라 센테니얼공항
카사 마닐라,이멜다 마르코스가 복원시켰다고 하는 스페인 식민시대 인트라무로스의 저택인 ′카사 마닐라′는 매우 충실학하게 복원된 아름다운 유럽식 저택이다.
이륙직후의 마닐라 상공,이륙직후의 마닐라 상공
마닐라 상공,마닐라 상공
메트로 마닐라의 알라방 타운센터(Alabang Town Center),메트로 마닐라의 알라방 타운센터(Alabang Town Center)
마닐라베이의 저녁노을,마닐라베이의 저녁노을
마닐라의 센테니얼공항,마닐라의 센테니얼공항
마닐라의 Baclaran Market,마닐라의 Baclaran Market
마닐라에서의 토산품 쇼핑,"세계 어느나라를 여행하든 지 반드시 공통적으로 들르는 곳이 한 곳있다.

다름아닌 토산품점이다.

마닐라 시티투어에서도 이 곳은 꼭 들르는 코스이다.

상호는 밝힐 수 없으나 어느 여행사를 통하여 관광을 하여도 대체로 이 샾을 방문한다.

물론 한국인들이 선호하는 남양진주, 가오리 지갑, 코코넛 비누, 진주크림, 흑단나무 제품등 여러가지 상품들이 진열되어 있고 품질도 괜찮다.

그러나 한가지 주의 할 점은 가격이 대단히 비싸다.

어떤 것은 공항 면세점보다 비싼 것도 있고 또 어떤 것은 마닐라 시내 일반 샾보다 비싼 것도 있다.

따라서 여행객들은 토산품점에서 물건을 구입할 때 가격을 꼼꼼히 체크하고 구입해야 할 것이다."
마닐라의 토산품점,마닐라의 토산품점
마닐라의 호텔 수영장,"보라카이에서 마닐라로 귀환한 후 오후의 자유시간을 활용하여 나는 호텔에서 수영을 하였다.

마닐라의 4~5성급 호텔들은 전부 수영장 시설을 갖추었고 시설도 수준급이었다.

어른용 풀은 물론 아이들도 즐길수 있는 깊이가 얕은 작은 풀도 대부분 갖추어져 있다.

그래서 나는 필리핀을 관광하는 여행객들에게 일정표에 있는 관광지만 여행하지 말고 호텔 풀장을

십분 활용하여 여행의 즐거움을 배가하기를 바란다.

단, 주의할것은 필리핀은 열대지방으로 낮시간동안 자외선양이 많으므로 햇볕에 화상을 입을 우려가

있으니 썬블럭 크림을 수시로 바르고 수영을 해야 한다."
시설좋은 마닐라의 호텔 수영장,시설좋은 마닐라의 호텔 수영장
마닐라 베이,"마닐라에서 시티투어를 하다 저녁무렵에 반드시 마지막으로 관광하는 장소가 있다.

그 곳은 ′마닐라 베이′이다.

단어 그대로 바다와 접한 마닐라 만이다.

마닐라 베이의 특징은 호주의 시드니와 같은 아름다운 항구는 아니다.

또한 바다의 경치가 빼어난 것도 아니다.

그러나 마닐라 베이와 접한 육지 부분은 공원으로 잘 구성되어 있고 밤에는 나무마다 다양한

색깔들의 조명을 설치해 놓아 젊은 연인들의 데이트 장소로 유명한 곳이다.

따라서 여행객들로 하여금 낮시간 보다는 어둠이 깔리는 저녁 시간에 관광을 하며 이국의 분위기를 느끼고

사진도 담으며 더욱 추억에 남는 시간을 보내게 하기 하다."
마닐라 베이의 석양,마닐라 베이의 석양
마닐라의 쇼핑몰 ′Mall of ASIA′,"보라카이에서 마닐라로 귀환하면 점심식사를 마친 뒤 오후에는 자유시간을 가질 수 있다.

나 역시 이 자유시간을 이용, 마닐라의 몇군데 명소를 구경하기로 했다.

우선 필리핀 마닐라에 세계에서 3번째로 크며 아시아에서는 가장 크다는 쇼핑몰이 있다고 하여 그 곳을 찾아갔다.

바로 Mall of ASIA이다.

Mall of ASIA는 필리핀 마닐라 NAIA공항에서 10여분거리에 위치해 있다.

그리고 워낙 규모가 방대하여 사진을 촬영하려 해도 멀리서 찍어야 한다.

그래도 위 사진처럼 건물 일부밖에 촬영할 수 없다.

물론 내부도 하루종일 돌아다녀도 전부 구경할수가 없다.

그런 이유로 현지 필리핀인들은 이 쇼핑몰을 ′Ultra Super Amazing Mall′이라고 부른다.

필리핀을 여행하시는 관광객들께서는 시간을 내어 이 쇼핑몰을 한번 구경하신다면 아마 각별한 기억으로 남을 듯 싶다."
마닐라의 쇼핑몰 ′Mall of ASIA′,마닐라의 쇼핑몰 ′Mall of ASIA′
마닐라의 말라카냥 궁(Malacanang Palace),"마닐라에서 또하나의 관광코스는 말라카냥 궁입니다.

말라카냥 궁은 필리핀에서 가장 유서 깊은 건축물입니다.

이곳은 1863년 이래 필리핀 최고위층의 공관이었습니다.

파식 강에 인접해 있는 이곳은 1800년대 초기에는 스페인 통치자의 하계 거주지였습니다.

인트라무로스의 거처가 지진으로 파괴되자 정부 청사를 말라카냥으로 옮겼습니다.

그 이후 필리핀의 역사로 기록된 많은 사건들이 이곳에서 일어났습니다.

필리핀 대통령 집무실이 이곳에 위치해 있으며 공식 방문자, 국빈을 접견하는 곳입니다.

궁의 일부는 필리핀 대통령 박물관으로 일반에게 공개되어 있습니다.

말라카냥 유산 재단에 의해 관리되고 있으며 이 궁의 투어는 필리핀 역대 대통령을 중심으로 이루어집니다.

1986년 수많은 시민들이 몰려들어 마르코스 대통령을 추방했던 궁전, 스페인이나 미국이 통치하던 때에도 통치자의 관저로 사용했던 곳입니다.

아키노 대통령이 취임한 후 궁전을 일반에게 공개하였습니다.

전에는 이멜다의 드레스나 엄청많은 구두를 공개해 화제가 되었습니다."
마닐라의 말라카냥 궁(Malacanang Palace),마닐라의 말라카냥 궁(Malacanang Palace)
마닐라의 구걸하는 소녀,"필리핀은 1인당 GNP가 약 $1,100 정도인 후진국이다.

따라서 국민의 60%가 빈민계층이다.

마닐라를 여행하다 보면 굳이 빈민가를 둘러보지 않더라도 구걸을 하거나 행상인들을 쉽게 접할 수 있다.

특히 눈에 띄는 것은 7~8세 정도 되는 어린 여자아이들이 등에 또 다른 갓난아이를 업고 동냥을 하고 있는 장면이다.

이 아이들은 자동차가 다니는 도로 한복판까지 마구 들어와 자동차에 탄 승객들에게 까지 동냥을 한다.

심지어 택시의 문이 닫혀있는 데도 마구 차창을 두들기며 동냥을 요구하고 있다.

한편 불쌍하기도 하지만 무법천지같은 인상이 들기도 한다."
마닐라의 교통체증,"Group Tour를 하며 버스로 마닐라 시내를 이동하다 보면 가뜩이나 더운 날씨에 심하게 차가 막혀 관광객들로 하여금 짜증이 나게 한다.

필리핀의 수도 마닐라는 우리의 서울과 마찬가지로 교통체증이 대단히 심하다.

더욱이 시민들의 질서의식은 우리보다 떨어져 있어 무단횡단, 중앙선 침범, 불법유턴등이 무시로

일어나고 있다.

필리핀에 처음 여행온 분들은 이런 모습을 보고 다들 기가막혀 한다.

마닐라에서 그리 멀지 않은 곳에 위치한 따가이따이나 팍상한 폭포코스를 하루 전일정으로 치를 수

밖에 없는 이유도 이와 같은 교통체증 때문이다."
마닐라의 교통체증,마닐라의 교통체증
마닐라의 빈민가,마닐라의 빈민가
마닐라의 산티아고 요새 성문,마닐라의 산티아고 요새 성문
마닐라 대성당(Manila Cathedral),"마닐라를 시티투어하면서 반드시 관광하는 곳중의 하나가 마닐라 대성당(Manila Cathedral)이다.

마닐라 대성당(Manila Cathedral)은 스페인통치를 받던 1581년 건축된 후 화재, 지진으로 손상되어 6차례에 걸쳐 개,보수되었다.

따라서 지금의 건물은 제 2차 세계 대전 때 파괴된 후 1951년에 재건하여 이 자리에 여섯 번째로 세워진 것이다.

하지만 퇴색한 로마네스크 외벽과 우아한 둥근 천장이 꽤 고풍스러워 보인다.

성당 내부에는 황금색 제단과 4500개의 파이프로 만든 아시아에서 제일 큰 파이프 오르간 그리고 장미꽃 무늬로 장식한 창문과 아름다운 스테인드글라스가 있다.

또한 성당의 고풍스러움을 한 몫 더하듯 이곳에서는 부유층들의 최고급 결혼식이 열리는 것으로 유명하다.

최고급 승용차가 성당 앞 주차장을 가득 메우고 성당 입구는 경호원들이 철저히 하객의 입장을 관리한다.

뜨거운 열대의 태양을 받아 후끈후끈한 성당 내부도 이때만큼은 두툼한 긴팔 니트가 그리워질 만큼 추워진다."
마닐라의 어메이징쇼(Amazing Show),마닐라의 어메이징쇼(Amazing Show)
마닐라 대성당(Manila Cathedral)내부 모습,마닐라 대성당(Manila Cathedral)내부 모습
마닐라의 지프니,"주지하다시피 필리핀에는 지프니라는 명물 자동차가 있다.

고급차거나 멋있어서가 아니다.

이 차는 중고차의 엔진에 지프형으로 철판을 가공하여 얹은 필리핀만의 DIY자동차이다.

필리핀 사람들은 이차에 상당히 공을 들여 치장하기도 한다.

물론 나도 몇 번 타 보았다.

그러나 내부는 에어컨도 없고 비좁고 액셀러레이터 페달도 없어 페달대신 운전기사가 엄지발가락에

철사를 끼워 까딱까딱 움직이며 속도를 조절한다.

우리의 수준으로는 거저줘도 안가질 자동차이다."
마닐라의 노상까페,마닐라의 노상까페
마닐라의 옛항구,마닐라의 옛항구
마닐라시장의 광고판넬,마닐라시장의 광고판넬
마닐라의 한 노상간식,바나나잎에 싼 무슨 간식종류입니다.
마닐라행 국도변 휴게소,마닐라행 국도변 휴게소
마닐라의 스콜(squall),"동남아시아 국가를 여행하다 보면 흔히 만날 수 있는 것이 스콜(squall)이다.

필리핀도 예외가 아니어서 우기에 필리핀을 여행하면 하루에 한두번 꼭 접하게 된다.

스콜(squall)이란 흔히 비·우박·천둥 등을 동반하는 기상현상을 말하는 데 사진처럼 멀리서 부터 다가오는 것을 보면 자연의 웅장함을 느끼면서도 한편으로는 무섭고 으시시하다."
마닐라의 스콜(squall),마닐라의 스콜(squall)
마닐라의 꽃,마닐라의 꽃
마닐라의 실내 스케이트장,"필리핀은 열대지방의 나라이다.

특히 요즘의 3~4월에는 한낮의 기온이 40도씩 올라간다.

따라서 우리와는 달리 집집마다 난방시설을 찾아볼 수가 없다.

자동차에도 에어컨만 있을 뿐 히터는 없다.

1년내내 눈과 얼음을 볼래야 볼 수가 없다.

그래서 모든 사람들은 필리핀에 스케이팅과 같은 겨울 스포츠가 없을 것이라고 생각한다.

그러나 있다.

필리핀에도 정말 스케이트장이 있다.

마닐라에 있는 ′MALL OF ASIA′라는 동양 최대의 쇼핑몰안에 실내 스케이트장이 있다.

그러나 사진에서처럼 사람이 많지는 않다.

국민 대부분이 빈민계층이므로 여기와서 스케이트를 지칠 형편이 되지를 못한다.

이 쇼핑몰에서 쇼핑하고 스케이트를 탈 형편이라면 필리핀 사회의 최상류층 사람들이기 때문이다.

노랑풍선 관광객들께서는 마닐라에서는 여행일정이 타이트하지 않고 비교적 시간이 여유롭기 때문에 NAIA공항에서 10분 거리에 있는 이 곳을 둘러보면 꽤 흥미로운 볼거리로 머리에 기억될 것이다."
마닐라의 스콜(squall),"동남아시아 국가를 여행하다 보면 흔히 만날 수 있는 것이 스콜(squall)이다.

필리핀도 예외가 아니어서 우기에 필리핀을 여행하면 하루에 한두번 꼭 접하게 된다.

스콜(squall)이란 흔히 비·우박·천둥 등을 동반하는 기상현상을 말하는 데 사진처럼 멀리서 부터 다가오는 것을 보면 자연의 웅장함을 느끼면서도 한편으로는 무섭고 으시시하다."
마닐라의 쇼핑몰 Mall of ASIA,아시아에서 제일 큰 규모를 자랑하는 마닐라의 쇼핑몰 Mall of ASIA
마닐라의 2개의 국제공항 청사,"마닐라에서는 입출국할때 유의할 점이 있는 데 바로 공항청사이다.

즉, 마닐라엔 국제선 공항청사가 2곳이 있는데, 기존의 니노이아키노(Ninoy Aquino Int′l Airport)공항청사와 신청사인 센테니얼(Centennial) 공항청사으로 나누어집니다.

나이아 공항은 터미널 1, 센테니얼 공항은 터미널 2 라고도 부릅니다.

센테니얼 국제공항청사는 필리핀 항공(PR) 전용공항청사 입니다.

그 외 대한항공, 아시아나 항공 및 세부퍼시픽 항공은 전부 나이아 공항 입니다.

즉, 센테니얼 공항은 필리핀 항공 전용 공항 입니다.

나중에 출국 하실때 이점을 반드시 유의하셔야 합니다."
마닐라 국제선 2청사(센테니얼(Centennial) 공항청사),"마닐라엔 국제선 공항청사가 2곳이 있는데 기존의 니노이 아키노(Ninoy Aquino Int′l Airport)공항청사와 신청사인 센테니얼(Centennial) 공항청사으로 나누어집니다.

센테니얼 국제공항청사는 필리핀 항공(PR) 전용공항청사 입니다."
마닐라의 특대 코카콜라 공장,따가이따이 가는 도중 마닐라의 특대 코카콜라 공장
마닐라베이 석양,여행 일정이끝나고..
마닐라 수산시장,마닐라 수산시장
마닐라의 노점 꼬치,마닐라의 노점 꼬치
마닐라의 노점 콜라,"이렇게 파는 콜라 드셔 보셨습니까?

마닐라의 재래시장에 가면 어떤 노점상이 콜라를 이렇게 봉지에 덜어서 팝니다.ㅋㅋ"
마닐라의 로빈슨 백화점(Ronbinsons Place),"SM몰과 비슷한 분위기이지만 입점해 있는 브랜드들이 한 단계 업그레이드되어 있다.

젊은 층을 겨냥한 유니크한 캐주얼 브랜드들이 많다.

게스나 리바이스 같은 청바지 제품들을 한국보다 30~40%까지 저렴하게 구입할 수 있다."
마닐라 최대 번화가 마카티 시티,마닐라 최대 번화가 마카티 시티
마닐라의 파인애플 노점상,마닐라의 파인애플 노점상
마닐라의 SM(슈퍼마켓),마닐라의 SM(슈퍼마켓)
괜찮은 마닐라의 호텔 수영장,"보라카이에서 마닐라로 귀환한 후 오후의 자유시간을 활용하여 나는 호텔에서 수영을 하였다.

마닐라의 4~5성급 호텔들은 전부 수영장 시설을 갖추었고 시설도 수준급이었다.

어른용 풀은 물론 아이들도 즐길수 있는 깊이가 얕은 작은 풀도 대부분 갖추어져 있다.

그래서 나는 필리핀을 관광하는 여행객들에게 일정표에 있는 관광지만 여행하지 말고 호텔 풀장을

십분 활용하여 여행의 즐거움을 배가하기를 바란다.

단, 주의할것은 필리핀은 열대지방으로 낮시간동안 자외선양이 많으므로 햇볕에 화상을 입을 우려가

있으니 썬블럭 크림을 수시로 바르고 수영을 해야 한다."
마닐라 리잘공원내 호세리잘 기념관,마닐라 리잘공원내 호세리잘 기념관
마닐라의 밤문화,"아드리아티코(Adriatico)의 후안낙필(Juan Nagpil St.)거리에는 수십 개의 크고 작은 카페들이 모여있다.

라이브 음악을 하는 곳에서 게이바에 이르기까지 저마다 다양하고 독특한 이미지들을 어필한다.

시설도 깨끗하고 분위기도 아주 좋다.

이곳은 신세대들의 문화를 대변하는 양 젊은이들로 항상 붐비는 곳이다.

뜨거운 한낮엔 사람이 뜸 하지만 해가 지면 카페안과 길거리까지 음악이 넘쳐 흐르고 골목마다 젊은이들의 웃음이 있다.

연인들끼리 라면 이곳에 들러서 맥주한잔을 하는 것으로도 좋은 데이트가 될 것이다.

다른 곳도 많으나 가족단위 여행객들에게는 추천하기 적절치 않아 마칩니다."
마닐라 베이의 하버뷰 레스토랑,마닐라만의 제일 좋은 위치에 자리잡은 사람들이 붐비는 좋은 해산물 식당.
마닐라의 어메이징쇼(Amazing Show),마닐라의 어메이징쇼(Amazing Show)
마닐라의 토산품점,"세계 어느나라를 여행하든 지 반드시 공통적으로 들르는 곳이 한 곳있다.

다름아닌 토산품점이다.

마닐라 시티투어에서도 이 곳은 꼭 들르는 코스이다.

상호는 밝힐 수 없으나 어느 여행사를 통하여 관광을 하여도 대체로 이 샾을 방문한다.

물론 한국인들이 선호하는 여러가지 상품들이 진열되어 있고 품질도 괜찮다.

그러나 한가지 주의 할 점은 가격이 대단히 비싸다.

어떤 것은 공항 면세점보다 비싼 것도 있고 또 어떤 것은 마닐라 시내 일반 샾보다 비싼 것도 있다.

따라서 여행객들은 토산품점에서 물건을 구입할 때 가격을 꼼꼼히 체크하고 구입해야 할 것이다."
마닐라의 재래시장,"보라카이에서 마닐라로 귀환 후 자유시간에 Baclaran market을 다녀 보았다.

Baclaran market은 서울의 남대문 시장과 같은 곳으로 마닐라에서 가장 큰 재래시장이다.

남대문 시장에 가면 외국인 관광객들을 많이 볼 수 있듯이 나 역시 어느 나라를 여행가서 시간이 나면 그 나라의 재래시장을 꼭 둘러보려 한다.

왜냐하면 유명한 관광지만 여행하다 보면 그 나라 국민들의 생활상을 정확히 알 수가 없다.

그러나 재래시장은 그 나라 국민들의 실상과 경제수준 그밖의 천태만상을 한눈에 볼 수 있기 때문이다.

노랑풍선 여행객들께서도 해외여행을 떠나면 해당국의 재래시장을 꼭 다녀 볼 것을 권합니다."
마닐라 귀환 후 일정,"깔리보 공항에서 Cebu Pacific항공을 이용 마닐라에 도착하면 점심무렵쯤 된다.

따라서 오후 일정은 자유시간 또는 옵션일정으로 채워진다.

그 옵션일정은 팍상한 폭포를 관광하는것이다.

따로 팍상한을 다녀오는 상품도 있지만 보라카이 상품에서 이렇게 옵션으로 진행하기도 한다.

가격은 1인당 $80.00이다.

나는 팍상한 폭포를 이미 두번 다녀왔기에 호텔에서 수영을 한 후 시내를 다녀보기로 하고 호텔로 향했다."
마닐라 실속여행후기,"바쁘게 살아가는 일정중에

여러가지 이유로 해외가족여행을 계획했었습니다.

가까이 지내는 이웃 경규네와

여행, 학습, 치료....등 등

여러가지를 검토한 끝에 필리핀으로 합의를 보았습니다.

바쁘게 구성하여 잡은 4박5일(1.31~2.4)의 여정은 그렇게 탄생하게 되었지요.

다음은 자유여행?+패키지? 며칠을두고 고민했지요.

실은 마닐라에서 어학원을 운영중인 친구가 있어서 자유여행쪽으로 기울어 있었습니다.

문제는 비행기 티켓.

31일 출국티켓은 있으나 2월4일 귀국 티켓이 없었습니다.

두집에 인원이 8명인지라 좌석확보가 어려웠습니다.

다시 급선회.....

패키지 투어

마음속에는 하나, 모두, 온누리등 여러곳을 두고 있었습니다.

그동안 해외여행에서 잘한다고 느껴온 여행사들이었거든요.

여행사 홈페이지 여기 저기를 기웃거리던중 같이 여행갈 이웃에게서 연락이 왔습니다.

소개를 받았는데. 노랑풍선이라고,,,, 한번 들어가 보라고



각 여행사별로 장 단점, 포함 불포함 사항등 여러가지를 비교해 보았는데

엄청나게 차이가 나는것이 아닌가?

타 여행사에 비해 너무저렴한 상품가격때문에 의하한 생각이 많았슴을 실토합니다.

결정의 순간. 만약 가격만가지고 결정했다가 현지에서 졸속여행으로 불쾌해지면 어쩌나....

우려도 했지만 솔직히 가격의 차이는 나의마음을 노랑풍선이라는곳으로 붙잡아두었습니다.

바로 전화를걸어 최유정씨랑 통화및 확인 후 친절한 안내를 받으며 마음이 놓이기 시작했었지요.



이름도 처음 들어보는< 세부퍼시픽에어항공~~

불안함도 있었지만 여하튼 국제노선 아니던가?

탑승순간 스튜어디스 의상을보고 놀라며 기내로들어서서 좌석 시트를 보며 두번째 놀랐습니다.

정녕 이비행기가 국제선 맞는것인가? 우리 국내선 보다도 못한시설, 서비스.......

그러나 어쩔것인가? 내릴수는 없는일. 비행중 기내를 오가는 승무원들의 모습에 3번째 놀랐습니다.

어쩌면 그렇게도 자유분방 하던지.........아마 다녀오신분들은 다 알것이다.

처음 하여본 야간비행이라 4시간의 비행시간은 짧지 않았습니다.

좁은 간격의 의자에 야간비행의 답답함등 마지막 한시간은 주리를 틀며 앉아 있었지요.

환자인 저로서는 너무 힘든 시간이었습니다.!(저는공황장애를겪고있습니다.)

참기힘들정도로 지쳐가는데 까마득히 비행기 아래로 불빛이보이기 시작했어요.

이륙후 한번도 안내방송이 없는관계로 감으로,시간상 다왔음을 감지하며 마닐라에 도착했습니다

기내에서 내려 아키노공항으로 들어서는순간 확 느껴지는 끈끈함속의 무더운 질식감.....

이국의 느낌을 몸소 체험하며 공항내를 두리번 두리번 ...휴~~~

낙후됐다. 아이들까지 합창하는것이 아닌가?

우여곡절끝에 공항앞에서 만난 샤프한 모습의가이드 리치님....

12인승 승합차로 도착한 호텔 그랜드볼리바드....

10층(1020)에 룸을 배정받아 들어서는순간 은은히퍼지던 곰팡이 냄새와 시트의 눅눅함은 피곤함을 가중시키더군요.

부실한 기내식에 시간도 늦은터라 미리준비해간 족발로 허기를 채우면서 한잔하다보니 새벽4시가 넘었네요. 이크 바로 누워 눈을 붙인 시간이두시간.....



둘째날

안떨어지는 눈을 비벼가며 세면후 호텔 1층에 있는식당에서 조식후 따가이따이로 출발 .....

현지 가이드 리치(RICH)님의상세한 설명을 들으며 통과한 마닐라 시내.........

휴~~속터지네.... 괜히 마닐라로 왔다.

어쩌면 이렇게 낙후되었고 무질서하고 시끄럽고 탁하고 불결하고....마음속으로 궁시렁대던중

고속도로 휴게소란다. 헐~~우리나라2차선변 낙후된 간이휴게소 같은곳에 사람은 북적북적...

이때부터 발동한 나의 생각바꾸기........

그래 내가 선택해서온 필리핀이니까 이 여행에 만족하자.

어차피 이억만리 이국 아니던가, 그리고 우리나라보다는 후진국이라는것을 알고 온것이지 않은가?

있는그대로 느끼고 받아드리자, 그것이 여행아니던가!...

지프니도 이뻐보이고 명물이라는생각이 들고 시커먼 매연을 내뿜는 차들도 이해가 되고

구불구불 거리다 도착한 쪽배 타는곳 따알호수변...

보기에는 한 5분이면 건너 가겠지했는데..20분이상 걸려 따알호수안에있는 섬에 도착한것 같습니다.

우르르 몰려드는 장갑파는 노점상(?)에 치이며 탄 조랑말.....

어린 마부의 몰골에 가슴아프고,힘들게 오르는 말못하는 말의 푸르르르 소리에 가슴저미고,

(80kg이 넘는 몸무게의 소유자인 저는 장갑으로 말의 땀을 많이 닦아주었습니다.)

도착한 화산에서 뿜어져 나오는 유황냄새를 맡으며 가족모두 함께 코코넛에 빨대를꽂고 물을대신해먹고는사진몇방 찍고 다시 하산행 조랑말...한탕더 뛰고자 하는 마부의 조급함과 함께 나의 말은 내려 달렸고 더불어 나의 궁둥이는 (지금도 딱지가 앉아있네요)아파오기 시작 했지요. 다시 배에 몸을싣고1/3쯤호수를 건넜을까? 세게불던 바람영향에 호수물은 파도를쳤고 파도는 우리 배를 때렸고 물은 물보라를 일으키며 우리를 흠뻑적셨지만(파도는장난아님)그 즐거움은 곧 여행에 즐거움이요.

내가구상한 섬나라에서의 노출치료 아니던가!

이번여행의 소기의 목적이 있는데 섬속에 섬, 헉~ 예전같으면 꿈도 꾸지 못했을것을...

다 젖은 몸으로 허기진 배를 달래줄 현지식 식사가 기다리는곳 배탄곳의 식당.

호수가에 펼쳐놓은 야외파티같은 기분으로 맞이한 중식.돼지고기 두루치기, 각종야채에,한식김치에 매콤한 된장국 ....캬~~ 지금도 침이돕니다.(필리핀 여행중 가장맛있게먹음)

중식후 호텔로 돌아오는 승합차의여정은 다름없는 잠이었지요.

호텔도착하니 마닐라 베이의 석양이 물들고 나는 취미인 사진을 찍기 시작헀고 그날의 사진은 유일한 필리핀에서의 낙조사진이 되어있습니다.

가이드를 따라간 저녁식 샤브샤브.....

우리일행 8명.예상은 했지만 4인분씩 상차림 되어있는 샤브샤브의 고기및 해물,야채의 양에 놀라지 않을수 없었네요. (8인분이 우리나라에서 4인분이라고 보시면 됩니다.)

국물까지 모두 없애고나니 이상하게 배는 부르데요.ㅎㅎㅎㅎ

잠두부족한데다 첫날의 일정 으로 어떻게 잠들었는지 모르게 잠이든후



셋째날

두번째들른 호텔1층 뷔페식당, 첫날 어색해보이던 날아갈듯이 흩어져버리던 볶은 쌀밥이 오늘은 어색하지 않고 맛까지 느껴지데요(2번 먹음)포만감을 가지고 출발한 세계7대절경 팍상한폭포가는길..

역시 베테랑다운 리치 가이드님의 유창한 설명에 푹빠져서 어캐 왔는지 도착한 팍상한 쪽배 타는곳.

반바지로 갈아입고 배에올라 보트맨 2명과 시작된 강물거슬러 오르기.......

정말 기가찰정도로 능숙하게 바위틈으로 거슬러올라가는 기술에(간혹 아빠 힘들어~소리들어가며)

쪽배에 몸을실고 있기가 민망할정도로 힘들것같아 너무너무 미안함이 들었네요.

갈라진 바위 절벽의 절경에 감탄만 나왔으며(근데 물빛이 영 아닙니다.)폭포를 맞는것으로 피로를 말끔히 앃고 내려와 맞이한 늦은 점심은 한식으로 차렸으나 닭튀김은 뻑뻑하고 딱딱해 먹기 힘들었으며,걍 한끼 때운후호텔로 돌아와 맞이한 한식당의 저녁메뉴는 오삼 불고기. 맛은 괜찮았으나 역시 양이 문제였지요

현지에서 어학원사업중인 친구가 호텔로 찿아와 같이한 마닐라 시내구경및 바에서 접한 세계4대맥주라는 필리핀 싼 미구엘(san miguel)맥주에 흠뻑졎어 호텔로 돌아왔습니다.



넷째날

더욱 맛있게 먹은 호텔 조식후

많은 지식속에서우러나오는 가이드 리치님의 일품설명을 들으며 히든벨리에 도착하여 깔꼼하게 꾸며진 정원속으로들어가 라이브를 들으며 부페식으로 중식을한후 밀림속으로들어가 노천온천욕을 즐기며 필리핀여행에서 쌓인 피로를 푼후 마닐라로 돌아와 저녁 먹으러 간 한식집BW.

메뉴는 소불고기와 김치찌게였으나 무지무지 실망했지요(여행중 최악의식사였네요)

불고기는 8인분인지 3인분인지 도통 알수가 없으며 김치 찌개인지 김치국인지 김치탕인지 헷갈렸지만 가이드님 몰래 약속되어있던올티까스시에있는 친구집 방문에서 배를채우기로 결심한후 호텔로 돌아오니, 친구가 보내준 차가 대기중이더군요.

차에 몸을 실은후 올티까스시로가는데 이건원~~~완전 다른도시가 아닌가?

내가묵던 그랜드볼리바드호텔이 있던 마닐라베이와는 비교가 되지않을정도의 화려함에 놀랐습니다.

서울 강남같은모습에 며칠간 낙후된 모습만 보아오던생각이 일순간 바뀌어 버렸습니다.

아파트28층에서 내려다보던 올티까스 시내의 화려한 야경에 직접 도보로 번화가로 들어가 찿은 쓰시집에서 진짜 못먹은 회를 남기고 단돈 만원도아닌 8,500원에 한시간동안 받은 맛사지로 필리핀 여행의 피로함을 모두 날려버린후 호텔로돌아와 마닐라에서 마지막밤을 아름답게보냈습니다.



닷새째, (마지막날)

호텔에서의 조식이 네번째라 이제는 그 음식이 입에 맞아가는것이 아닌가!

다시는 못올수도 있다는 생각에 사진도 찍고 모든음식 맛있게 먹고 호텔 체크아웃후 차에오르려니 5일동안 우리의 목숨을 맡겼던 베테랑 기사가 웃는얼굴로 인사하며 짐을받는것이 아닌가! 두리번 두리번, 캬 !,가이드가 안보이네! 얼른 지갑을 꺼내 2달러를 기사손에 움켜주니 호들짝 놀라는것이 아닌가! 쉿!, 쉿!을 외치니 기사도 쉬!이란다, 역시 세계공통어는 있는모양이다.

그동안 태워줘서 고마웠다고 인사하자 아주 고맙단다, 그리고 또 오란다. 다음에는 보라카이를 가란다.

짧은 대화를 나눈후호텔옆에 위치한 리잘공원을 둘러본후 도착한 마닐라 대성당에서 카톨릭신자인 저로서는 4박5일간의 필리핀 여행을 무사히 마칠수있게 하여주심에 의미있는 감사의기도를 올린후 쇼핑후 공항에도착해 짐을 내리고 공항으로 들어가면서 문득 뒤돌아보다 보니 차속에서 손흔드는 모습이 확들어온다. 자세히 보니 우리차에 기사아닌가! 쫓아가서 땡큐!, 땡큐!를 외치며 악수를 하고는 공항으로 들어오면서 필리핀 마닐라여행 일정을 마치게 되었습니다.



해외여행에서 제일 불편한것이 의사소통이고 먹고 자는것인데 이번 필리핀마닐라여행에서 느낀것은리치 가이드님의 많은지식에서 나오는 설명 때문에 어려움없이 좋았고 먹는것은 호텔식, 현지식 모두 좋았으나 저녁식은 마이너스 점수를 주고 싶습니다.(이부분은 꼭 시정이 필요함)

호텔은 그냥 평범하다고 말씀드리고 싶습니다.



*여행총평*

역시 모든것은 발품을 팔아야 한다는 말에 전적으로 동감합니다.

즉. 나의 머리속에만 있던 여행사가 아니라 노랑풍선을 알게되었고 또 노랑풍선 여행사 덕에 저렴하게, 실속있게 여행을 하게됨을 현지를 다녀오니 알게되었슴이고 또 앞으로 해외여행은 노랑풍선을 이용하리라고 생각하고 있습니다.

처음부터 친절하게 상담해준 최유정님께 감사드리며 현지에 리치 가이드 님에게도공항에서의 만남부터 공항에서의 헤여짐까지 성의껏 대해주심에 고맙다고 말씀드리고 싶습니다. 또한 맛사지등 선택관광을 가이드님 몰래하여 리치님의 지갑을 더 두둑하게 하여드리지 못한점도 이해바랍니다.^^



본 상품으로 여행을 가시고자 하시는 분이 계시다면 이말씀은 꼭 드리고 싶습니다.

3박4일여행과 4박5일여행이 있는데 차이는 히든벨리를 가고 안가고의 차이인데 여행의 질에서는 천지차이입니다. 저도 처음에는 히든벨리는 안가고 3박4일을 계획했었습니다만 히든벨리를가보고는 안왔으면 큰일날뻔 했다고 생각했습니다. 꼭 4박5일로 가세요. 글구 저희의 따블을지불하고 타 여행사로 오신분을 자연스럽게 만났습니다.(호텔내 식당및 따알호수배에서)

똑같은 코스에 똑같은 호텔에 같은식당에서 식사를한다는것을 알고는 노랑풍선의 상품이 싸다는것을 알게되어 적극 추천하는바입니다.

조금도 망설이지마세요.



필리핀 마닐라 여행이라면 타 여행사와 가격대비 노랑풍선여행사를 강!추!합니다.



부디 좋은 정보와 좋은여행 되시기를 바랍니다."
마닐라 대 성당,"입구에는 박물관이 있으며 내부에는 바로크풍 석조 건물로 필리핀에서 가장 오래된 성 오거스틴 교회가 있다.

1571년에 짓기 시작하여 1606년에 완공된 이 교회는 수차례에 걸친 지진과 태평양 전쟁을 겪으면서도 파괴되지 않고 남아 있어 ′기적의 교회′라고 불린다.

그 외에도 성안에는스페인 통치자들의 피난처, 2차대전 중 일본군의 진지로 사용된 산티아고 요새, 마닐라 대사원이 있는데 전후 이태리풍으로 재건한 스테인드 글라스가 돋보인다."
마닐라의 국내선 공항,"보통 인천공항에서 전날 출발한 여행객들은 마닐라에서 1박한 후 다음날 보라카이로 향한다.

우선 보라카이로 가려면 마닐라의 Domestic Airport에서 국내선 비행기를 타야한다.

그런데 마닐라의 Domestic Airport는 NAIA에서 가까운 곳에 위치하고 있는데 청사의 시설이 아주

열악하다.

그리고 비행기의 출발시각 역시 정확하게 지키지를 못하고 대체로 연발, 연착된다.

그러나 현지 필리핀인들은 이런 환경에 대해 매우 당연시하고 있다.

우리의 민족성이 서두르는 경향이 없지 않으나 우리가 이와 같은 성향의 기질이었다면 압축성장을 이루어 낼 수 있었을까 하는 생각이 들기도 하였다."
마닐라 베이,"마닐라의 시티투어 중에는 마닐라 베이 코스가 있다.

단어 그대로 바다와 접한 마닐라 만이다.

마닐라 베이의 특징은 호주의 시드니와 같은 아름다운 항구는 아니다.

또한 바다의 경치가 빼어난 것도 아니다.

그러나 마닐라 베이와 접한 육지 부분은 공원으로 잘 구성되어 있고 밤에는 나무마다 다양한

색깔들의 조명을 설치해 놓아 젊은 연인들의 데이트 장소로 유명한 곳이다.

따라서 여행객들은 낮시간 보다는 어둠이 깔리는 저녁 시간에 관광을 하며 이국의 분위기를 느끼고

사진도 담는것이 더욱 추억에 남을 듯 하다."
마닐라의 교통,"필리핀의 수도 마닐라는 우리의 서울과 마찬가지로 교통체증이 대단히 심하다.

더욱이 시민들의 질서의식은 우리보다 떨어져 있어 무단횡단, 중앙선 침범, 불법유턴등이 무시로

일어나고 있다.

필리핀에 처음 여행온 분들은 이런 모습을 보고 다들 기가막혀 한다.

마닐라에서 그리 멀지 않은 곳에 위치한 따가이따이나 팍상한 폭포코스를 하루 전일정으로 치를 수

밖에 없는 이유도 이와 같은 교통체증 때문이다."
마닐라의 호텔,"본인은 Business출장 또는 여행차 마닐라의 여러 호텔에서 숙박할 수 있는 기회가 많았다.

우선 필리핀으로 여행을 계획하고 계시는 분들께서는 호텔에 대해서는 걱정할 필요가 없다.

마닐라의 호텔 대부분은 규모가 크고 시설도 괜찮으며 Breakfast 메뉴도 다양하다.

Group Tour라면 유럽 호텔과는 비교가 되지 않는다."
마닐라의 폭염,"마닐라의 폭염은 정말 지독하다.

12월에는 최고 기온이 30~32도 정도이나 건기인 3~5월에는 40도 까지 오른다.

그리고 필리핀은 지리적 위치가 적도에 가까워 자외선양이 훨씬 많기 때문에 따갑고 또 섬나라이기 때문에 습도가 높아 엄청 무더워 우리나라와 같은 온도일지라도 체감더위가 훨씬 심하다.

때문에 여행중 에어컨을 최고로 가동한 차내에 있어도 한낮에는 관광객들 모두 더워 쩔쩔맨다."
마닐라 시티투어,"필리핀 상품중 마닐라코스가 포힘되어 있다면 시티투어 코스를 더 개발하여야 할 것입니다.

리잘공원과 산티아고 요새외에는 갈 곳이 없습니다."
마닐라,무질서한 마닐라 시내
마닐라에 다녀와서/,"마닐라에 다녀와서 /

여행은 즐거운 것이다. 일상의 모든 번뇌에서 떠날 수 있으니까 마음부터 편안해진다.

그 여행에 동반자가 절친한 사이라면 더할 나위 없이 좋을 것이다.

11월7일 우리 일행18명은 모든 여행절차를 마치고 인천공항에서 마닐라 행 세부퍼시픽항공기를 이용하여 오후 9시20분에 인천공항을 이륙하였다. 당초엔 국적기인 아시아나 대한항공을 이용하려 하였으나 국제선을 운항하는 항공기는 안전에 별 차이가 없을 것이고, 단체 여행에 경비도 고려하여 세부퍼시픽항공을 택했다. 공항에서 보니 우리가 이용하는 항공기는 큰 편은 아니었으나 비행시간이 길지 않음으로 큰 불편 없이 밤 12시가 지나서 마닐라 공항에 도착해서 기다리고 있던 가이드와 미팅했다.

우리는 날씨 관계로 조금은 두꺼운 긴팔 옷을 입었는데, 밤인데도 마닐라의 기온은 후덥지근해서 호텔로 가는 버스 안에서 모두들 겉옷을 벗어야 했다.

호텔 마닐라는 필리핀 내 특급호텔로 시설이 훌륭했고 아침식사 음식은 부족함이 없이 풍족했고 깨끗했으며 종업원들의 써비스도 수준이상이었다. 식수가 좋지 못한 나라라 호텔 객실에는 생수를 2병씩 제공하였고 식당에서도 생수 병을 들고 가면 종업원들이 웃으면서 생수를 가득 채워 주곤 했다.



11월8일 호텔에서 조식 후 고속도로를 이용하여 팍상한 폭포로 이동했다. 차창에서 보이는 마닐라 시내는 현대와 고대가 공존하듯 하였다. 시내를 달리는 최신 전철이 있는가하면

적당히 두들겨서 만든 듯한 지프니라는 서민들이 이용하는 대중교통용 차가 있고 내용연수가 언제인지도 모를 화물차와 버스들이 시커먼 매연을 토하며 달리기도 하고, 최고급 외제 승용차가 눈에 띄기도 한다. 대부분의 택시는 일제 도요타였는데 2차 산업이 발전하지 못한 이곳에 도요타가 일찍 뿌리를 내리고 있는 것을 보면서 일본의 상술이 놀랍기만 하다.

전철이 달리는 철로를 한국기업이 시공했다는 말에 다소 기분이 좋아지기도 했다, 또한 우리가 타고 있는 관광버스는 우리나라에서 운행하던 고속 우등버스였느데 폐차 후 이곳으로 옮겨와서 영업 중인 현지 1등급 관광차였다.



차도변의 상가나 거리의 사람들은 다소 생기가 없어보였고 (열대 지방 탓인가?) 차에서 한 브럭 안쪽에 있는 건물들은 60년대 개발되기 전의 서울 천개천의 옛 모습을 연상하게 하였다. 고속도로 상태도 군데군데 공사를 하고 있으나 청결관리는 등한시 한 것 같았다.



약3시간 정도를 달려서 팍상한에 도착하였고 유명한 통나무 카누를 탔다.

카누는 관광객 2명이 타고 사공도 2명이타서 앞과 뒤에서 노를 젓기도 하고 밀어 올리기도 한다. 급류에서는 너무 힘들어함으로 배를 타고 있는 내가 괞시리 미안해지기도 한다. 열대성 기후로 맑던 하늘에서 느닷없이 소나기가 내리기 시작한다. 카메라 등 전자제품 관리에 신경을 써야한다. 물에 젖어 버리면 고장의 원인이기 때문이다.

‘사공 힘들어, 사공 힘들어“ 뱃사공들이 우리에게 애교를 부리기도 한다. 한국인 관광객들 에게서 배운 말이란다. 너무 안타까워도 가이드가 팁은 다 계산되었습으로 줄 필요가 없으나 딱히 주고 싶으면 $1만 주란다. 그런데 사공이 앞뒤 둘이니 한쪽만 줄 수도 없었다. 열대성 계곡의 아름답고 웅장한 경치와 열대성 예고없는 소나기와 폭포수 안으로 들어가서

폭포를 구경하는 맛도 여간 재미있는게 아니다. 흥에 취하다 보면 대한민국을 외치는 사람도 있고 아리랑을 부르는 단체도 있었다.



저녁에는 마닐라로 귀환하여 어메이징 쑈를 관람하였고,

다음 날은 따가따이에서 조랑말을 타는 관광을 했고, 저녁은 필리핀식 안마도 받아보았다. 어느 나라나 특징이 있습으로 쑈나 안마를 단순 비교 할 수는 없으나 내용에 비하여 값이 너무 비싸다는 생각이 들었다. 여기서 한 가지 빼놓을 수 없는 것은 필리핀의 맥주 맛이다. 우리나라의 하이트 맥주와 비슷한 맛이나 맥주의 향과 깊은 맛이 일품이었다.



현지 가이드의 (“마크”라 불러 달라고 함) 능숙한 안내와 매끼 식사 등 모든 면에서 부족함이 없었으며,

세세한 부분까지 신경을 쓰고 있는 노랑풍선 여행사 업무태도에 감사를 표합니다,



미국,유럽 등 세계 여러 곳을 두루 여행하였으나 필리핀 특유의 맛이 있는 기억에 남을 여행이었읍니다. 아직 가보지 못한 분들에게 권해보고 싶은 여행지 입니다."
너무좋은 보라카이와 그지같던 마닐라,"4월21일부터 4월25일 (4박5일)로 마닐라 보라카이를 갔다왔습니다.



첫날 마닐라 도착했을때 가이드를 만나고 마닐라 그랜드볼룸 호텔로이동했습니다.

토요일날 일하고 4시간동안 저녁비행기를 타고 간터라 굉장히 피곤했지만

여행을 왔다는 생각이 기분이 좋았지만...

호텔 체크인만 30분을기다렸고,

3명이 같이 갔는데, 싱글침대 두개 있는방을 주지를 않나

게다가, 침대를 하나 만들어 준다더니 시트만 덜렁~ 담요도 안 주고

그냥 그러려니 헀습니다.

가이드 말이 이나라 사람들 너무너무 게을러서 그렇다고 하더군요

어쨌든, 우리 침대가 완성되지도 않았는데 자기네 집 한시간이나 걸린다면서 가버리더군요

다음날 보라카이로 이동할때 저희한테 이야기 했습니다

""다음번에는 꼭 자기가 책임지겠노라~""



22,23,24일 보라카이에서 가이드언니(아나)와 함께 너무너무 행복했습니다.

언니도 너무너무 친절하고 재밌었고, 보라카이 너무너무 좋은 해변과 맑은 공기 푸르른바다



우아~~~ 너무너무 행복하게 3일을 보내고 다시 마닐라로 왔는데....



일단 도착하고 나서 팍상한 폭포로 이동하는중....

자기와 이야기 하자며 못 자게 하는 가이드 말이 됩니까? 힘든 여행자들에게 자면 팍상한 안가겠다고 협박을.... 저희와 함께간 다른분이 결국 저희대신 많이 이야기 하면서 놀아주셔서 저희가 무척 죄송했습니다. 나중에 들어보니 자기도 너무 피곤한데 자꾸 이야기를 해서 힘들었다고 하시더군요.

그리고 도착한 팍상한 폭포에서 그 가이드 하는말.

선크림을 바르고 있는 우리에게... ""제가 그렇게 바르지 말랬죠.. "" 왜 화를내지?

정말 말하는 말투가 그 가이드는 여행자들에게 훈계하는 말투..

어찌됬든 관광 마치고 다시 호텔로 갔는데..

어쩜 이게 왠일? 다시 싱글베드 두개에 만들어논 침대..좁아터진 호텔방..

머야머야!!!!!!! 화를좀 냈죠... 가이드...삐지더군요

그리고 나서 하는말이 왜 자기한테 그러냐고.. 내가 그런게 아니라고.. 참..어이없어라...

미안하다는 말은 한마디도 없더군요. ... 머하는건지...계속 반복하는 말이라고는

"" 제가 그런게 아니예요 . 저한테 그러지 마세요. 저 마음 상해요. ""

어쩌라고...ㅡㅡ 그럼 우리가 이해해야 한단 말인가?????

참...어이없는 일....

그리고 다음날..산티에고 요새로 이동하는데 물어보시더군요....

성당가실래요? 요새 가실래요? 저희는...성당가요..했죠...

그런데....두둥! 요새안에 성당이...... .ㅡ.,ㅡ 왜 물어봤지?????????

결국 두군데 다 가는거잖아? 물어봤죠..""결국 둘다 가면 되잖아요""

가이드- 씹더군요. ㅡㅡ 듣기 싫다는 말인가? 머야..이놈...

이것뿐이 아닙니다.

저희가 편의점을 들렸거든요.. 저녁에 먹을거리를 사기위해서

달라밖에 없었는데 세븐일레븐 페소밖에 안 받는다더군요 그래서 우리가 달라 줄테니 대신 내달라 했죠. 내면서... 어찌나 투덜대시던지...... 달라 줬더니...요즘달라시세가 떨어졌다는둥...하지만 중요한거! 자기가 그 전에 분명 페소로 잔돈을 만들어 준다고 하더니.... 그 말도 안 지켜줬으면서..왜 우리한테 화를 내냐고...ㅡㅡ

마사지를 받을때도 팁을 줘야 한다고 미리 말을 해줘야 저희가 준비할텐데....

마시지 받기 시작하니깐 그제서야 이야기하고.... 아..진짜..

그 가이드 이름""메튜"" 진짜 노노노노노노노노노노노강추!!!!!!!!입니다.

아직도 할 이야기는 투성이지만....

여러분..메튜는 .. 조심하세요. 진짜 별로입니다.

그래도 보라카이의 아나언니...최고짱짱짱!



여행은 정말 좋았습니다.

하지만 잘못만난 가이드 한명때문에 여행의 기쁨이 반감 되더군요.

진짜 가이드도 잘 만나야 하는것 같습니다.

마닐라로 가시는 분들 참고하세요~"
"필리핀 마닐라,팍상한,따가이따이,히든밸리 온천욕을 다녀와서","2007.1.23화-27토 일정으로 다녀왔습니다.

여행시작 이틀전에 미서부여행 2주를 다녀와서 떠나기 전부터 매우 걱정했는데

만나기로 한 약속장소에 나가보니 우리 일행 4명과 부부1팀 모두 6명 밖에 없어서 실망을 안고

출국 수속했지요.



세부퍼시픽 비행기를 타고, 승무원이 주는 입국카드를 작성하면서 ""노랑풍선 이런 것도 안 써주고 뭐하는거야"" 투덜대면서 그동안 배운 영어 실력을 총 동원해서 써내려 갔지요.



게다가 여행일정도 4명분을 한꺼번에 스테이플로 찍어서 비닐봉투 하나에 넣었으니

처음에는 1인분만 있는걸로 알고 집에서 출력해 올 걸하고 후회를 했답니다.

경비절감차원에서 그런것인지 4인분을 따로 만들기 싫어서 그런 것인지는 몰라도 시정했으면 좋겠다는 생각이 들었답니다.



어쨌든 마닐라 공항에서 만난 가이드 RICH 씨는 다행스럽게 인상이 좋았고

밤 시간이어서 CENTURY PARK HOTEL로 직행. 여장을 풀었는데 별 불편없이 깨끗한 편이었다.



이틑날 부터 시작된 6명의 밴 여행.

처음엔 큰 버스로 예상했기에 작은 밴이 매우 답답햇지만 오히려 작은 인원이 기동력있고

일행의 끈끈한 정이 생겨 더욱 좋았다.



게다가 가이드님의 친절함과 최선을 다해주는 설명이 길지않은 경력으로 전문가다운 소질이 있다고 느꼈다.



가이드님 처음부터 끝까지 한 사람 한사람의 특성을 배려해주고

질문에 성심껏 대답해 주고

해박한 지식으로 한 가지라도 더 안내해주려는 그 열정에 감사드립니다.



여행 일정도 PACKAGE 여행을 유격관광이라고 할 정도로 힘들게 하는데

8시나 9에 출발하니 WAKE UP CALL 도 필요 없을 정도로 여유있게 했고

4일밤을 같은 호텔에서 지내니 보따리싸는 불편 없었고



호텔 조식도 생각보다 풍성한 열대과일이 넘 맘에 들었답니다.

특히 망고는 몇 년 동안 먹을 망고 미리 다 먹어뒀지요.

이곳에서는 비쌀뿐더러 맛도 없는데 특히 맛있었구요.



팍상한폭포로 가는 BOAT MAN 들의 기기묘묘한 배몰이 기술(물살을 거슬러 올라가야 하므로 바위사이를 헤치며 배를 몰아야 함)



히든밸리 온천 주변의 아름다운 정글



따가이따이 화산(300M 고지)으로 올라가는 말타기와 어린 마부들



아름다운 남자들의 AMAZING SHOW 는 실로 잊을 수 없는 말 그대로의 놀라운 아름다운 추억이었다.



모두가 좋았지만 공항에 나와서 작별을 고하는 가이드 RICH 님의 헤어짐의 아쉬움과 진심어린

환송이 더욱 좋았고 감사했다.



다음에 또 필리핀에 갈 기회가 있으면 노랑풍선의 가이드 RICH 님과 하겠다."
마닐라. 수빅여행,"필리핀은 무척더운 날씨인줄 알았는데 06년 1월 23일 출발해서 27일날 왔는데 생각보다

날씨가 그리더운 날씨는 아니었다.

긴팔을 가져간것이 무척다행스러웠다.

잊지못할 팍상한폭포는 뇌리에서 지워지지 않을것같다.

물줄기는 상상을 초월한다.

조랑말 트래킹은 언제 그렇게 말을 많이탈까 생각하니 뿌듯한 생각이든다.

정상에 올라가서 목마름을 야자수로 목을 축이니 세상부러울것이 없다.

정말 좋은사람들 만나고 년세드신 어머님 모시고온 딸들 모두 착하고 예쁘고,

가이드도 멋진분을 만나 필리핀에서 사업도 하시고

한국을 빛내주는 분이라 자랑스럽드군요 하시는 사업도 더욱 잘 되시리라 믿어요.

노랑풍선 새해에는 더욱발전하시고 좋은 상품 많이 개발하세요.

노랑풍선 하이팅!"
필리핀-마닐라 여행 사진 (끝),"리잘 공원



이 공원은 필리핀 마닐라의 중앙에 위치한 공원으로서 과거에는 루네따 공원으로 불리웠으나 필리핀 최고의 영웅인 호세 리잘을

기리기 위하여 이름을 리잘 공원으로 바꾸고 호세 리잘 기념비를 세우며 새롭게 조성되었다.

호세 리잘은 1861년 Laguna주 Calamba에서 태어나 아테네오 대학과 산토 토마스대학에서 공부하고 스페인에 유학하여 안과의사가 되었다.

1887년에 '나를 건드리지마오'라는 소설을 집필하여 필리핀의 현실과 스페인의 부당한 식민정책을 낱낱히 고발하였고, 1891년에 El Filibusterismo( 조국을 식민지로부터 해방시키는 이념이라는 뜻)를 집필하여 독립을 위한 방안제시와 의식개혁을 부르짖었다.

계속해서 스페인의 식민정책에 항거하며 독립운동을 하다가 1894년에 일어난 필리핀

독립 혁명의 주동자로 체포돼서 사형을 선고 받고 산티아고 요새에 감금되다가 1896년 12월

30일 아침 7시 3분 이곳에서 총살 당했다.






호세 리잘 기념비 - 이 기념비 밑에 호세 리잘의 유해가 안치되어 있다한다.









호세 리잘 기념비 - 북쪽에서 본 모습









호세 리잘 기념비 - 동쪽에서 본 모습









호세 리잘 기념비 - 남쪽에서 본 모습. 왼쪽에 마닐라 호텔이 보인다.









호세 리잘박사의 순교성지(The Martyrdom Of Dr. Jose Rizal)









호세 리잘이 1896년 12월 30일 오전 7시 3분에 처형된 장소임을 알리는 안내문









나무 판자위에 비닐을 씌워 만든 안내판 - 왼쪽은 입구 벽을 나머지는 처형장 내부를 사진 찍은 것임.
(위 왼쪽으로부터) 재판, 마지막 만남, 최후의 이별, 부인과 이별, 친구와 이별, 처형장으로 이동, 용기의 맥박, 처형









호세 리잘 순교성지를 입구 왼쪽에서 본 모습









처형장쪽으로 넘어가고 있다.









돌담벽에 장식된 조각품 - 1
어머니로부터 나비가 어미 나비의 말을 듣지 않고 불로 날아가 날개가 타서 죽었다는 이야기를 들었을 때 벌써 ...









돌담벽에 장식된 조각품 - 2









돌담벽에 장식된 조각품 - 3









돌담벽에 장식된 조각품 - 4









돌담벽에 장식된 조각품 - 5









처형 장면 조각품









처형장면 조각품의 왼쪽 조각품









재판 장면









어머니와 이별









최후의 시를 씀









부인과의 마지막 이별









친구와의 마지막 이별









처형장으로 걸어감









호세 리잘 기념탑 동쪽









필리핀 어머니 상









공원에서 내가 사진을 찍으려하자 노래에 맞춰 춤을 추어보이고 있음









100년(1898~1998) 타임 캡슐 - 1









100년 타임 캡슐 - 2









자전거









공원에서 휴식하고 있는 사람들











인트라무로스는 스페인어로 '성안에' (within the wall)라는 뜻이며, 리잘공원의 맞은편 북쪽에 위치하고,
이 둘레에는 골프장이 자리잡고 있다.
스페인이 필리핀을 점령한 16세기에 중국이나 아랍인들과 활발한 무역교류를 하였음으로 자신들만이
생활할 거점과 동시에 군사적인 요충지가 필요하여 만든 요새가 인트라무로스이다.







산디에고 성채 바로 앞의 건물이다.







산디에고 성채 입구이다 - 1







산디에고 성채 입구이다 - 2







산디에고 성채 입구이다 - 3







산디에고 성채 입구이다 - 4







산디에고 성채 안내판.
1586~1587년에 예수회 신부 Sedno에 의거 설계, 시공된 인트라무로스 내에서 가장 오래된 석조성의 하나이다.
개조, 파괴. 재건을 거듭하였다. 최근 1945년 마닐라 전투에서 파괴되었으나 1979~1992년에 복구되었다.







성채내부에 있는 붉은 벽돌 계단







성채 옥상(반시계 방향으로) - 1







성채 옥상 - 2







성채 옥상 - 3







성채 내부







리잘 공원쪽 골프장과 Puerta de Real







성채 담 망루







성채 담위







성채 옥상 - 4







성채 담









성채 내부









성채 담 망루









산 디에고 성채









산 디에고 성채 - 나무 분재 - 1









산 디에고 성채 - 나무 분재 - 2









산 디에고 성채 - 나무 분재 - 3







산 디에고 성채 - 나무 분재 - 4







산 디에고 성채 - 꽃











문화센터









Amazing Philippine Theatre와 Manila Film Center 건물









Amazing Philippine Theatre 간판









Amazing Philippine Theatre 입구









양끝에 극장으로 들어가는 문이 있다.









관객이 무대위로 올라와 사진을 찍고 있다.









또 다른 관객도 사진을 찍고 있다.









쇼의 끝장면의 하나.
한 번쯤 볼만하다고 권장한다. 결코 후회하지 않을 것을 확신한다.









쇼가 끝나고 관객들이 돌아가고 있다.









기념품 가게 - 사진을 못 찍게했다.









Coconut Palace









Coconut Palace 옆의 토산품 가게









토산품 가게의 오른쪽에 Jumbo(珍寶) Kingdom









부마식당에서 먹은 해산물 요리 - 맥주와 포도주를 포함해 8명이 32만원을 지불했다.









Westin Philippine Plaza Hotel 정원에서 벌어진 민속공연.
남자 둘이 양손으로 대나무 끝을 잡고 탁탁 치면 빈 공간을 밟거나 뛰면서 춤을 추고있다.









관객이 참여하여 춤을 연습하고 있다.









따가이따이 근처에서 밭을 가는 모습.
쟁기 손잡이가 나무가 아니고 쇠 파이프이며, 소의 코구멍과 뿔에 줄을 매었다.









따알호수는 루손섬 캐비테주 따가이따이 남쪽 바탕가스주에 위치해 있고, 마닐라로부터 약 60km 거리에 있다.
화산의 폭발로 생긴 분화구에 거대한 따알호수가 만들어 졌고,
그안에서 다시 화산이 폭발하여 원추형 따알화산과 호수가 만들어졌다.
따알화산은 아직도 활동을 계속하고 있고, 주기적으로 폭발을 하고 있다.

따알호수는 면적 267km2(직경 약 32km)의 칼데라내에 위치해 있으며, 최저수심은 160m 이다.
따알화산의 정상은 해발 311m, 면적은 23km2, 내부 호수의 횡단길이는 2km 정도 된다.

따알 호수와 따알 화산을 전망대에서 바라본 후 우리는 히든 밸리로 갔다.









필립핀의 명물 지프니(Jeepney) - 1.
오른쪽에 에어콘이 고장난 우리 버스가 점검차 서있는 동안에 주유소로 들어오는 지프니를 찍었다.









필립핀의 명물 지프니(Jeepney) - 2









필립핀의 명물 지프니(Jeepney) - 3







필립핀의 명물 지프니(Jeepney) - 4









필립핀의 명물 지프니(Jeepney) - 5









필립핀의 명물 지프니 - 6 - 빌라 에스쿠데로 구내에서 손님을 나르는 용으로 사용된 것이다."
필리핀-마닐라 여행 - 15,부마식당에서 먹은 해산물 요리 - 맥주와 포도주를 포함해 8명이 32만원을 지불했다.
필리핀-마닐라 여행 - 6,100년(1898~1998) 타임 캡슐 - 1
필리핀-마닐라 여행 - 9,성채 내부
필리핀-마닐라 여행,인트라무로스 내의 분재
필리핀-마닐라 여행 - 8,산디에고 성채 안내판
필리핀-마닐라 여행 - 14,양끝에 극장으로 들어가는 문이 있다
필리핀-마닐라 여행 - 13,필립핀의 명물 지프니(Jeepney) - 3
필리핀-마닐라 여행 - 7,산디에고 성채 바로 앞의 건물
필리핀-마닐라 여행 - 11,산 디에고 성채 - 나무 분재 - 3
필리핀-마닐라 여행 - 12,Coconut Palace 옆의 토산품 가게
필리핀-마닐라 여행 - 10,성채 담
필리핀-마닐라 여행 - 2,호세 리잘이 1896년 12월 30일 오전 7시 3분에 처형된 장소임을 알리는 안내문
필리핀-마닐라 여행 - 4,처형장면 조각품의 왼쪽 조각품
필리핀-마닐라 여행 - 5,친구와의 마지막 이별
필리핀-마닐라 여행 - 3,돌담벽에 장식된 조각품 - 2
필리핀-마닐라 여행 - 1,호세 리잘 기념비
필리핀 마닐라를 3박4일 다녀와서,"여행을 다녀와서 몹시 피곤함의 여독을 모두 풀고 생기가 나네요

저희는 17일 서울에서 출발 20일 도착한 (3박4일)초등학교 동창팀 입니다

팍상한폭포와/따가이따이/온천욕...을 하고 무사이 서울에 도착했습니다

색다른경험과 잊지못할 재미있는 일들이 많았던 시간이었습니다

잊을수 없는 현지 한국 가이드분(에드워드 김) 한국 본명 (김**)

좋은목소리 인상깊었구요

카페에서 사주신 차와,시간만 나면 여행중 틈틈이 사주신 망고스틱,람부담,

바나나, 파인에플...

더욱 생각나는것은 한국에서는 먹어볼 수 없는 따듯한 부크파이맛^^^^^

정말 맛있어요 마지막날 밤 단란주점 에서의 쫑파티 까지 해주시고 !!!!!

가이드분이 이렇게 베푸시는분 처음 이거든요

많은 여행중에 이번 여행을 잊지 못할 것입니다 서울 오시면 연락주세요 저녁 살게요 노랑풍선에 발전과 가이드(에드워드김)건강하시고 좋은일만 있기를 바라며 좋은가이드분을 만나서 여행이 두배로 즐거 웠어요 행복하세...요....."
마닐라 리잘공원에서,"2003년 9월 1일 따가이, 팍상한, 히든밸리를 다여오다."
