country,cleaned_sentences
호주,잘생기다 최병현 케빈 호주 시드니 여행 후기 작성 코너 모르다 서다 되어다 호주 가다 지다 1년 지나다 올리다 친절하다 최병현 케빈 덕분 편하다 여행 가성 가다 주변 가격 호주 정도 좋다 가격 알차다 여행 다녀오다 좋다
호주,호주 시드니 여행 경례 감사하다 멀리 여행 가보다 싶다 간절하다 무리하다 호주 여행 떠나다 되어다 여행 떠나다 읽다 준비 떠나다 되어다 경례 덕분 풍요 여행 되어다 일행 들다 좋다 들이다 좋다 보여주다 느끼다 해주다 마음 열정 더하다 즐겁다 행복하다 들이다 현실 힘들다 가슴 깊다 꺼내다 소중하다 추억 더하다 공항 배웅 주다 흔들다 모습 잊다 여유 생기다 호주 방문 경례 싶다 경례 일행 건강하다 행복하다
호주,겨울 시드니 6일 여행 2019 7월 30일 8월 4일 6일 여행 날씨 가을 바람막이 정도 가지 가다 블루마운틴 일정 춥다 겨울 가지 갈다 시드니 시내 가을 좋다 아침 저녁 쌀쌀하다 활동 좋다 스케줄 빡빡 곳곳 자유시간 가지다 포트 스테판 가다 길다 지치다 모래 썰매 타고 돌핀 크루즈 타고 잊다 너리 기대 말다 버스 굉장하다 작다 크다 무릎 좌석 닿다 정도 자리 자다 잡다 호텔 블루마운틴 묵다 숙소 오래되다 매력 좋다 살짝 추다 화장실 샤워 호스 불편하다 정도 시드니 숙소 좋다 꿀잠 불쾌하다 냄새 전혀 좋다 일회용품 실내 샤워 칫솔 치약 샤워 가운 한국 방송 채널 나오다 다리미 깨끗하다 식사 무난 식사 화려하다 좋아하다 실망 스럽다 접시 끝나다 접시 들다 마찬가지 호주 자연 먹다 한식 맛집 크루즈 먹다 식사 최악 맛집 식사 포기 즐기다 쇼핑 가다 한국인 사장 직원 계세 강요 눈치 전혀 양모 이불 팔다 양모 관련 이불 토퍼 방석 파다 나름 재미있다 팔다 전문 파다 필요하다 미리 두시 좋다 인터넷 찾아보다 호주 기념품 양제 사다 마트 공항 면세점 가면 잡화 제품 포도 어그 슈즈 가방 화장품 인형 벨트 사장 유쾌하다 동영상 찍다 후회되다 정도 배꼽 빠지다 웃다 지갑 털리다 후회 시드니 여행 상품 여유 여행 자연환경 살살 걸다 다니다 관광 마음 여유 느끼다 싶다 추천 옵션 좋다 블루마운틴 놀란 동굴 돌핀 크루즈 시드니 야경 야경 투어 70 포트 스테판 모래 썰매 꿀잼 로라 마을 예쁘다 잊다
호주,좋다 시드니 골드코스트 시드니 골드코스트 지역 여행 좋다 들이다 시드니 박승 골드코스트 박경수 설명 좋다 호주 가다 느낌 들다
호주,시드니 비스 베이 블루마운틴 울릉공 6일 여행 후기 가지 정보 공유 원래 자유여행 가다 항공권 가격 패키지 가성 좋다 패키지 택함 패키지 여행 제일 중요하다 부분 평타 치다 담당 최우진 쇼핑 집착 신경 써주다 모습 좋다 대게 쇼핑 가다 물건 사지 불쾌하다 내다 여행 내내 불편하다 많다 이면 패키지 여행 다니다 여행 괜찮다 쇼핑 카페 침구 베다 7만 이불 30만 카페트 100만 200만원 건강 보조 식품 10만 60만원 잡화 태반 크림 에센스 3만 50만원 설명 들다 고가 들어서다 구입 물건 면세점 싸다 설명 해주 귀국 개봉 믿음 가지 세금 관련 문제 글쎄요 어른 이동 10 인승 봉고 차량 이동 확실하다 소규모 이동 불필요하다 절약 좋다 날씨 5월 26일 출발 호주 겨울 접다 들다 시즌 계절 경험 첫날 덥다 입다 다니다 블루마운틴 갈다 춥다 패딩 정도 발도 날림 호주 건조하다 햇빛 뜨겁다 그늘 시원하다 자외선 강하다 선크림 필수 비스 베이 해변 고래 오다 80 확률 80 숙소 나름 쾌적하다 비스 베이 시드니 비스 베이 숙소 오래되다 깔끔하다 방도 넓다 괜찮다 조식 간편식 씨리얼 식빵 과일 가지 정도 시드니 노보텔 파랗다 타도 숙소 깔끔하다 춥다 주변 식당가 말다 다녀오다 좋다 물가 비싸다 인근 스마트 주류 오후 8시 닫다 늦다 안되다 간식 거리 사기 괜찮다 조식 식빵 가지 정도 머핀 씨리얼 소세지 베이컨 샐러드 가지 수가 많다 나름 괜찮다 과일 먹다 기계 당근 사과 들다 꿀맛 호주 마트 팔지 팔다 생맥주 진짜 맛있다 들다 비싸다 425 한잔 8천원 물가 한국 배정 호주 공산품 생산 대부분 수입 일정 포함 식사 나름 괜찮다 한식 들다 스테이크 먹다 질김 한국 먹다 스테이크 오산 야경 투어 옵션 늘다 기간 비비드 축제 기간 괜찮다 10 블루마운틴 케이블카 중간 기념품 외각 런가 가격 저렴하다 편임 캥거루 키링 공항 면세점 10 11 입국심사 까다롭다 입국 심사 카드 상비약 신고 검사 패스 어른 담배 음식물 약품 검사 하니 거짓말 걸리다 솔직하다 써다 내다 좋다 듯함 12 호텔 슬리퍼 기내 주다 슬리퍼 가지 가다 호텔 신다 편하다 슬리퍼 챙기다 제외 13 일정 체적 남녀 노소 두루 괜찮다 듯함 14 베리 마을 가면 아이스크림 가게 베리 마을 중간 디저트 팔다 까페 나오다 테이블 앉다 디저트 들다 마을 작다 구경 많다 15 패키지 특성 부족하다 아쉬움 일정 자유시간 30분 1시간 30분 정도 사진 찍기 바쁘다 결론 10 만점 정도 패키지 중요하다 자다 만나다 일정 숙소 식사 괜찮다 사진 비비드 축제 기간
호주,뉴질랜드 남북 시드니 다녀오다 설레다 마음 기다리다 여행 기대 커다랗다 북섬 도착 만나다 전문 여행 조로 다니다 알러지 나다 생겻 별다르다 대처 의아 진행 여행 괸찬았 솔직하다 불편하다 쇼핑 노골 권유 솔직하다 너무하다 싶다 패키지 런가 남섬 만난 다르다 세심 배려 해주다 챙기다 달라 비교 비교 남섬 길다 버스 투어 재치 자다 이끌다 주셧 고마 웟답 시드니 적절하다 날씨 여행 행복 선사 주엇답니 시드니 만난 젠틀 세심 즐겁다 행복하다 여행 되어다 북섬 계시다 인하다 떨어지다 이미지 말로 이어지다 보이다 여행 다녀오다 쓰다 후기 여행사 이용 처음 여행 다녀오다 아쉽다 이글 올리다
호주,시드니 뉴질랜드 남북 11일 패키지 여행 2월 28일 3월 10일 시드니 뉴질랜드 남북 11일 여행 되어다 년전 터키 여행 인연 벌써 터키 스페인 보라카이 여행 갈다 느끼다 여행 가성 좋다 안내 친절하다 자다 주다 여행 중요하다 날씨 일정 내내 날씨 좋다 만족하다 나오다 잠자리 걱정 외로 숙소 깨끗하다 좋다 환경 숙소 산책 관광 되어다 좋다 먹다 음식 만족하다 양고기 스테이크 맛있다 고급 부페 에세 다양하다 메뉴 음식 나다 먹다 일행 좋다 더욱 즐겁다 여행 되어다 내년 북유럽 여행 계획 파이팅 무궁 발전 기원
호주,시드니 뉴질랜드 남북 11일 여행 일정 숙소 음식 만족하다 여행 친절하다 자다 안내 해주다 즐겁다 여행 되어다
호주,호주 시드니 포트 스테판 블루마운틴 록스 마켓 시내 관광 투어 6일 솔직하다 후기 처음 패키지 여행 다녀오다 패키지 투어 비교 어렵다 양해 부탁드리다 전혀 기대 가지 워낙 자유 일정 1일 포함 상품 결제 출발 인원 미달 일주일 남다 연락 받다 상품 변경 부랴부랴 다녀오다 되어다 여행 다가오다 취소 추가 금액 50만원 내다 다녀오다 직장 다니다 내다 다녀오다 싶다 아쉽다 부분 여행 들어가다 2월 호주 한국 달리 날씨 따뜻하다 공기 맑다 여행 내내 맑은 날씨 반바지 차림 입다 정도 햇빛 따갑다 썬글라스 썬크림 피다 아침 저녁 쌀쌀하다 날씨 가디건 가볍다 바람막이 정도 옷차림 필요하다 호주 착하다 1일 일정 시드니 시내 부지역 관광 운전 다니다 일정 오다 가다 일정 첫날 마지막 조정 가깝다 지역 묶다 여행 장소 시드니 시내 아쿠아리움 관광 좋아하다 어른 그닥 흥미롭다 상어 가오리 사진 찍다 그다지 많다 시설 한국 깨끗하다 넓다 하버브릿지 걸다 올라가다 파일 전망대 올라가다 시드니 전경 날씨 좋다 좋다 예쁘다 넉넉하다 몇장 사진 남다 오다 정도 중식 근처 피쉬앤칩스 가다 우리나라 감자 튀김 생선 까스 요리 음료 먹다 오후 동부 투어 개다 파크 먼저 들다 10분 20분 거리 산책 사진 찍다 이동 리페 들다 10분 사진 찍다 이동 본다이비치 도착 커피한잔 먹다 정도 주다 30분 모래 밟다 하라 앉다 커피 말다 사진 찍다 오다 오전 가다 아쿠아리움 동물원 가다 이건 마지막 일정 첫날 옮기다 진행 코알라 마리 캥거루 마리 정도 체험 일체 걸리다 짧다 호주 첫날 일정 한식 가요 패키지 패키지 여행사 오다 저녁 식사 겹치 들어오다 인지 관리 안되다 반찬 안주 가다 먹다 청결하다 수돗물 받다 주다 막걸리 한화 15000원 오신 먹다 가격 되어다 한식 실망하다 김치찌개 먹다 숙소 가다 이비 시드니 올림픽 파크 4일 올림픽 파크 근처 주변 편의점 10분 걸다 나가야 호텔 수영장 건물 맥도날드 서브웨이 근처 식당 몇몇 가보다 호주 2일 일정 8시 30분 모이다 야하다 6시 30분 조식 가능하다 조식 먹다 조식 비교 잘나오다 종류 4일 포트 스테판 너리 먼저 방문 차로 3시간 가량 이동 1시간 30분 지나다 화장실 갈다 주유소 편의점 세우다 너리 실망 크다 도착 1분 안되다 인원 꺼내다 네가지 종류 와인 해주다 네가지 1분 채다 걸리다 빠르다 서두르다 바쁘다 인지 화이트와인 먹다 레드와인 화이트와인 주니 이건 와인 섞이다 도대체 모르다 사다 점심식사 너리 스테이크 주다 냄새 나다 저렴하다 쓰다 고기 먹다 남기다 샐러드 감자 튀김 올라오다 그거 먹다 작다 피자 주다 피자 맛있다 위생 관리 안되다 먹다 커피 먹다 지저분하다 사진 찍기 잔디 나무 되어다 사진 예쁘다 8시 30분 출발 12시 도착 먹다 사막 가다 사막 20분 자유시간 줍다 적다 햇빛 뜨겁다 모래 썰매 몇번 힘들다 들다 사막 보내다 2시 돌고래 가야 촉박하다 중간 중간 사진 찍다 뛰어다니다 돌고래 타고 한국 많다 자리 앉다 서서 가야 돌고래 기분 좋다 멀리 손가락 만하 사진 찍다 자다 나오다 돌고래 시드니 돌아오다 3시간 한식 가다 2일 저녁 쌈밥 불고기 쌈밥 먹다 비교 첫날 한식 깨끗하다 친절하다 호텔 기전 마트 들르다 해주다 간단하다 사서 갈수 기다 일정 많다 호주 3일 블루마운틴 가다 9시 출발 블루마운틴 1시간 좀더 가면 도착 아침 선선 가져가다 바람막이 입다 웅장 멋지다 좋다 아침 일찍이 구름 많다 사진 예쁘다 담다 근처 기념품 구경 좋다 되어다 레일 웨이 곤돌라 타구 가다 거리 길다 내다 산책길 걸다 30분 걸다 궤도 열차 타고 스카이 웨이 가지 타고 내려오다 점심시간 근처 100년 한국 운영 식당가 스테이크 먹다 이집 고기 맛있다 고기 샐러드 초장 뿌리다 웃기다 먹다 근처 소화도 커피 스스로 먹다 쇼핑 일정 공장 가다 판매 말씀 무척 귀찮다 사기 싫다 물어보다 파다 이렇다 마인드 굉장하다 기분 나쁘다 사다 사다 나오다 실망하다 사다 저녁 볼링 클럽 뷔페 가다 뷔페 종류 많다 입맛 맞다 많다 모든 전세계 패키지 여행자 오다 중국 한국 많다 먹다 정신 먹다 서다 들다 새치기 먹다 호텔 착하다 7시 근처 산책 하루 마무리 되어다 벌써 호주 여행 4일 일정 이구 록스 마켓 구경 가다 일정 기대 되어다 아침 일찍 시드니 타워 가다 전망 주변 가게 문도 열다 한산하다 야경 이쁘다 시들다 일정 야경 호텔 20분 주다 바퀴 돌아보다 사진 찍다 기념품 구경 내려오다 빅토리아 빌딩 가다 사진 찍다 구경 줍다 타고 이동 크다 리스 포인트 가다 오페라 하우스 보이 좋다 거기 내다 사진 찍다 타고 이동 세인트 매리 성당 내다 사진 찍다 넉넉하다 주다 내부 가다 사진 예쁘다 자다 나오다 타고 이동 주리다 미술관 가다 미술관 20분 10분 주다 유명하다 그림 나오다 유명하다 그림 유료 변경 걸리다 그림 스윽 화장실 들르다 나오다 여기다 짧다 갈다 알다 나다 록스 마켓 가다 대형 쇼핑몰 관광 되어다 관광 바퀴 돌다 사진 찍다 오다 20분 30분 록스 마켓 주말 열리다 먹거리 소소하다 볼거리 주다 마켓 구경 근처 내려가다 오페라 하우스 가까이 보고오다 오전 쇼핑 건강 기능 식품 가다 여기다 설명 해주다 보이다 몇몇 어른 사다 점심 한식 해물 순두부 먹다 오후 쇼핑 잡화 면세점 태반 크림 사라 프로폴리스 스프레이 사오다 종류 많다 특색 많다 크루즈 되어다 유람선 타고 저녁 먹다 가요 많다 생선 요리 주다 커피 제일 맛있다 야경 라면 예쁘다 5시 햇빛 뜨겁다 가량 타고 호텔 도착 공항 일찍 갈다 도시락 호텔 로비 받다 주다 도시락 먹다 맛없다 일찍 준비 조식 뷔페 들다 전반 일정 많다 부족하다 패키지 빼다 빼다 야하다 좀더 줄다 일정 변경 해주다 좋다 호텔 깨끗하다 드라이기 수건 부탁 마켓 4일 먹다 사다 조식 먹다 과일 맛있다 식사 많다 빼다 입맛 다르다 비교 먹다 일정 계획 그거 맞다 충실하다 다니다 소소하다 해주다 패키지 14 명중 초등학생 유아 옵션 야경 되어다 아쉽다 자유여행 가다 직항 편하다 좋다 짧다 일정 많다 다니다 그날그날 일기 적다 두다 보지 다녀오다 모르다 정도 보완 되어다 사항 보완 좋다 패키지 상품 만들다 지다 좋다 동물원 아쿠아리움 이렇다 빼다
호주,뉴질랜드 북섬 호주 시드니 힐링 여행 후기 14 직장 부부 모임 1997년 해외여행 3년 주기 다니다 여행 가기 개인 동유럽 개국 여행 노랗다 이용 좋다 추억 여러 여행사 찾다 스케줄 들다 홈페이지 들어가다 댓글 안좋다 여행사 상담 상담 좋다 경험 여행사 나름 좋다 이미지 주다 여행사 불편하다 경험 올리다 비공개 돌리다 처리 여러 회원 우려 반대 목소리 내다 모름지기 여행 현지 좌우 신념 밀다 부치다 노랗다 결정 뉴질랜드 가다 뉴질랜드 오클랜드 공항 도착 나가다 또래 머리 희끗 기다리다 실망 본인 스스로 디스 첫날 재미있다 여행 시작 김희철 뉴질랜드 정착 계기 개인 겪다 어려움 가족 살아가다 진솔하다 한편 유머러스하다 풀다 피곤하다 경청 만들다 말주변 좋다 불다 뉴질랜드 복지 자연 역사 깨알 정보 이해 쉬다 설명 주어 뉴질랜드 되어다 버스 좁다 노후하다 빼다 부족하다 첫날 숙소 깔끔하다 좋다 만족하다 여행 모름지기 숙소 여행 차지 세쨋날 절대 비추다 곳곳 뿌리다 방향 지나치다 울렁거리다 자다 수가 뉴질랜드 공항 여직원 어처구니 실수 부부 이름 이름 나오다 캐리어 네임텍 이름 다른사람 이름 붙이다 배기 가방 도하 불상 사가 발생 여행 즐거움 반감 여행사 노력 주인 찾다 불행 다행 뉴질랜드 공항 여직원 처리 어리다 버리다 호주 도착 임소영 우릴 인솔 주다 솔직하다 멘트 여행 중간 중간 지루하다 본인 호주 정착 개인 사오다 호주 교육제도 알차다 여행 정보 깨알 설명 주다 서로 농담 주다 받다 재미있다 여행 최선 호주 호텔 3일 묵다 가성 역대 최고 호텔 나오다 편안하다 쉬다 돌아가다 싶다 마음 들다 정도 세탁기 건조기 주방 식기 구비 되어다 널찍하다 아늑하다 공간 인하다 휴식 취하 최고 회원 동성 여행사 선택 마지막 아침 제공 도시락 마르다 깔깔하다 지식 먹다 호텔 두다 오다 도시락 한식 샌드위치 바꾸다 좋다 뻔하다 마지막 시드니 임소영 강추 싶다 친절하다 여행객 본인 직접 선물 소소하다 사주다 이렇다 십년 여행 처음 여행 내내 힘쓰다 주심 감사 드리다 여행
호주,친구 시드니 여행 6일 시드니 패키지 일정 다녀오다 시드니 여행 패키지 처음 자유여행 모르다 새롭다 정보 재미있다 얘기 패키지 특별하다 느끼다 명의 인원 조촐하다 동행 가족 분위기 차다 즐겁다 해주다 강현석 에린 덕분 여행 즐거움 한층 업그레이드 되어다 12월 바람 쌀쌀하다 가격 저렴하다 여행 좋다 시기 6일 일정 짧다 아쉽다 드니 가보 신분 다녀오다
호주,부모님 시드니 여행 부모님 여행 계획 맞다 시드니 호텔 일정 고려 상품 선택 되어다 순이 다가오다 부모님 장시간 비행 걱정 다행하다 국적 기르다 비행기 좋다 좌석 괜찮다 문제 자다 다녀오다 패키지 많다 여행지 적다 아쉽다 시드니 명소 짧다 일정 다녀오다 알차다 여행 송주영 기다 여러가지 호주 던지다 재밌다 얘기 해주다 지겹다 보내다 쉬다 타임 던지다 신경 써주다 아버지 챙기다 신경 써주다 감사하다 패키지 가다 일행 중요하다 친해지다 얘기 정보 나누다 여행 일행 좋다 괜찮다 여행 되어다 패키지 여행 선호 저렴하다 가격 편리하다 이동 부모님 여행 장점 많다 다녀오다 식사 여행지 만족 식사 한식 나오다 부모님 좋아하다 한식 괜찮다 지식 퀄리티 한식 좋다 실망하다 여행 나라 음식 즐기다 중요하다 아쉽다 저렴하다 패키지 여행 요구 사치 겠다 패키지 여행 장점 느끼다 전체 여행 부모님 좋아하다 즐겁다 다녀오다 가성 치다 좋다 여행
호주,시드니 처음 가다 추천 패키지 개인 후기 소감 취향 존중 부탁드리다 여행 2018년 11월 기후 우리나라 여름 넘어가다 초여름 날씨 비도 오다 좋다 24 정도 햋빛 뜨겁다 그늘 시원하다 기본 바람막이 정도 준비 행전 사전 안내 담당 직원 연락 주다 문자 여권사진 보내다 비자 등록 쉬다 끝내다 호주 유의 사항 필수 비용 선택 관광 충분하다 안내받다 사전 준비 출발 2일 언급 사전 준비 무사하다 마침 여행 일정 구성 짧다 시드니 충분하다 볼거리 즐기다 군데 머무르다 아쉬움 패키지 압축 시드니 구경 방문 가보다 싶다 갈다 자유여행 가능하다 정도 다니다 저녁 여유 피로 회복 시내 구경 용이하다 권철중 일정 조정 탁월하다 환갑 어머니 모시 여행 무난 일정 소화 가족 다니다 무난 기억 남다 일정 추천 본다이비치 여유롭다 서핑 자유롭다 바다 즐기다 여유 해변 싶다 개다 파크 바닷물 들어오다 절벽 사이 적정하다 관람 하버브릿지 다리 전망대 시드니 전체 구경 만족하다 관람 적절하다 포트 스테판 해변 위치 사구 샌드서핑 색다르다 경험 관람 충분하다 돌핀 크루즈 크루즈 돌고래 재미 관람 충분하다 블루마운틴 개인 그랜드캐년 좋다 웅장 풍경 좋아하다 바라보다 싶다 에코 포인트 싶다 아쉬움 시드니 타워 시드니 전체 멀리 전망대 관람 충분 크루즈 하버브릿지 지나다 오페라 하우스 구경 관람 충분 크다 리스 포인트 사진 찍다 인생샷 아쉽다 동물원 호주 오다 코알라 안보 섭섭하다 충분 선택 관광 야경 투어 찍다 인생 건지다 관람 충분 식사 입맛 호불호 기본 한식당 나라 비교 훌륭하다 직접 가보다 베트남 밉다 부와 비교 한식당 한인 운영 스테이크 호텔 조식 뷔페 피쉬앤칩스 크루즈 생선 요리 만족도 권철중 나본 제일 만족하다 적절하다 일정 분배 시드니 정보 챙기다 모습 재미 유머 선택 들다 고맙다 려고 극구 사양 흐뭇하다 모습 가다 권철중 절대 추천 패키지 가격 만족 항공권 호텔 비자 입장권 식사 운행 버스 비교 해당 가격 만족하다 쇼핑 쇼핑 군데 공장 건강 식품 잡화 패키지 쇼핑 바가지 많다 품질 떨어지다 생각헸으 패키지 매장 스스로 인터넷 검색 해보다 면세점 저렴하다 가격 공급 확인 제품 체험 구매 만족하다 쇼핑 시드니 여행 해당 쇼핑 코스 군데 안되다 자유여행 려고 패키지 찾아가다 걱정 평가 패키지 여행 핵심 는걸 실감 여행 만족하다 패키지 여행 바가지 쇼핑 감흥 일정 고정 인식 바꾸다 버리다 여행 가보다 싶다 시드니 갈다 것임
호주,최고 시드니 6일 짧다 기간 시드니 구경 걱정 많다 가다 동생 체력 일정 소화 걱정 많다 진짜 가다 들다 정도 알차다 정이 다해 무리하다 일정 충분하다 소화 쇼핑 군데 정도 가다 충분하다 필요하다 관광 들이다 사오다 물건 만족스럽다 이불 무게 들다 힘들다 따뜻하다 사오다 자유여행 가다 들다 시드니 추억 아름답다 만들다 감사하다 송호 덕분 시드니 여행 10 배다 즐겁다 깊다 안전하다 여행 감사하다 평생 잊다 여행 마지막 감사 드리다 호주 갈다 기회 생기 선물 사가다 좋아하다 사가다 건강하다
호주,호주 시드니 여행 자다 다녀오다 20년 호주 시드니 가족 다녀오다 출발 태풍 걱정 되어다 다행하다 정상 출발 시드니 도착 좋다 에릭 동수 만나다 즐겁다 여행 세심 신경 써다 주다 가족 여행 편하다 모든 서도 좋다 들이다 만족하다 여행 되어다 여행 기간 안전 운전 주신 기사 깊다 감사 드리다 여행 통해 즐겁다 재미있다 여행 되어다 벌써 가다 싶다
호주,시드니 날씨 예술 더위 절정 시드니 출발 제일 기대하다 날씨 기대 충족 예술 날씨 좋다 블루마운틴 공사 인하다 케이블 웨이 아쉽다 행복하다 좋다 여행
호주,동수 시드니 여행 10시간 40분 날다 시드니 도착 패키지 여행 만나다 즐거움 얻다 다행하다 동수 다방면 박식하다 여행객 첫날 자다 배려 해주다 덕분 행복하다 여행 되어다 동수 불다 선호 일행 사진 찍다 좋아하다 사진 찍다 동수 감사하다 여행 시작 본다이비치 해변 도착 가누다 비바람 몰아치다 본다이비치 해변 순이 지다 비다 다행하다 추춤 하버브릿지 전망대 전망대 시드니 전경 오페라 하우스 한눈 들어오다 전망대 오페라 하우스 야경 투어 오페라 하우스 다르다 야경 투어 시드니 전경 포트 스테판 사막 투어 인생 첫경험 환갑 넘다 어리다 사막 썰매 좋아하다 모습 선하다 바람 이불 모래 날다 아쉽다 바람 가다 포트 스테판 사막 여유 잊다 블루마운틴 레일 타고 다낭 바나 모노레일 무섭다 기억 나다 미국 그랜드캐년 생각나다 전경 크루즈 타고 시드니 전경 감상 선상 식사 마시다 투어 좋다 기억 일행 13 명과 크루즈선 식사 벼룩시장 구경 재미 쏠쏠 걷다 거리 나이 먹다 힘들다 운동 걸다 걸다 깨끗하다 하늘 공기 상쾌하다 청정 지역 무색 깨끗하다 공기 시드니 그리다 벼룩시장 순이 옥희
호주,호주 시드니 골드코스트 케언즈 여행 후기 출발 시드니 기온 예보 기내 얇다 가디건 챙기다 떠나다 호주 여행 여행 떠나다 전의 준비 설레다 크다 거품 직판 여행 다녀오다 패키지 여행 후기 수다 떨다 여행 미리 준비 확인 말씀드리다 장거리 비행 요하 지역 저가 항공 고려 해보다 진에어 정보 미리 확인 가다 8시간 운행 불구 모니터 테블릿 대여 2만원 와이파이 사용 1만 2천원 영화 다운로드 2만원 5만 2천원 들다 이외 모든 음료 구매 구매 별도 구매 비용 적다 지출 계절 여름 보온 준비 호주 계절 맞다 가볍다 기다 대부분 여름 반바지 준비 떠나다 여행 기내 차안 제거 공기 순환 에어컨 가동 되어다 가볍다 기다 여름 커버 춥다 세차 불다 바람 여름 도저히 감당 시드니 투어 냉장고 앉다 느끼다 상기 가지 제외 좋다 가지 미리 알아보다 준비 부족 불편하다 느끼다 이기다 여행자 개인 차이다 가족 패키지 여행 선택 기준 안전성 편리 언어 장소 이동 교통 숙박 여행 비용 저렴하다 9일 호주 시드니 골드코스트 케언즈 여행 만족하다 패키지 여행 일행 여행 자다 만나다 여행 좋다 들이다 골드코스트 상냥하다 친절하다 시드니 카리스마 뿜뿜내시 데이비드 한국 도착 안부 문자 보내다 센쓔우 말씀 호주 오다 월남쌈 직접 해주다 늘다 말씀 가다 투어 찌다 음식 솜씨 맛보다 벼르 데이빗 미리 준비 운행 해주시 캡틴 한국인 편안하다 케언즈 경우 운전 동시 진행 힘들다 안쓰럽다 안내 세우다 전달 주시 성의 보이다 주다 어떻다 여행 100 만족 어리다 세밀 따다 아쉽다 불편하다 점도 금번 호주 여행 여행기 여행 일정 여행 코스 고려 가성 좋다 여행 기회 패키지 여행 가게 당연하다 감사하다
호주,힘들다 시드니 여행 패키지 여행 좋아하다 50 대다 여자 패키지 여행 40 대다 50 대다 주부 편하다 추구 장년 인기 패키지 좋아하다 여행 다르다 기사 패키지 여행 처음 최소 하루 6시간 운전 설명 서비스 바라다 무리 깔다 쉬다 운전 하품 당연하다 자리 앉다 불안하다 마음 편하다 쉬다 친절 불친절 문제 6일 일정 시드니 가다 비행기 사정 5일 시드니 여행 당연하다 하루 일정 빠지다 상황 이지 여행사 측은 여행 환불 해주다 3일 소화 주문 하루 6시간 운전 거기 더하다 하루 일정 빼다 개인 직판 여행사 저렴하다 가격 서비스 기대하다 여행 다니다 여행 최악 최악 여행 여행 계획 기사 드라이빙 확인 바라다
호주,파란하늘 시드니 시드니 하늘 파랗다 모르다 낙비 일기예보 듣다 가다 여행 내내 비다 오지 맑다 쾌청하다 한여름 크리스마스 되어다 손수영 입담 재치 설명 시드니 많다 되어다 호주 문화 체험 계기 되어다 호텔 식사 한가롭다 여유 깔끔하다 조식 되어다 호텔 방과 침실 위생 상태 깨끗하다 근처 마트 써브웨이 피자 집등 다양하다 더욱 좋다 위치 시드니 상징 오페라 하우스 느낌 전혀 다르다 크리스마스 주간 보여주다 세인트 마리 성당 불꽃 잊다 아름답다 완전하다 행운 가보다 블루마운틴 하늘 잊다 정도 아름답다 구름 뭉개뭉개 예쁘다 지다 나오다 유칼립투스나무 머리 상쾌하다 해주다 모든 시드니 추억 기억 새록새록 떠오르다 기분 좋다 좋다 좋다 만나다 여행 기회 갈수 오다 좋다 거품 화이팅
호주,베스트 여름 크리스마스 호주 시드니 여행 작다 여행 여름 크리스마스 즐기다 호주 시드니 여행 추다 겨울 보내다 한국 대조 호주 따다 로움 신기하다 느껴지다 여행 한국 겨울 가방 여름 차곡차곡 준비 호주 도착 여행 내내 여름 돌아다니다 기억 생생하다 여행 세상 거대하다 여행 세상 페이 읽다 여행 통해 세상 이해 배우다 지혜 얻다 일상 돌아오다 행복하다 살아가다 얻다 비행기 출발 아침 거짓말 새벽 괴롭히다 고열 사라지다 앓다 바람 기운 정신 말짱하다 챙기다 넣다 널브러져 가방 챙기다 시작 덤덤하다 가족 인사 공항 나오다 수속 받다 비행기 시드니 공항 도착 반갑다 맞이 해주다 손수영 호주 만나다 되어다 팀원 인사 나누다 벌어지다 여행 설레임 얼굴 밝다 지다 한국 기후 들다 급하다 여름 입다 버스 시드니 남부 위치 울릉공 행선 울릉공 볼드 위치 행글라이더 포인트 아름답다 풍경 감상 되어다 호주 원주민 바다 소리 아름답다 해안 도시 울릉공 비행기 피로 해안가 시원하다 상쾌하다 공기 풍경 씻기다 가다 기분 울릉공 한눈 행글라이더 포인트 많다 관광객 찾다 장소 많다 지인 행글라이더 장소 평일 아침 일찍 가다 행글라이더 보지 한적하다 평화롭다 분위기 바다 해안 풍경 감상 보내다 호주 오다 실감 따르다 바다색 변하다 로우 두번째 방문 블로우홀 썰물 파도 잔잔하다 바위 사이 솟구치다 물줄기 보지 사진 보이다 바위 사이 구멍 블로우홀 불리다 아쉽다 주변 해안가 산책 풍경 여유 로움 느끼다 원주민 바다 시끄럽다 소리 만들다 가지다 아름답다 지역 사진 등대 1887년 세워지다 등대 호젓하다 풍경 여행 여유 로움 느끼다 잔디밭 평화롭다 즐기다 연인 곳곳 보이다 등대 배경 사진 찍다 나라 보이다 남반구 최대 사원 천사 그날 행선 지인 천사 늘다 시드니 남쪽 80 위치 뉴사우스웨일즈 규모 도시 울런공 남쪽 버클리 지역 위치 남반구 최대 규모 절로 1990년 착공 1995년 세워지다 조용하다 아늑하다 분위기 경험 울릉공 지역 위치 남반구 최대 크기 사원 남반구 최대 단어 쓰이다 정도 크기 어마어마하다 넓다 두번째 사진 자승 조각 조각상 곳곳 보이다 자승 조각상 배경 사진 찍다 들이다 곳곳 보이다 세번 사진 영산 영혼 모시 극락왕생 비다 호주 이렇다 색다르다 기도 볼거리 컨츄리 느낌 매력 배리 타운 호주 모습 배리 마을 시드니 떨어지다 배리 타운 150년 전통 베리 마을 훌륭하다 호주 초기 건축물 관광지 30분 작다 마을 유명하다 아이스크림 고딕 양식 건물 많다 많다 관광객 찾다 배리 타운 아이스크림 가게 관광객 끌다 모으다 아이스크림 사느랗다 분주하다 꼬마 맑은 미소 여행 즐거움 더하다 한가롭다 걷다 호주 분위기 가다 모르다 구경 기억 나다 나라 배경 사진 찍다 물건 살다 곳곳 보이다 저렴하다 물가 마트 여러 생필품 사기 비스 베이 돌핀 크루즈 한국 알려지다 지구 하얗다 곱다 모래 해변 호주 최고 돌고래 서식지 많다 수식어 붙다 유명하다 여행지 비스 베이 시드니 근교 지역 자연 자다 보존 되어다 조용하다 아름답다 찾다 여행 매니아 인기 휴양지 사진 타고 돌고래 경험 되어다 돌고래 대감 올라타다 돌고래 서식 지역 돌고래 유람선 저비스 베이 여행 빼놓다 최고 길거리 매년 남극 올라가다 마리 돌고래 고래관찰 유람선 호주 최고 그날 다행 지나가다 돌고래 모습 수가 돌고래 모습 환호 지르다 사진 찍다 여념 날씨 흐리다 수가 나름 풍경 모습 경험 느끼다 이렇다 비스 베이 이렇다 모습 한국 가다 자주 날다 주변 여가 즐기다 호주 보이다 하이 비치 하이 비치다 세계 하얗다 모래 유명하다 저비스 베이 수많다 해변 석호 곳곳 숨기다 작다 개울 물놀이 즐기다 최적 장소 해변 바다 육지 만나다 내다 하얗다 사장 직접 느끼다 지역 한국 추다 겨울 여름 바닷가 걸다 색다르다 경험 해보다 들다 환하다 웃다 모습 부럽다 흐리다 날씨 많다 여름 즐기다 찾다 하얗다 모래밭 풍경 여러 친구 수영 잡고 호젓하다 해변 가르다 거니 연인 흐리다 날씨 구름 사이 비치다 햇살 일광욕 곳곳 보이다 색다르다 풍경 사진 찍다 즐기다 모습 보이다 맹그로브 습지 져비스베이 독특하다 습지 생태계 맹그로브 습지 대인 맹그로브 열대 아열대 해안 습하다 자라다 관목 교목 통틀어 바닷가 자라다 관목 신기하다 바닷가 자라다 관목 풍경 주변 여가 즐기다 지인 모습 평화롭다 느껴지다 한국 풍경 사진 찍다 여념 보이다 펠리칸 수가 유네스코 지정 자연 유산 블루마운틴 울창 수목 폭포 협곡 둘러싸이다 국립공원 시드니 서쪽 1시간 30분 떨어지다 산악 지대 블루마운틴 덮다 유칼립투스 나뭇잎 나오다 수액 뜨겁다 태양열 인하다 증발 푸른 안개 발생 현상 붙이다 이름 지역 무려 5억년 형성 지역 보리 1천 살다 흔적 바위 곳곳 아트 남아 호주 그랜드 캐년 불리다 웅장 자연 경치 자매 슬프다 전설 들다 세자매 월드 관광 케이블카 궤도 열차 이용 관람 가다 나라 배경 사진 찍다 여념 다양하다 동물 만날 더데 와일드 라이프 동물원 호주 먼저 떠오르다 동물 코알라 캥거루 나볼 동물원 코알라 캥거루 에뮤 여러가지 동물 캥거루 갈라파고스 거북이 세계 각국 거미 코알라 수가 하루 종일 자고 코알라 모습 귀엽다 먹이 분주하다 먹다 캥거루 모습 수가 작고 귀엽다 펭귄 모습 사진 주인공 다양하다 동물 모습 배경 사진 찍다 여념 하버브릿지 세계 두번째 기다 다리 길이 무려 149 강철 만들어지다 웅장 시드니 하버브릿지 볼록하다 모양 오페라 하우스 멋지다 대조 이루다 해면 도로 높이 59 대형 다리다 걸이 모양 낡다 걸이 애칭 가지 늦다 저녁 다리 사진 한장 담다 녹슬다 방지 사용 페인트 3만 리터 넘다 차선 자동차 도로 차선 철도 양옆 자전거 겸용 인도 산책 좋다 하버브릿지 걸다 경험 해보다 다리 사이 보이다 시드니 풍경 새롭다 시선 다가오다 시드니 카톨릭 중신 세인트 마리 대성당 아침 일찍 시드니 대표 고딕 양식 건축물 100년 지은 성당 방문 되어다 성당 역사 중요성 남다르다 성당 시드니 랜드마크 구실 해주다 화려하다 스테 글라스 창문 영화배우 크루즈 오다 니콜 키드 멀다 결혼식 장소 유명하다 호주인 결혼식장 인기 개월전 예약 크리스마스 시즌 성당 주변 분주하다 성탄절 준비 시설 곳곳 보이다 이드 파크 시드니 중심 업무 지구 동부 위치 시드니 크다 공원 휴식 취할 여유 공간 이드 파크 박물관 호수 아치 볼드 분수 작다 전쟁기념관 볼거리 다양하다 분수 분수 시드니 타워 한눈 보이 사진 찍다 주변 체스 스퀘어 들다 체스 스퀘어 성인 무릎 오다 크다 체스 두다 오다 체스 두다 할아버지 모습 수가 시골 정자 할아버지 끼리 장기 두다 모습 사뭇 다르다 느끼다 하루 뉴사우스웨일즈 주리다 미술관 뉴사우스웨일즈 주리다 미술관 뉴사우스웨일즈 시드니 예술 호주 문화 선도 15 세기 현대 호주 유럽 아시아 예술 전시 비다 날다 불구 방문 북적 주로 회화 피카소 모네 작품 그날 수가 단순하다 전시 미술관 시드니 시민 문화 공처 역할 여유 갖다 박물관 구경 기억 나다 시드니 랜드마크 오페라 하우스 바람 가득 돛대 모양 형상 오페라 하우스 독창 아이디어 많다 주목 받다 세계 공연 열리다 예술 센터 자리 잡다 국가 행사 진행 호주 중요하다 문화 공간 늦다 저녁 오페라 하우스 외관 모습 사진 담다 오페라 하우스 내부 관람 기회 되어다 오페라 하우스 내부 곳곳 도보 안내 비디오 기록 비롯 역사 건축가 디자인 학적 비결 들다 시드니 하버 굽다 장엄하다 풍경 사진 기회 가지 되어다 콘서트 오페라 극장 라이브 퍼포먼스 장소 특별하다 장소 수도 처음 색다르다 풍경 가다 모르다 좋다 경험 여행 한국 겨울 호주 여름 색다르다 경험 여행 시드니 주변 곳곳 진기하다 풍경 모습 힐링 좋다 기회 쓰다 내내 호주 시드니 여행 감흥 남아 기분 여행 기회 오다 과감 떠나다 나라고 갈등 망설이다 여행 위로 두다 지구별 곳곳 여행 떠나다 여행 기회 오다 기회 영원하다 오지 모르다 여행 떠나다 행복하다 지다 여행 서로 양보 정이 들다 헤어지다 아쉽다 팀원 에세 감사하다 전하 싶다 여행 좋다 팀원 만나다 복인 여행기 사고 웃다 모습 대다 한국인 운전기사 분과 밝다 웃다 주다 해주다 손수영 감사하다 전하 싶다
호주,아름답다 시드니 6일 호주 시드니 여행 다녀오다 오다 1월 서유럽 여행 다녀오다 더욱 신뢰 생기다 고민 여행사 선택 아름답다 경관 시드니 야경 흠뻑 빠지다 멋지다 여행 호텔 깨끗하다 편안하다 만족스럽다 편안하다 모로 신경 써주다 배려 해주다 현지 김성미 과장 감사 인사 드리다 김성미 과장
호주,가다 시드니 여행 회사 여직원 워크샵 고해 야하다 여행 떠나다 개인 경비 전혀 떠나다 여행 이기 여행 경비 쇼핑 풍족하다 본다이비치 호주 블루마운틴 리페 개다 시드니 야경 투어 본다이비치 파빌리온 호주 아침 일찍 본다이비치 가게 되어다 늘다 바위 부서지다 파도 원주민 언어 이름 원스 부서지다 파도 서퍼 환호 가다 아침 일찍 가다 보이지 평화 한가하다 보이다 모습 들이다 한국 반대 겨울 끝나다 오다 시기 서핑 즐기다 수영 즐기다 해변 거니 보이다 시드니 인근 해변 가운데 심하다 유명 치르다 여름철 많다 인파 몰리다 울리다 음악 수많다 나누다 소리 가득하다 드넓다 파티 상상 파빌리온 늘다 1920년 지다 역사 건물 비치 사장 가운데 위치 비치 지역 주민 일종 문화센터 역할 담당 내부 음악 스튜디오 갤러리 극장 여름철 오다 싶다 블루마운틴 에코 포인트 호주 우리나라 알려지다 블루마운틴 덮다 유칼립투스 나뭇잎 나오다 수액 뜨겁다 태양열 인하다 증발 푸른 안개 발생 현상 붙이다 이름 시드니 가다 모든 관광 상품 블루마운틴 일정 포함 되어다 나라 배경 사진 찍다 보이다 광활하다 풍경 시선 끄다 많다 연인 배경 사진 찍다 보이다 자매 바위 여러 가지 전설 원주민 전설 메다 자매 부족 형제 사랑 빠지다 결혼 부족 형제 자매 납치 이롭다 전쟁 일어나다 강력하다 가지다 부족 장로 자매 바위 바꾸다 버리다 알려지다 전설 옛날 옛적 블루마운틴 사냥 아버지 하루 마왕 부하 인간 세상 순찰 오라 지시 내리다 돌아오다 부하 세자매 궁금하다 여기다 마왕 인간 인간 세상 내려오다 마을 물다 마을 알다 돌아보다 마왕 꼬리 보이다 마을 급하다 주술사 찾아가다 자초 지정 주술사 지팡이 세자매 바위 변하다 지팡이 숨기다 마왕 주술사 죽이다 버리다 사냥 돌아오다 아버지 뒤늦다 지팡이 찾다 헤매다 찾다 죽다 되어다 세자매 찾다 죽다 아버지 까마귀 환생하다 세자매 근방 떠돌다 푸른 탐험 블루마운틴 매력 포인트 바다 넓다 원시림 케이블카 타고 건너다 케이블카 출발 투명 변경 자연 내려다보다 산책로 크다 웨이 산책 살짝 해보다 빠르다 스피드 느끼다 레일 웨이 궤도 열차 올라가다 65 도경 사라 살짝 무섭다 유칼립투스 나무 고사리 나무 탄광 산장 먹다 스테이크 꿀맛 들리다 페이지 원래 들리다 페이지 개인 소유 전망 좋다 의미 시드니 기부 기부 아름답다 전망 망가지다 건물 짓다 들리다 페이지 본다이비치 한눈 지하 물탱크 쓰다 특이하다 개다 시드니 명물 하버브릿지 오페라 하우스 전경 한눈 내다 보이다 공원 미터 넘다 절벽 양쪽 갈라지다 이름 붙이다 늘다 영화 빠삐용 마지막 장면 촬영 유명하다 공원 한쪽 1857년 침몰 영국 함선 남기다 거대하다 추모 저녁 먹다 불고기 소주 사비 사주다 소주 기억 남다 야경 투어 호주달러 70 불다 아깝다 미시 크다 리스 포인트 주리다 미술관 왕립식물원 세인트 대성당 이드 파크 본다이비치 호주 블루마운틴 리페 개다 시드니 야경 투어 록스 마켓 포트 스테 판사 투어 호주 넬슨 베이 돌핀 크루즈 너리 농장 와인 사주다 소주 사주다 아이스크림 사주다 현지 한국 이민 오신 많다 핸썸 킹왕짱 감사하다 여행 내내 실컷 웃다 서다 연락 주고받다 새롭다 인연 계속
호주,감동 시드니 여행 안녕하다 3월 8일 13일 6일 아빠 엄마 모시 호주 여행 다녀오다 호주 가다 싶다 수많다 여행사 호주 여행 상품 마음 들다 망설이다 찰나 포기 심정 호주 상품 싶다 예약 시드니 도심 외곽 지역 아름답다 자연 풍경 비롯 도심 지역 명소 알차다 둘러보다 좋다 상품 틀림 확신 결과 만족 동양인 차별 우려 무색 호주인 공항 서울 돌아가다 친절하다 화창하다 쾌적하다 호주 날씨 햇살 잊혀지다 감동 여행 내내 행복하다 기운 가다 맑은 햇살 하니 절로 콧노래 나오다 울릉공 비스 베이 해변 가다 부시다 아름답다 거구 싶다 정도 아름답다 오페라 하우스 바라보다 순간 감동 잊혀지다 선택 관광 야경 투어 통해 오페라 하우스 처음 되어다 바라보다 모습 바라보다 모습 아름답다 야경 투어 적극 추천 드리다 싶다 가격 싶다 정도 저렴하다 가격 식사 호텔 기대 인터넷 통해 찾아보다 모든 여행사 호주 패키지 상품 숙소 식사 구성 불평 무색 정도 특급 호텔 먹다 지내다 전혀 무리 깨끗하다 숙소 맛있다 식사 구성 지내다 늘다 깨끗하다 조용하다 지내다 좋다 리조트 인지 커피포트 전자레인지 식기구 구비 되어다 호텔 편하다 두번째 숙소 이비 쏘다 도심 떨어지다 이기다 지내다 전혀 무리 깨끗하다 호텔 부모님 자다 지내다 오다 항상 부모님 여행 문제 문제 되어다 여행 안좋다 기억 남다 항상 신경 쓰다 여행기 내내 보살피다 안형준 진심 감사 드리다 호주 해박 지식 본인 가지 계시다 풍부하다 상식 접목 여행 내내 호주 많다 배우다 크다 도움 주다 어우러지다 유머 감각 모든 문제 놓치다 챙기다 세심 최고 살다 부모님 행복하다 말씀 들다 여행 내내 행복하다 말씀 연발 콧노래 흥얼거리다 모습 안형준 모든 감사하다 해드리다 싶다 패키지 상품 특성 쇼핑 식사 숙소 만족 주다 모르다 패키지 상품 특성 이해 여행 선입견 불평 감소 결론 가격 바탕 상품 구성 굉장하다 훌륭하다 알차다 가지 실수 불평 잊혀지다 호주 나라 자체 크다 감동 남다 확신 호주 여행 강추 드리다 감사하다 안형준 진심 감사 드리다 건강하다 행복하다 지내다 기원 감사하다
호주,즐겁다 시드니 여행 쇼핑 여행 일부 보이 상술 국내 문제 노인 상대 건강 식품 판매 조직 즐겁다 여행 귀국 하루 면세점 면세점 벌어지다 풍경 오다 구체 사례 매체 통해 알리 싶다 여행 자체 가격 대비 알차다 즐겁다
호주,아빠 아들 호주 시드니 여행 인천공항 출발 항공기 지연 인하다 도착 늦다 도착 불구 지연 누락 일정 무리 진행 주시 호주 현지 상황 대하 안내 주신 연주 감사 드리다 2월 15 20 중순 호수 시드니 여행 최고 날씨 가다 아침 저녁 선선 여름 다운 여름 날씨 온도 높다 습도 높다 기온 불구 덥다 느껴지다 여행 날씨 최고 가다 여행 내내 친절하다 마지막 동반 가족 작다 간식 거리 마련 주시 공항 새다 딩시 일간 들다 눈물 보이시 여행 일행 작별 인사 연주 감사 드리다 호주 시드니 여행 직접 경험
호주,호주 시드니 일주일 추억 담다 해외여행 몇번 다니다 10시간 비행 호주 일정 앞두다 두려움 설레임 들뜨다 호주 한석규 대현 난건 호주 공항 딸램 이름 불다 대면 인상 첫날 여행 어색하다 기류 이내 날짜 지나 갈수록 서로 친숙해지다 가다 날씨 여행 기기 넘다 청명 파란하늘 토스 테판 모래 썰매 탈때 살짝 비다 나름 스릴 느끼다 고맙다 달변 솜씨 자세하다 설명 주다 호주 오다 기름 튀기다 감자 튀김 기름 튀기다 베이컨 기름 튀기다 소시지 자다 먹다 오다 경험 많다 관광 지체 진행 주다 만족하다 여행 넘다 좋다 즐겁다 여행 기억 남다 호주 일주일 수고 항상 건강하다 여행 헀던 팀원 건강하다 행복하다 바라다 오다 찍다
호주,시드니 행복하다 도시 시드니 현지 문제 많다 한국인 비다 심하다 한국 선진국 설명 호주 설명 가격 대비 식사 차다 무례하다 쇼핑 강요 밝히다 모습 불쾌하다 아름답다 시드니 덕분 씁쓸하다 박식하다 겸손하다 존중 알다 필요하다 가다 여행 무례하다 반성 바라다 소문 들다 쇼핑 센터 제품 사면 큰일 나다
호주,시드니 포트 스테판 서다 하일랜드 6일 후기 1일 인천 출발 중국 국제 항공 경유 2일 블루마운틴 동물원 3일 포트 스테판 모래 썰매 돌핀 크루즈 너리 야경 투어 4일 서다 하일랜드 5일 시드니 호텔 조식 시드니 동부 지역 명소 관광 시드니 시내 한눈 들어오다 리페 아름답다 남태평양 절경 내다 보이다 캡팍 시드니 아름답다 해변 본다이비치 산책 낭만 시드니 런치 크루즈 탑승 시드니 시내 관광 세계 사랑 받다 호주 상징 오페라 하우스 관광 시드니 중심부 북쪽 도시 연결하다 하버브릿지 시드니 야경 투어 오페라 하우스 하버브릿지 야경 감상 한식 석식 수련 일차 시드니 출발 인천 도착
호주,가다 싶다 시드니 13 시드니 포트 스테판 서다 하일랜드 6일 상품 다니다 오다 서다 하일랜드 울릉공 가다 상품 고민 상품 결정 초이스 6일 일정 사막 투어 블루마운틴 서다 하일랜드 자연 시드니 시티 도시 매일 느낌 관광 구성 차다 자다 짜다 놓다 여행사 서다 하일랜드 가다 상품 현지 호주 알다 관광지 의미 스테이크 주다 한식 깔다 끄다 호텔 깨끗하다 원래 자유여행 계획 가격 비싸다 패키지 좋다 추억 만들다 해주다 감사하다 적극 추천 함돠 882 304 916 1002
호주,호주 시드니 이붕 이붕 영어 이름 피터 온라인투어 통해 조인 여행 떠나다 어머니 환갑 맞이 어머니 아버지 여행 가다 벌써 9월 2일 달이 훌쩍 지나다 이붕 10 남짓하다 팀원 인솔 센스 가다 모르다 진솔하다 감동 받다 많다 짧다 호주 인생 아름답다 나라 하나로 기억 항상 건강하다 제주도 어머니 아버지 가다 처자
호주,시드니 져비스 베이 울릉공 6일 후기
호주,시드니 여행 다녀오다 11 6일 일정 시드니 관광 시작 되어다 처음 가다 호주 많다 설레임 대감 개인 모든 만족하다 되어다 여행 베스트 시드니 공항 나가다 기다리다 계시다 예상 챙기다 확인 여행 일정 시작 되어다 칭찬 여행지 해박 지식 인간 부분 세다 설명 일행 웃음 주시 유모 부분 어떠하다 부족함 여행객 19 기쁨 주다 여행 즐거움 주다 기억 남다 계시다 홍보 자연 되어다 홍보 노력 겠다 들다 정도 모든 일행 좋다 정보 유쾌하다 선물 주다 늦다 감사 표현 파서 쓰다 되어다 6일 어떻다 지나가다 모르다 정도 신경 써다 주신 자리 빌어 깊다 감사 인사 드리다 항상 건강 행복 가득 기원 이글 모든 시드니 여행 강추
호주,시드니 져비스 베이 울릉공 6일 여행 후기 여행 2015 01 06 2015 01 11 현지 기분 좋다 행복하다 여행 돌아오다 여행 후기 올리다 자다 리딩 해주다 감사 드리다
호주,시드니 여행 김창섭 여행 좋다 해외여행 계획 홈쇼핑 시드니 여행 결정 설보경 친절하다 안내 가방 싸다 풀다 반복 준비 완료 걸치다 갈아타다 10시간 드뎌 시드니 도착 끄다 무잡 잡다 그을리다 김창섭 미팅 파마머리 기사 김광진 캡틴 미니 버스 탑승 뒷모습 아줌마 스타일 엽기 캡틴 5일 안전하다 편하다 운전 고생 5일 일행 친절하다 인도 해주다 김창섭 여행 불편하다 배려 해주다 알다 많다 한국인 사랑 진심 친절하다 묻다 나오다 모습 재밌다 유익하다 행복하다 여행 애쓰다 주다 감사하다 배우다 느끼다 즐겁다 여행 해주다 감사하다 만난 호텔 넓다 들다 음식 맛있다 여태껏 먹다 여행지 음식 최고 호주 알다 애쓰다 김창섭 최고 호주 여행 싶다 김창섭 만나다 바램 가다 호주 여행 계획 신분 적극 추천 싶다 진심 즐겁다 행복하다 보내다 자다 돌다 오다 김창섭 김광진 캡틴 분다 건강하다 행복하다 기원 설보경 고맙다 파이팅
호주,호주 시드니 다녀오다 호주 시드니 자다 다니다 오다 노랗다 실속 가족 여행 즐겁다 아쉽다 여행가이드 여자 팔다 방문 패키지 분도 사지 짜증 내면 마이너스 투어 처음 불쾌하다 선정 좀더 신중하다 선택 사업 번창 믿다 노랗다 일본여행 가다 즐겁다 여행 노랗다 행복하다 여행 믿다 오늘 행복하다
호주,시드니 포트 스테판 울릉공 6일 여행 친구 시드니 여행 다녀오다 10시간 비행 처음 설레임 걱정 출발 걱정 다르다 기내식 먹다 맥주 말다 졸리 자고 시드니 도착 맛있다 먹다 비빔밥 나다 1일 지나가다 2일 아침 도착 시드니 공항 도착 미팅 관광 시작 시드니 대표 관광지 블루 마운틴 국립공원 도착 세자매 곤돌라 탑승 궤도 열차 탑승 개인 궤도 열차 재밌다 관광 점심식사 호주 가정 스테이크 하우스 개조 에버튼 스테이크 하우스 먹다 스테이크 넘다 맛있다 정원 이쁘다 얼릉먹 사진 찍다 시드니 돌아오다 호주 상징 코알라 캥거루 와일드 라이프 시드니 동물원 가다 동물원 생태 체험 느끼다 저녁식사 클럽 뷔페 호텔 이동 4일 이동 호텔 이용 편리하다 깔끔하다 깨끗하다 침대 식다 3일 돌핀 크루즈 탑승 포트스테판 이동 가다 돌고래 많다 좋다 돌고래 사진 보이다 점심식사 볼링 클럽 스테이크 먹다 고기 좋아하다 인지 넘다 넘다 맛있다 식당 깨끗하다 주변 경관 이쁘다 점심 먹다 힘내다 모래 썰매 가다 올라가다 길다 멀다 내려오다 한순간 신나다 재밌다 실제 경사 높다 보이 타고 내려오다 그다지 높다 위험하다 돌아오다 와인 농장 들다 와인 오다 호텔 5분 맥도날드 안주 햄버거 구매 나다 먹다 4일 아름답다 해안 도시 울릉공 관광 찍다 엽서 사진 나오다 지나가다 휴게소 들다 맛있다 유기농 아이스크림 먹다 쥬스 사먹다 가격 한국 크게 다르다 호주 유기농 만들다 먹다 세계 유명 인사 밀랍인형 박물관 마담투 쏘다 관광 유명하다 많다 로만 사진 별로 시드니 타워 올라가다 시드니 아름답다 전경 한눈 저녁식사 한정식 간만 먹다 한정식 느끼하다 뻔하다 개운하다 풀다 주다 저녁 식사 옵션 야간 시티투어 진행 습니 시드니 펍에가 맥주 한잔 아름답다 오페라 하우스 야경 감상 시드니 여행 행복하다 강추 5일 시드니 부지역 본다이비치 관광 호주 여행 하이라이트 오페라 하우스 하버브릿지 관광 가다 얼릉 둘러보다 보이다 오페 라바 가다 맥주 한잔 시원하다 분위기 좋다 한잔 부족하다 오리 아쉽다 마음 접다 마지막 시드니 저녁식사 트와일라잇 디너 크루즈 우리나라 한강 유람선 타고 돌다 생선 요리 주다 유람선 오페라 하우스 느낌 다르다 시드니 일정 끝나다 아침식사 공항 이동 한국 돌아오다 에피소드 쓰다 사진 시드니 추억 생생 좋다 추억 만들다 담당자 감사 드리다 여행 갈다
호주,시드니 비스 베이 울릉공 6일 시드니 비스 베이 울릉공 6일 정표 201404 4940 13020126 0219
호주,호주 골드코스트 시드니 허니문 다녀오다 호주 골드코스트 시드니 6일 가다 오다 처음 상품 계약 담당자 마찰 찜찜하다 상태 비행기 실었는데 가다 이상하다 두다 심정 도착 해보다 호주 여유롭다 빨다 모든 유러 워보 좋다 호주 이민 오다 싶다 정도 골드코스트 시드니 좋다 시드니 2일 아쉽다 볼거리 많다 사진 예술 이구 금방 금방 가다 비행기 아쉽다 결혼 들다 늘다 무사 신혼여행 자다 도착 이용 저렴하다 만족하다 여행 즐기다 오다 포토북 줄다
호주,시드니 6일 여행 다녀오다 안녕하다 시드니 포트 스테판 울릉공 마담투 쏘다 6일 상품 이용 다녀오다 즐겁다 다녀오다 간단하다 에피소드 들다 드리다 남기다 비행기 기다 걱정 친구 얘기 도하 자다 금방 도착 도착 찾다 나가다 카우보이 모자 쓰시 기다리다 계시다 버스 타고 트램 가다 우리나라 특이 하드 고요 기대하다 마담투 쏘다 코알라 동물원 가다 붙다 연결하다 재미있다 실물 똑같다 굉장하다 많다 유명인사 사다 찍다 뛰어다니다 기억 우리나라 배우다 유일하다 김현중 들다 찾다 코알라 악어 코알라 귀엽다 여러가지 동물 예전 코알라 실제 만지다 안되다 아쉽다 이쁘다 집다 관광 식당 스테이크 먹다 간곳 맛있다 이쁘다 들다 가슴 트이다 블루마운틴 예쁘다 한참 바라보다 공기 좋다 여러가지 케이블카 중간 빨갛다 케이블카 제일 신나다 재밌다 호주 향신료 별로 음식 자다 맞다 맛있다 제일 맛있다 뷔폐 종류 다양하다 우리나라 맛있다 맥주 맛있다 포트스테판 모래 썰매 갈다 신나다 재미있다 올라가다 5분 내려오다 30초 정도 우리나라 체험 재미있다 모래 부드럽다 기억 나다 모자 써다 그라스 챙기다 야하다 돌고래 돌핀 크루즈 가다 날씨 흐리다 돌고래 간날 날씨 좋다 진짜 좋다 돌고래 들다 신기하다 바다색 이쁘다 한참 놓다 여기다 울릉공 등대 유명하다 사진 찍다 이쁘다 나오다 좋다 옵션 야간 투어 신청 하버브릿지 걸다 사진 찍다 좋다 다리 건너다 20분 정도 걸리다 걷다 멀리 이쁘다 시드니 타워 전망대 찍다 사진 시드니 전체 한눈 낮다 날씨 좋다 멀리 자다 보이다 시드니 여행 메인 마지막 오페라 하우스 옵션 투어 가다 가다 비교 해보다 사진 보이다 드리다 신비 분위기 풍기다 활발하다 여유 보이다 모습 친구 카페 테라스 자리 잡고 앉다 맥주 한잔 마시다 진짜 여행 제일 좋다 순간 가다 말다 가다 걱정 호텔 깔끔하다 좋다 호텔 지내다 편하다 일정 타이 편하다 좋다 신경 써주다 설보경 담당자 감사하다 짧다 시드니 여행 후기 써다 시드니 여행 계획 라면 참조 좋다
호주,호주 시드니 골드코스트 허니문 다녀오다 허니문 준비 과정 쉽다 알다 척척 해주다 처음 갈리다 마음먹다 가격 저러다 거품 여행사 빠지다 정도 숙소 식사 동등 퀄리 티거 친절하다 가격 대비 품질 만족 이구 대박 친철 분위기 좋다 일정 4일 숙식 괜찮다 비행 10시간 기다 힘들다 호주 허니문 가시다 여행기 짧다 잡다 시드니 일정 잡다 무척 좋다 싶다 많다 넓다 이동 빼다 괜찮다 결혼 주년 발리나 푸켓 몰디브 이렇다 가다 휴양 나라 괜찮다 싶다 헬기 타고 찍다 골드코스트 이렇다 찍다 시드니 사방 팔방 다니다 찍다 기억 다양하다 도로 좋다 많다 사진 추억 이기 다녀오다
호주,뉴질랜드 낭만 시드니 블루마운틴 그리다 대학시절 많다 친구 배낭여행 순위 호주 뉴질랜드 뽑다 갈다 메카 늘다 가보리 마음 먹다 직장인 난뒤 바쁘다 일상 휴가 다운 휴가 쓰다 그립다 지난달 다녀오다 되어다 마음 정도 가다 싶다 직장인 굴레 패키지 상품 타협 뉴질랜드 호주 10일 상품 다녀오다 되어다 시드니 가기 휴가 아깝다 크다 먹다 뉴질랜드 는걸 내용 평소 가다 시드니 포트스테판 블루마운틴 알짜 배기 들다 가다 여유 신분 호주 뉴질랜드 다녀오다 개인 좋다 뉴질랜드 남섬 북섬 관광 명소 짜임새 자다 들어가다 온천 포함 되어다 잇다 일본 느낌 더욱 장시간 여행 피곤 풀다 좋다
호주,6일 아름답다 시드니 여행 25 30 6일 일정 시드니 비스 베이 울릉공 지역 다녀오다 25 저녁 20 30 601 타고 시드니 출발 30 저녁 19 00 602 타고 인천 도착 일정 호주 비자 필요하다 지역 이기다 여행사 여권 사본 보내다 비자 비용 발급 기내 탑승 기내식 나오다 성인 기내식 보통 양식 한식 선택 아동 경우 출발 미리 신청 먹다 수가 앉다 아동 신청 식사 과자 담기다 상자 나오다 조식 새벽 5시 나오다 오므라이스 선택 버섯 야채 결정 호주 검역 까다롭다 기내 입국카드 받다 의약품 던지다 음식 가져가다 자다 체크 입국카드 작성 자다 모르다 승무원 질문 친절하다 알다 공항 출구 나가다 마지막 수화물 포함 모든 모으다 내려놓다 냄새 맡다 끄다 순서 기다리다 신고 걸리다 벌금 통과 문제 가져가다 챙기다 반입 가능 세관 신고 자다 신고 좋다 울릉공 지역 출발 세계 최초 행글라이딩 볼드 가보다 바람 바람 방향 좋다 인지 행글라이딩 풍경 아름답다 점심 뷔페 먹다 뷔페 다양하다 메뉴 깔끔하다 음식 맞다 다행 한국 뷔페 초밥 명소 로우 하얗다 등대 해안 바위 사이 물이 뿜어져 나오다 광경 숙소 리조트 지내다 리조트 앞쪽 동네 주민 찾다 저녁 스테이크 먹다 현지 분위기 느끼다 좋다 리조트 단층 되어다 흡연 경우 지정 흡연 장소 흡연 가능 처리 틀다 와이파이 무료 져비스 베이 피시 들다 이름 연못 이기다 연못 물고기 바다 들어오다 치다 자라다 상어 다양하다 물고기 직접 물고기 주다 피시 폰드 맹그로브 자리 잡고 하이 비치다 세계 희다 사장 하얗다 불다 선글라스 써다 제트 보트 해안 절경 좋다 고래 수가 동물원 코알라 캥거루 칠면조 에뮤 캥거루 직접 만지다 동물원 동물 자유롭다 다니다 분위기 나머지 박다 지내다 호텔 조식 모습 호텔 깔끔하다 샴푸 컨디셔너 비누 타월 드라이기 헤어 칫솔 치약 면도기 슬리퍼 구비 되어다 준비 야하다 시드니 시내 관광 시드니 시내 미시 크다 리스 포인트 가다 하버브릿지 오페라 하우스 망하다 보이다 풍경 아름답다 세인트 마리 대성당 외부 내부 웅장 아름답다 내부 촬영 금지 되어다 세인트 마리 대성당 이드 파크 세인트 마리 대성당 배경 분수 바라보다 그림 사진 남다 싶다 호텔 돌아오다 아침 9시 30분 비행기 새벽 5시 공항 가기 미팅 조식 도시락 공항 탑승 수속 먹다 되어다 반찬 한국 도시락 우유 주스 시리얼 들다 도시락 연착 되어다 인천공항 19시 10분 도착 비행 힘드다 부분 4일 관광 다양하다 어트렉션 아름답다 자연 관광 좋다 동물원 캥거루 직접 만지다 수족관 다양하다 해양 생물 좋다 고래 자녀 자연 학습 가지다 부모님 자녀 좋다 들다 시드니 여행 강추
호주,호주 시드니 골코 7일 강추 10시간 비행 헛되 호주 멜버른 정도 거주 허니문 호주 가지 많다 가다 싶다 8월 31일 비행기 떠나다 9월 1일 호주 도착 날씨 9월 호주 여행 좋다 호주 날씨 정반대 추다 날씨 최상 저녁 기다 입다 정도 밤샘 비행 피곤하다 첫날 여행 일정 걱정 센스 저녁 일정 날로 미루다 보여주다 보여주다 보여주다 음식 남편 햄버거 피자 스파게티 이렇다 자다 먹다 촌스럽다 정통 한국 입맛 걱정 지사 제도 미리 미리 챙기다 가다 현지 나오다 피자 스테이크 먹다 우리나라 맛있다 한국 비싸다 쉬다 먹다 스테이크 하루 먹기 스테이크 정도 빼다 식단 괜찮다 관광 휴양 관광 선호 만족스럽다 헬기 타고 공연장 행사 무대 올라가다 양털 깎다 하단 사진 좌측 인증샷 모래 썰매 타고 카약 휴양 관광 원하다 여행사 짜다 일정 빼다 본다이비치 머물다 좋다 남편 아쉽다 부분 4일 여행사 일정 추가 자유여행 하루 넣다 공항 새다 마지막 여유롭다 보내다 편하다 현지 관광지 호주 전반 쉬다 좋다 처음 5일 자유여행 계획 직장인 미리 관광지 교통 수단 공부 갈다 여행가 잡화 물건 팔다 데려가다 억지로 사다 걱정 사라 강요 좋다 부담 감다 대체로 필요하다 물건 파다 나쁘다 행시 여권 분실 호텔 두다 물건 여권 필요하다 카지노 관광 작다 가방 지다 차다 들다 다니다 비수 기르다 분과 부부 이서 다니다 행운 비다 내다 가다 여행 강추 다니다 불편하다 걱정 재다 편안하다 해주다 감사하다 우리나라 모양 돼지 콘센트 구입 고민 준비 해주다 작다 센스 최고 여행 애용 예정 호주 예쁘다 깨끗하다 나라 평생 가보다 현재 목표 해외여행 가기 모으다 여행가
호주,피지 뉴질랜드 호주 시드니 피지 계속 오늘 내일 로토루 유황 온천 마운틴 타키 그레노끼 그레노끼 번지 크라이스트처치 상공 시드니 블루마운틴 하버브릿지
호주,시드니 여행 6일 2013 05 14 19 시드니 여행 6일 다녀오다 10시간 기다 비행 도착 시드니 공항 우리나라 5월 호주 가을 날다 청명 하늘 맑은 바람 깨끗하다 거리 호주 구나 들다 기다리다 미니 버스 기사 분다 사장 해박 지식 고개 끄덕 구나 연발 여행 내내 싶다 정도 아름답다 해안 마음 깨끗하다 정화 되어다 결론 좋다 여행 알다 드릴 칫솔 치약 머리 면도기 챙기다 수영복 챙기다 비치 수영 머리 가져가다 손가락 드라이 칫솔 챙기다 치약 가져가다 아침 저녁 치약 빌리다 다니다 콘센트 가다 갈다 리조트 빌리다 시드니 사용 와이파이 안되다 편하다 고추장 챙기다 필요 호주 현지 식도 맛있다 한식 나오다 신발 편하다 좋다 걸다 하니 끄다 와인 맥주 싸다 대형 마트 박스 사서 일행 모이다 마시다 크다 재미 안주 가져가다 짭짤하다 좋다 호주 음식 체적 짜다 과자 짜다 짜다 져비스 새우 버터 구이 주다 와인 잊다 보내다 호주달러 100 가다 갈다 시드니 야경 옵션 추천 불꽃놀이 터지다 불꽃 오페라 하우스 노천 카페 호주 젊은이 파티 즐기다 색다르다 즐거움 하버브릿지 걸다 더없이 즐겁다 블루마운틴 산이 싶다 가시 외국 관광객 많다 손짓 발짓 대화 해보다 사진 찍다 좋다 여행 자세 적극 적다 절대 거절 웃다 오케이 연발 거들다 대형 마트 호주 째다 팔다 정도 그거 선물 딱이다 호주 5시 넘다 상점 닫다 목요일 쇼핑 데이 늦다 기회 놓치다 말다 즐겁다 추억 공유 대구 모녀 조숙 언니 미라 대구 가족 상철 지영 대구 가족 창원 윤영 신혼부부 승진 정현 훈식씨 은옥 부부 지적 핸섬 운전 해주다 호주 워킹 자다 알다 기사 찍다 단체사진 간직 건강하다 행복하다 알라 사진 첨부
호주,시드니 여행 안녕하다 지난 7월 시드니 포트 스테판 울릉공 6일 일정 다니다 오다 여행 가기 많다 여행사 홈페이지 고민 다행하다 홈쇼핑 방영 되어다 시드니 상품 저렴하다 금액 나오다 얼릉 예약 일정 시드니 유명하다 모으다 추가 마담투소 7월 가다 시드니 겨울 날씨 이기다 우리나라 얼다 정도 매다 추위 코트 챙기다 자다 입다 다니다 가다 가다 큰일 뻔하다 교차 크다 바람 주요 관광지 위주 감상 적자 포트 스테판 크다 모래언덕 처음 샌드보딩 처음 강철 체력 필요하다 저리 느끼다 샌드보딩 식사 든든하다 사막 바다 장관 샌드보딩 타고 나서다 돌핀 크루즈 돌고래 구경 가다 야생 돌고래 돌고래 아예 나다 돌고래 좋다 블루마운틴 이름 블루마운틴 전망대 파란 모습 청명 날씨 영향 크다 블루마운틴 산책로 자다 되어다 갈다 곤돌라 타고 편하다 올라가다 전혀 힘드다 일정 궤도 열차 경사 순간 놀이 공원 느끼다 울릉공 여행 가기 블로그 블루 사진 찾다 실제 가다 물이 바위 사이 높이 솟구치다 등대 예쁘다 사진 찍다 오다 시내 관광 동부 지역 관광 부지역 관광 개인 좋다 말로 듣다 오페라 하우스 하버브릿지 찍다 사진 여행 다녀오다 달이 넘다 평생 잊다 추억 비치 가다 느끼다 참으로 시드니 살다 받다 버스 30분 가깝다 해변 가다 오다 부럽다 우리나라 바다 가다 차로 최소 1시간 걸리다 개다 솟구치다 바다물 파랗다 저녁 진행 야경 투어 최고 오페라 하우스 느낌 다가오다 마지막 정리 식사 우리나라 맞다 맞다 자다 나오다 펴다 부페 식도 고르다 먹다 재미 스테이크 맛있다 호텔 쏘다 호텔 가다 방도 깔끔하다 여자 지내다 편하다 출발 안내 사항 자다 전달 해주다 상담 수고 많다 사진 포트 스테판 가다 들르다 와인 농장 울릉공 찍다 블루 사진 바위 사이 물이 높다 튀다 등대 넘다 예쁘다 아끼다 개다 사진 아름답다 오페라 하우스 주변 야경
호주,승현 넘다 행복하다 잊다 시드니 추억 수록 살아오다 행복하다 싶다 정도 즐겁다 몇몇 들다 여행 망치다 상품 신경 쓰이다 좋다 좋다 상품 평이 오다 익다 이름 승현 공항 미팅 장소 정표 은근 기분 좋다 첫인상 넘다 좋다 모르다 믿음 생기다 여행 내내 좋다 중간 중간 비바람 몰다 치다 보여주다 좋다 추억 남기다 주다 애쓰다 선생님 선생님 칭해 부족함 불다 덕분 화합 자다 돼다 좋다 가지다 돌아오다 발걸음 무겁다 아쉽다 눈물 즐겁다 선생님 넘다 좋다 차다 박식하다 친절하다 유쾌하다 칭찬 아끼다 고생 감사하다 번창 여행가 찾다
호주,즐겁다 시드니 골드코스트 안녕하다 다녀오다 시드니 골드코스트 아름답다 말씀드리다 택해 여행 가다 처음 분도 친절하다 여행 마음 들다 여행 친구 다녀오다 여행 우정 더욱 돈독하다 만들다 주다 대한항공 타고 시드니 출발 10시간 넘다 걸리다 비행 설레임 길다 느껴지다 친구 수다 떨다 준비 읽다 금방 시드니 공항 도착 게이트 피켓 가지 금방 찾다 처음 관광 블루마운틴 구름 끼다 비다 리지 상쾌하다 세자매 실제 웅장 궤도 열차 경사 대단하다 의자 경사 앉다 되어다 친구 소리 지르다 탓던 기억 나다 놀이기구 재미있다 블루마운틴 신비롭다 느낌 시드니 돌아오다 수족관 가다 가기 담당자 알다 되어다 호주 수족관 만들다 우리나라 삼성동 수족관 만들다 좋다 정보 감사하다 삼성동 수족관 가다 시드니 수족관 색다르다 호주 자연 다운 느낌 끄다 유리 터널 지나다 이롭다 들어오다 느낌 받다 수족관 만난 호주 좋아하다 부족하다 영어 대화 나누다 구경 호주 상징 오페라 하우스 하버브릿지 상상 웅장 오페라 하우스 각도 찍다 작품 사진 조개 껍데기 모양 오페라 하우스 세계 아름답다 티비 오페라 하우스 나오다 기억 나다 좋다 하버브릿지 직접 걸다 보지 기다 세계 기다 더니 예술 작품 아름답다 날씨 좋다 크다 리스 포인트 바라보다 오페라 하우스 하버브릿지 여유 호주 살다 들다 여유롭다 앉다 낮잠 자다 호주 여유 로움 잊다 추억 아름답다 시드니 뒤로 브리즈베인 떠나다 콴타스 항공 이용 우리나라 국적 못지않다 편안하다 비행 비행 짧다 금세 브리즈베인 도착 시드니 덥다 드리다 썬크림 썬글라스 필수 간단하다 시내 관광 브리즈베인 한국 모습 관광 시드니 매력 간단하다 사우스뱅크 가든 구경 점심 먹다 골드코스트 이동 이동 내내 하늘 아름답다 수가 구름 아름답다 처음 알다 골드코스트 호주 가족 하루 많다 비율 차지 설명 주다 부모 뛰다 모습 인상 바다 우리나라 맑은 에메랄드 사진 찍다 기술 떨어지다 아름답다 전하 아쉽다 골도 코스트 해변 아름답다 건물 장관 해변 건물 조화 차다 아름답다 날씨 좋다 해변 서핑 즐기다 많다 맨발 샌드 비치 걷다 뛰다 퍼스 파라다이스 웅장 느끼다 호주 멋있다 씨월드 우리나라 동물원 모습 시드니 수족관 물고기 자유롭다 모습 보지 씨월드 돌고래 물개 자연 수영장 곡예 부리 추다 모습 자유 박수 치다 모르다 호텔 좋다 시드니 시내 거리 근처 공원 친구 아침 일찍 일어나다 공원 산책 보내다 골드코스트 퍼스 파라다이스 바라보다 잠들다 발코니 해변 보이다 깔끔하다 시설 만족하다 7일 행복하다 여행 마치다 호주 더욱 사랑 되어다 택해 여행 떠나다 좋다 친절하다 설명 자다 해주다 저렴하다 좋다 여행 되어다 내년 떠나다 호주 뉴질랜드 상품 가지 좋다 기억 내년 저렴하다 좋다 상품 많다 사랑받다
호주,태평양 진주 시드니 다녀오다 처음 떠나다 해외여행 친구 세가족 12 현이 모네 진수 걱정 대반 떠나다 여행 걱정 씻다 김광진 버스 기사 새삼 감사 드리다 해박 지식 경험 시드니 소개 안내 해주다 좋다 여행 추억 해외여행 달다 차다 행복하다 여행 해보다 아들 커서 가족 끼리 오다 싶다 정도 들다 여행 사진 시드니 아름답다 국적 풍경 떠오르다 만해 뛰어들다 싶다 본다이비치 해변 울릉공 멋지다 바다 오페라 하우스 하버브릿지 웅장 시드니 미술관 시드니 한눈 시드니타워 모노레일 일주 아름답다 시드니 야경 국적 노천 카페 행글라이더 포인트 모래사막 해변 어우러지다 포트 스테판 돌고래 시드니 동물원 수족관 맛깔 한식 호주 조화 은근 편안하다 숙소 맥주 한잔 카페 너리 농장 와인 많다 나열하다 수가 사진 누르다 크게 사진 찍다 가보다 후회
호주,멋지다 시드니 포트 스테판 울릉공 6일 회사 그만두다 친구 꼬셔 6일 호주 다니다 왔드랬 비행 기다 걱정 저녁 비행기 먹다 영화 한편 오다 시드니 도착 오다 최고 절경 감상 미시 크다 리스 포인트 차량 이동 시드니 시내 발견 한국 동물원 손님 오다 반기다 귀차니즘 캥거루 희귀 흰색 캥거루 홍보 모델 코알라 직접 먹이 주다 사진 찍다 풀다 놓다 오다 좋다 들다 블루마운틴 도착 궤도 열차 타고 내려오다 산책 모노레일 타고 올라가다 궤도 열차 스릴 만점 최고 최고 묵다 호텔 란스 베일 후기 출발 포기 웬일 맥주 팔다 곳도 넓다 좋다 시내 호주 알다 만나다 님들 밝다 아침 일찍 포트스테판 고고 고고 기대 크다 다행 날씨 좋다 맛있다 스테이크 먹다 점심 먹다 돌핀 크루즈 오다 찾다 보이다 돌고래 아쉽다 등대 유명하다 울릉공 자연 마주 천국 멋지다 남태평양 바다 깨끗하다 하늘 싶다 오페라 하우스 오다 날씨 최고 몰래 찍다 오페라 하우스 근처 항구 하버 크루즈 탑승 멋있다 풍경 감탄 감탄 오늘 하이라이트 시드니 야경 투어 옵션 가다 추천 해주다 되어다 진짜 멋있다 홍콩 야경 멋지다 사진 가지 아쉽다 올리다
호주,시드니 여행 박종은 상담 감사하다 신혼여행 호주 오다 딸애 중얼거리다 우린 오붓하다 예쁘다 여행 즐기다 오다 불필요하다 쇼핑 되어다 환불 요청 기관 알아보다 먼저 문의 박종은 상담 진행중 여행사 달리 성의 도와주다 박종은 태도 고맙다 여행사 이미지 좋아지다 정도 해외여행 친해지다 싶다
호주,자연 시드니 호주 야생동물 코알라 가까이 코알라 유카 나무 먹다 알콜 성분 계속 취해 자다 캥거루 비롯 다양하다 동물 만날 하얗다 모래사장 윈드서퍼 본다이비치 시드니 전경 한눈 보이다 리페 남태평양 원하다 보이다 개다 시드니 동부 유명하다 오페라 하우스 오페라 하우스 호주 대표 세계 아름답다 건축물 1973년 영국 엘리자베스 여왕 의하다 정식 개관 내부 콘서트홀 중심 커다랗다 홀로 나뉘어지다 하버브릿지 세계 두번째 기다 다리 길이 무려 149
호주,깨끗하다 넉넉하다 광활하다 호주 시드니 가다 오스트레일리아 시드니 간다 작년 9월 시드니 가다 비행기 아시아나 기내식 앙증맞다 포장 배추 아침식사 나오다 김치볶음밥 계란찜 시드니 8시간 가게 저녁 출발 아침 도착 미리 공항 세수 비행기 좋다 비행기 세수 쫄쫄 나오다 기다리다 많다 힘들다 편하다 복장 필수 시드니 수족관 호주 해양 역사 보여주다 시드니 수족관 145 수중 유리 터널 따르다 다양하다 해양 생물 특이하다 듀공 오른쪽 블루마운틴 블루마운틴 호주 그랜드 캐년 불리다 호주 빼놓다 었는 명소 가득 채우다 칼리 강하다 태양 반사 되어다 푸른 안개 보이다 블루마운틴 불리 1000 높이 구름 이어지다 계곡 폭포 암등 계절 따르다 장관 이루다 오른쪽 봉우리 세자매 참으로 넓다 호주 느끼다 돼다 폐광 되어다 관광지 역할 석탄 탄광 레일 개조 궤도 열차 타고 울창 삼림 수직 강하다 경사 장난 놀이기구 기분
호주,호주 시드니 골드코스트 출장 2010년 03월 30일 인천 출발 03월 31일 도착 아름답다 도시 호주 시드니 시드니 공항 우리나라 인천공항 비다 넓다 호주 공기 맑다 좋다 호주 대표 관광지 시드니 관광 시작 시드니 지역 관광 오페라 하우스 기점 북쪽 위치 해안 절벽 베이 국립공원 라파 쓰다 헤드 전망대 뉴트럴베이등 아름답다 바다 경치 느끼다 우리나라 수족관 관람 정도 크게 기대 하진 시드니 수족관 다양하다 컨셉 규모 되어다 재밌다 구경 사진 찍다 일정 제공 되어다 호주 대표 음식 정통 스테이크 스테이크 우리나라 고급스럽다 럭셔리 분위기 손님 고르다 고기 접시 받다 외부 불판 가다 직접 굽다 먹다 셀프 스테이크 원하다 양념 소스 첨가 가능하다 고기 익히다 조절 가능 신랑 신부 신혼여행 서다 음식 해주다 알콩달콩 재미 느끼다 기회 주다 스테이크 크다 직접 굽다 먹다 반응 좋다 2010 04 01 오늘 시드니 오페라 하우스 다양하다 각도 주변 명소 관광 시드니 항만 아름답다 내다 하버브릿지 인도 걸다 덥다 살짝 지치다 내려다보다 시드니 풍경 어우러지다 오페라 하우스 역쉬 멋지다 여유 하버브릿지 위도 걸어가다 설치 되어다 체험 해보다 싶다 관계 패스 하버브릿즈 내려오다 간곳 미세 맥콰리 포인트 오페라 하우스 배경 삼다 사진 찍다 따르다 가다 로얄 가든 계속 안길 따르다 가다 오페라 하우스 갈수 서든 오페라 하우스 보이다 특징 오페라 하우스 시드니 관광 마지막 코스 시드니 유람 크루즈 제보 시드니 대표 꺼리다 오페라 하우스 하버브릿지 크루즈 석양 비치다 풍경 석식 스테이크 먹다 되어다 스테이크 먹다 2010 04 02 오늘 국내선 이용 골드코스트 이동 시드니 아침 저녁 쌀쌀하다 살짝 덥다 정도 골드코스트 완젼 한여름 덥다 골드코스트 먼저 파라다이스 컨츄리 농장 우리나라 목장 살짝 허다 되어다 알다 자체 운영 체계 진행 방식 쇼맨 쉬다 관광객 언어 장애 해결 해주다 통역 무전기 한국어 버젼 실시간 통역 해주다 부담 공연 야외 진행 부쇼 무섭다 생기다 전문 몰이 몰다 부치다 가두다 이동 장면 던지다 부메랑 신기하다 정도 자다 받다 장면 재밌다 행사 중간 소젖 짜다 체험 재밌다 즐기다 실내 진행 부쇼 다양하다 종류 선보이다 양털 깎다 체험 관람객 진행 요원 출하 참여 진행 한국인 통역관 추다 확률 낮다 양털 깎다 싶다 들다 직접 참여 해봤다 공연 관람 마치다 제공 중식 스타일 스테이크 미리 굽다 스테이크 야채 샐러드 직접 가다 먹다 셀프 레스토랑 음식 좋다 호주 오다 스테이크 먹다 슬슬 질리다 잇다 상태 골드코스트 마리나 미라지 선착장 럭셔리 요트 정박 풍경 허니문 일정 포함 되어다 헬기 투어 기념 촬영 한장 골드코스트 해변 휴양지 아름답다 퍼스 파라다이스 비치 호주 곱다 모래 모르다 오다 억울하다 골드코스트 아름답다 경치 타워 전망대 올라가다 360 도의 다양하다 각도 한눈 바닷가 서핑 즐기다 모습 해수욕 즐기다 모든 여유 아름답다 모습 2010 04 03 호주 아보카도 열대과일 농장 방문 듣다 보지 다양하다 크기 종류 열대과일 과일 직접 먹다 접시 세팅해 제공 해주다 즐겁다 골드코스트 마지막 일정 게잡 투어 강추 일정 게잡 살다 야비 전문 도구 펌프 지다 도구 사용 잡다 이동 중간 머드 크랩 테이블 별로 대표 직접 잡다 해주다 게잡 그물 끌다 올리다 들어서다 먹다 어쨌든 직접 잡다 재미 쏠쏠하다 중간 바다낚시 자유롭다 생전 처음 펠리칸 크다 먹이 생닭 던지다 해보다 이색 체험 투어 모든 시선 재미 주다 게잡 투어 일정 제공 머드 크랩 찌다 요리 단연 최고 마리 제공 크기 커서 진짜 먹다 느끼다 게잡 투어 고추장 챙기다 비비다 먹다 끝내주다 맛있다 추천 참고 호주 10시간 비행 아깝다 정도 매력 만점 여행지
호주,호주 시드니 골드코스트 출장 2010년 03월 30일 인천 출발 03월 31일 도착 아름답다 도시 호주 시드니 시드니 공항 우리나라 인천공항 비다 넓다 호주 공기 맑다 좋다 호주 대표 관광지 시드니 관광 시작 시드니 지역 관광 오페라 하우스 기점 북쪽 위치 해안 절벽 베이 국립공원 라파 쓰다 헤드 전망대 뉴트럴베이등 아름답다 바다 경치 느끼다 우리나라 수족관 관람 정도 크게 기대 하진 시드니 수족관 다양하다 컨셉 규모 되어다 재밌다 구경 사진 찍다 일정 제공 되어다 호주 대표 음식 정통 스테이크 스테이크 우리나라 고급스럽다 럭셔리 분위기 손님 고르다 고기 접시 받다 외부 불판 가다 직접 굽다 먹다 셀프 스테이크 원하다 양념 소스 첨가 가능하다 고기 익히다 조절 가능 신랑 신부 신혼여행 서다 음식 해주다 알콩달콩 재미 느끼다 기회 주다 스테이크 크다 직접 굽다 먹다 반응 좋다 2010 04 01 오늘 시드니 오페라 하우스 다양하다 각도 주변 명소 관광 시드니 항만 아름답다 내다 하버브릿지 인도 걸다 덥다 살짝 지치다 내려다보다 시드니 풍경 어우러지다 오페라 하우스 역쉬 멋지다 여유 하버브릿지 위도 걸어가다 설치 되어다 체험 해보다 싶다 관계 패스 하버브릿즈 내려오다 간곳 미세 맥콰리 포인트 오페라 하우스 배경 삼다 사진 찍다 따르다 가다 로얄 가든 계속 안길 따르다 가다 오페라 하우스 갈수 서든 오페라 하우스 보이다 특징 오페라 하우스 시드니 관광 마지막 코스 시드니 유람 크루즈 제보 시드니 대표 꺼리다 오페라 하우스 하버브릿지 크루즈 석양 비치다 풍경 석식 스테이크 먹다 되어다 스테이크 먹다 2010 04 02 오늘 국내선 이용 골드코스트 이동 시드니 아침 저녁 쌀쌀하다 살짝 덥다 정도 골드코스트 완젼 한여름 덥다 골드코스트 먼저 파라다이스 컨츄리 농장 우리나라 목장 살짝 허다 되어다 알다 자체 운영 체계 진행 방식 쇼맨 쉬다 관광객 언어 장애 해결 해주다 통역 무전기 한국어 버젼 실시간 통역 해주다 부담 공연 야외 진행 부쇼 무섭다 생기다 전문 몰이 몰다 부치다 가두다 이동 장면 던지다 부메랑 신기하다 정도 자다 받다 장면 재밌다 행사 중간 소젖 짜다 체험 재밌다 즐기다 실내 진행 부쇼 다양하다 종류 선보이다 양털 깎다 체험 관람객 진행 요원 출하 참여 진행 한국인 통역관 추다 확률 낮다 양털 깎다 싶다 들다 직접 참여 해봤다 공연 관람 마치다 제공 중식 스타일 스테이크 미리 굽다 스테이크 야채 샐러드 직접 가다 먹다 셀프 레스토랑 음식 좋다 호주 오다 스테이크 먹다 슬슬 질리다 잇다 상태 골드코스트 마리나 미라지 선착장 럭셔리 요트 정박 풍경 허니문 일정 포함 되어다 헬기 투어 기념 촬영 한장 골드코스트 해변 휴양지 아름답다 퍼스 파라다이스 비치 호주 곱다 모래 모르다 오다 억울하다 골드코스트 아름답다 경치 타워 전망대 올라가다 360 도의 다양하다 각도 한눈 바닷가 서핑 즐기다 모습 해수욕 즐기다 모든 여유 아름답다 모습 2010 04 03 호주 아보카도 열대과일 농장 방문 듣다 보지 다양하다 크기 종류 열대과일 과일 직접 먹다 접시 세팅해 제공 해주다 즐겁다 골드코스트 마지막 일정 게잡 투어 강추 일정 게잡 살다 야비 전문 도구 펌프 지다 도구 사용 잡다 이동 중간 머드 크랩 테이블 별로 대표 직접 잡다 해주다 게잡 그물 끌다 올리다 들어서다 먹다 어쨌든 직접 잡다 재미 쏠쏠하다 중간 바다낚시 자유롭다 생전 처음 펠리칸 크다 먹이 생닭 던지다 해보다 이색 체험 투어 모든 시선 재미 주다 게잡 투어 일정 제공 머드 크랩 찌다 요리 단연 최고 마리 제공 크기 커서 진짜 먹다 느끼다 게잡 투어 고추장 챙기다 비비다 먹다 끝내주다 맛있다 추천 참고 호주 10시간 비행 아깝다 정도 매력 만점 여행지
호주,시드니 자다 이루다 호주 6일 여행 2009 18 23 시작 여행 떠나다 여행 나르다 찾다 멀다 가다 무지개 하늘 바라보다 행복 피안 떠나다 바람따라 따르다 자연 떠나다 청자 밤하늘 무수 별빛 좋다 선택 이유 처음 여행사 망설이다 많다 거품 여행사 저가 여행사 확인 해보다 싶다 욕심 선택 여행사 대양주 김영주 전화 대화 넘다 좋다 밝다 환하다 목소리 적절하다 응대 출발 하루 안내 전화 메일 여행 물다 송부 회사 이미지 느껴지다 모든 직원 처음 이미지 좋다 영주 홧팅 현지 여행 일정 비교 여유 일정 잡히다 좋다 현지 손님 체감 분위기 맥주 한잔 돌려주다 센스 쇼핑 강요 매너 래서 구매 손님 편안하다 마음 쇼핑 아쉬움 현지 운전사 지나치다 깔끔하다 무뚝뚝하다 여행 불편하다 나이 들다 현지 교민 운전 아쉬움 남다 운전 게속 마인드 바꾸다 여행지 즐거움 초겨울 날씨 우리나라 겨울 연상 안되다 나무 파랗다 녹음 지다 아침 저녁 교차 심하다 우리나라 늦가을 날씨 여행 일정 개인 블루마운틴 국립공원 산책 마제스틱 비어 크루즈 시드니 항만 감상 넘다 좋다 블루마운틴 국립공원 주다 아쉬움 남다 호주 여행 백미 세계 대다 밉다 항의 아름답다 시드니 항만 감상 배위 바라보다 시드니 넘다 아름답다 환상 오페라 하우스 배경 파도 넘실대다 노천 카페 맥주 인생 여유 로움 자다 이루다 시드니 여행 숙박시설 좋다 현지 음식 괜찮다 저녁식사 부대찌개 한식당 군데 제외 넘다 좋다 운전기사 나쁘다 여행객 불편하다 해주다 좋다 영주 좋다 여행사 드리다 말씀 여행 귀국 시행 모니터링 제도 신뢰 가다 불편하다 가지 오다 모니터링 통해 제도 개선 여행사 의지 노력 많다 점수 주다 싶다 현지 이러하다 여행사 노력 긴장 고객 최선 결론 여행 통해 저가 여행사 거품 여행 사임 맞다 고객 현명하다 속지 속지 회사 심하다 칭찬 전체 고객 동성 칭찬 마다 여행사 되어다 귀사 무궁 발전 기원 해보다
호주,시드니 시드니 제일 오래되다 성당
호주,시드니 골드코스트 풍경 허니문 에피소드 한국 새벽 4시 30분 호주 가다 도중 기내 남태평양 상공 여명 사진 연애 무척 기간 가지다 신혼 여행지 고민 별로 사촌형 연애 커플 휴양 관광 비중 높다 여행지 선택 충고 호주 괜찮다 의견 적극 반영 코알라 캥거루 나라 호주 결정 사무실 워낙 바쁘다 여행사 고민 결정 결혼식 날짜 코앞 다가오다 버리다 해외여행 자주 다니다 경험 사무실 동생 주로 이용 여행사 상품 가격 여행사 비다 높다 반면 퀄리티 만족하다 상담 전화 걸다 인터넷 예약 지르다 버리다 조기 예약 할인 부가 제공 선물 발품 아가 챙기다 떠나다 보이다 사무실 워낙 바쁘다 결혼 준비 눈코뜰새 크다 여행 경비 걸리다 허니문 지르다 버리다 이례 개인 성격 꼼꼼하다 편임 인터넷 예약 김성미 대리 전화 예약 확인 예약금 송금 통화 사무실 워낙 바쁘다 전화 받다 급하다 끊다 통화 여전하다 친절하다 출국 전날 여행 필요하다 내용 궁금하다 챙기다 여행 내내 느끼다 여행 정이 차질 진행 통해 여행사 계속 모니터링 케어 느낌 받다 결혼식 5월 24일 인천공항 출발 일요일 저녁 비행기 아시아나 601 일요일 저녁 비행 좌석 여유 많다 자리 침대 삼다 위서 가다 일등석 부럽다 비행 10시간 지루하다 끄다 기내식 먹다 한숨 자고 금방 덥다 시드니 도착 호주 국내선 콴타스 항공 갈아타다 호주 최고 휴양지 골드 코스트 브리즈번 이동 브리즈번 도착 이틀 관우 장님 피켓 들다 반갑다 맞이 주다 패키지 여행 달리 단독 행사 진행 되어다 장님 분과 부부 이서 다니다 패키지 여행 다니다 단독 행사 장단점 당연하다 단독 행사 비용 비싸다 많다 장점 둘러보다 여행지 출발 안온 일행 기다리다 낭비 안해 전적 케어 해주다 인솔 귀빈 대접 받다 여행 내내 편하다 브리즈번 골드코스트 관우 장님 호주 인구 문화 특색 이동 호주 여러가지 내용 설명 주다 친절하다 계속 다니다 사진 찍다 챙기다 삼각대 아예 여행 가방 꺼내다 방문 장소 캥거루 코알라 파라다이스 컨츄리 농장 레스토랑 스테이크 샐러드 점심 먹다 몰이 몰다 시범 부메랑 시범 양털 체험 코알라 캥거루 체험 도착 첫날 호주 풍경 물씬 느끼다 일정 제공 생선 요리 스테이크 과일 야채 호주 일정 식사 부페 식이 많다 스테이크 메인 디쉬 주문 나머지 사진 샐러드 형태 들다 가다 먹다 식사 레스토랑 마련 무대 라이브 공연 주다 모습 양털 시연 농장 코알라 한국 동물원 코알라 자고 먹이 먹다 액티브 느끼다 코알라 멸종위기종 보호 받다 만지다 캥거루 직접 먹이 주다 지고 쓰다듬다 보드랍다 목욕 부드럽다 냄새 나다 캥거루 오른쪽 관우 장님 찍히다 농장 체험 브리즈번 시내 크라운 호텔 이동 저녁 식사 브리즈번 시내 한식당 찌개 골로 먹다 브리즈번 관광 시내 접다 퍼스 파라다이스 해변 산책 호텔 체크 퍼스 파라다이스 해변 이름 파도 동해 부산 앞바다 스케일 크다 크라운 프라자 호텔 20 25 정도 규모 호텔 내부 평이하다 수준 발코니 보이다 야경 동시 아침 바다 보이 나름 경치 괜찮다 객실 비품 슬리퍼 객실 프론트 요청 가다 주다 바디 샤워 비누 샴푸 쓰다 타월 1회 제한 치솔 면도기 커피포트 다리미 미니바 여느 호텔 구비 되어다 실내 냉장고 미니바 생수 6천원 비싸다 콜라 4천원 호텔 객실 미니바 호주 전체 선진국 물가 비싸다 편의점 콜라 사도 2천 백원 3천원 정도 전기 호주 콘센트 욕실 한국 사용 콘센트 꼽는 호주 콘센트 가져가다 객실 카메라 충전 매일 욕실 콘센트 믿다 가져가다 나쁘다 두번째 오전 일정 헬기 요트 투어 헬기 브리즈번 골드코스트 해변 이색 경험 헬기 요트 네덜란드 부부 소유 요트 타고 1시간 일링 요트 그리다 크다 규모 일링 요트 잔잔하다 흘러나오다 음악 샴페인 친절하다 네덜란드 선장 부부 낭만 자체 강추 헬기 내려다보다 골드코스트 요트 정박 요트 바라보다 브리즈번 골드코스트 오후 일정 무비 월드 가다 양모 특산 품점 들르다 상품 설명 현지 직원 개그맨 닮다 부담 양모 이불 사려 와이프 370 짜다 지르다 버리다 결제 카드 카드 이렇다 된장 1700 짜다 베이비 러그였 와이프 거기 군침 삼키다 지르다 다행 점심식사 먹다 샌드위치 일정 표상 메뉴 스테이크 샌드위치 호주 지인 즐기다 먹다 메뉴 바꾸다 주문 샌드위치 장난 터지다 알다 원래 정표 나오다 스테이크 샌드위치 관우 장님 먹다 양해 사진 찍다 주다 오후 일정 무비 월드 입구 무비 월드 워너브라더스 영화 테마 놀이 공원 규모 우리나라 놀이 공원 작고 아기자기하다 테마 놀이 공원 반나절 코스 적당하다 무비 월드 스턴 드라이브 공연 대의 차로 묘기 부리 영화 촬영 일부 재연 공연 영화 여러 주인공 재현 퍼레이드 놀이기구 그리다 좋아하다 가지 무비 월드 놀이기구 특징 방심하다 떨어지다 반전 섞이다 흥미롭다 호주 국내선 콴타스 항공 타고 시드니 이동 일정 블루마운틴 국립공원 가다 시드니 일정 일정 브리즈번 관우 장님 더불다 친절하다 성의껏 해주다 느껴지다 에코 포인트 날씨 좋다 오다 여행사 광산 재현 놓다 야외 설명 지나가다 아랑곳 모든 자세하다 설명 더불다 사진 촬영 프로 근성 느껴지다 블루마운틴 국립공원 그랜드캐년 스펙 크다 경치 장관 아쉽다 안개 자다 블루마운틴 공원 명물 세자매 블루마운틴 국립공원 가다 한국 교민 운영 부페 한식당 점심 먹다 여행사 호주 다녀오다 얘기 일정 식사 느끼하다 많다 고생 듣다 출국 마트 편의점 볶음 김치 튜브 고추장 깻잎 통조림 가다 식사 일정 한식 양식 고루 섞이다 먹다 불편 전혀 느끼다 파라다이스 컨츄리 스테이크 스톤 스테이크 정식 메뉴 반찬 김치 나오다 블루 마운틴 관광 시드니 시내 들어오다 시내 관광 코스 시드니 아쿠아리움 저녁 시드니 야경 느끼다 모노레일 탑승 시드니 시내 모노레일 관광 용이 우리나라 지하철 지하철 호선 시내 순환 대중교통 수단 바퀴 순환 20 30분 소요 짧다 거리 모노레일 시드니 고층 빌딩 사이사이 통과 고층 빌딩 사무실 모습 보이다 사진 모노레일 탑승 마치다 식사 이동 차안 찍다 사진 시드니 시내 관광 끝내다 저녁식사 중국 운영 중국 뷔페 식당 처음 중국음식 해산물 과일 디저트 시드니 묵다 스템 포드 노스 라이드 호텔 리조트 형식 아기자기하다 꾸미다 놓다 호텔 건물 구조 단층 건물 형태 가운데 분수 정글 연상 케할 정도 나무 크다 정원 구조 객실 크라운 프라자 좋다 보이다 투룸형태 구조 객실 열다 들어오다 업무 책상 놓이다 공간 복도 좁다 좁다 사이 욕실 미니바 들어가다 침실 발코니 구조 마지막 일정 본다이비치 시들다 가깝다 바라보다 시드니 주택가 반대편 남태평양 바라보다 절벽 일명 빠삐용 절벽 오다 사이 절개 이름 개지 장관 아쉽다 풍경 사진 일정 시드니 다운타운 호주 현지 직장인 찾다 지식 스테이크 하우스 점심 먹다 특이하다 레스토랑 켜다 거대하다 그릴 그릴 고기 직접 굽다 먹다 손님 대부분 평일 점심시간 사무실 나오다 정장 넥타이 차림 고기 구우 고기 익다 동료 나누다 웃다 떠들다 모습 짧다 점심시간 여유 보이다 시드니 투어 하일 라이트 오페라 하우스 사진 수상택시 워터 택시 타고 오페라 하우스 바닷가 전면 바라보다 부분 찍다 시드니 달링하버 하버브릿지 오페라 하우스 바닷가 도와주다 수상택시 30 40분 운행 운행 중간 중간 택시 드라이버 보트 조종사 가다 엔진 멈추다 설명 해주다 영어 나름 리스닝 자부 파도 바람소리 무척 빠르다 설명 섞이다 듣다 달링하버 관광 들리다 세인트 메다 성당 세인트 메다 성당 내부 시드니 시내 특산 판매점 건강 식품 팔다 들르다 특산 판매점 35 밀리 70 태반 에센스 태반 크림 포함 720 불다 사다 사오다 특산 퀄리티 써다 결과 만족하다 펴다 형편 맞다 비싸다 제품 사오다 내내 마음 펴다 오다 카드 결제 따지다 기내 면세 공항 면세 구입 원화로 백이삼십만원 넘다 구매 결과 누굴 리오 한국 돌아오다 아시아나 602 좌석 개인 스크린 비행 항로 안내 화면 마지막 호주 여행 가지 싶다 권외 신분증 운전면허증 주민 등록증 한가지 챙기다 권하다 싶다 여권 분실 경우 면허증 민증 신분증 대용 경우 도착 첫날 만나다 무사 통과 알다 시드니 공항 출입국 사무소 부부 사무실 안내 가슴 철렁 내다 앉다 여권 보딩패스 가지 사무실 들어가다 버리다 삼십분 지나다 출입국 사무소 직원 나타나다 브리즈번 국내선 갈아타다 무작정 기다리다 수가 초조하다 허니문 첫날 꼬이다 한참 나타나다 직원 문제 물다 직원 영어 전혀 부연 설명 무작정 기다리다 눈치 영어 질문 하니 서다 여권 작동 설명 내다 와이프 작동 신분증 요구 권외 신분증 한국 신분증 통용 가지 오지 설명 유창하다 영어실력 정도 대화 가능하다 허니문 여행 오다 여권 현재 미국 유효하다 얘기 이렇다 해명 입국 심사 나오다 한국 운전면허증 주민 등록증 좀더 나오다 수하물 여행 가방 던지다 터지다 구성 준비 중요 물품 절대로 부치다 수하물 가방 넣다 안되다 가방 열다 훔치다 간다 부치다 수하물 가방 운반 과정 던지다 던지다 과정 행여 가방 오픈 항공사 직원 쓸다 담다 가방 테이프 돌리다 치다 과정 물건 유실 발생 확률 높다 중요 물품 절대 수하물 부치다 가방 넣다 안되다 호주 신혼여행 돌다 경비 부담 전반 만족스럽다 여행 만족도 개인 주관 판단 개인 허니문 만족스럽다 여행 평가 싶다 기대 크다 실망 크다 모르다 많다 기대 가지 만족스럽다 모르다 즐겁다 편안하다 여행 애쓰다 김성미 대리 호주 관우 장님 감사
호주,시드니 골드코스트 허니문 계획 여행 후기 연애 무척 기간 가지다 신혼 여행지 고민 별로 사촌형 연애 커플 휴양 관광 비중 높다 여행지 선택 충고 호주 괜찮다 의견 적극 반영 코알라 캥거루 나라 호주 결정 여행사 고민 발품 팔지 해외여행 자주 다니다 경험 사무실 동생 주로 이용 여행사 상품 가격 여행사 비다 높다 반면 퀄리티 만족하다 상담 전화 걸다 인터넷 예약 지르다 버리다 조기 예약 할인 부가 제공 선물 발품 아가 챙기다 떠나다 보이다 사무실 워낙 바쁘다 결혼 준비 눈코뜰새 크다 여행 경비 걸리다 허니문 지르다 버리다 이례 개인 성격 꼼꼼하다 편임 인터넷 예약 김성미 대리 전화 예약 확인 예약금 송금 통화 사무실 워낙 바쁘다 전화 받다 급하다 끊다 통화 여전하다 친절하다 출국 전날 여행 필요하다 내용 궁금하다 챙기다 여행 내내 느끼다 여행 정이 차질 진행 통해 여행사 계속 모니터링 케어 느낌 받다 5월 24일 인천공항 출발 일요일 저녁 비행기 아시아나 601 일요일 저녁 비행 좌석 여유 많다 자리 침대 삼다 위서 가다 일등석 부럽다 비행 10시간 지루하다 끄다 기내식 먹다 한숨 자고 나니 벌써 시드니 도착
호주,호주 시드니 궤팍 일몰 저녁 모습
호주,호주 시드니 코알라 기습 공격
호주,호주 시드니 호주 시드니 부자 동네 언덕 내다 항구 풍경 오른쪽 멀리 허브 부릿지 보이다
호주,호주 시드니 즐겁다 회갑 여행 즐겁다 여행
호주,호주 시드니 오페라 하우스 배경 공원
호주,호주 시드니 올림픽 공원 가다 주택가 풍경 호주 시드니 올림픽 공원 가다 주택가 풍경
호주,시드니 공원 깨끗하다 아름답다 시드니 공원 겨울 모습
호주,아름답다 시드니 풍경 전철 타고 다녀오다 오페라 하우스 아름답다 모습 자유 스럽다 모습 그리다
호주,호주 시드니 시드니 명물 하우스 시드니 명물 허브 브릿지 명물 하우스 보이다
호주,시드니 달링하버 이름 달콤하다 야경 달링하버
호주,시드니 유람선 바라보다 오페라 하우스 석양 어울리다 아름답다 뽐내다 들리다 페이지 바라보다 시드니 시내
호주,시드니 크루즈 즐기다 파란 하늘 파란 바다 하얗다 지붕 오페라 하우스 햐얀 요트 그림 시드니
호주,시드니 동물원 에뮤 먹이다 유여사 유칼립투스나무 취해 정신 자고 코알라 나무 자다 붙다 인형 행복하다 우렁 엄마
호주,시드니 멀리 빠삐용 탈출 배경 보이 내리쬐다 햇살 파란 하늘 파란 바다 진정 아름답다 호주 날씨 로버트 공원 이름 자다 기억 안나 부자 동네 설명 들다 멀리 시드니 빌딩 타워 보이다
호주,시드니 상공 시드니 상공 개다 보이다
호주,시드니 오페라 하우스 야경 월드 유스 페스티벌 인하다 인산인해 하버브릿지 야경 루나 파크 화련 야경 특별하다 추억 생기다 버리다 달링하버 야경
호주,시드니 달링하버 달링하버 달링하버
호주,시드니 이정훈 어떻다 미안하다 마음 고민 고민 예성 용다 올리다 첫날 저녁 달링하버 한잔 말다 칵테일 여파 도대체 차갑다 안나 제자리 빙빙 돌다 미아 되어다 달링하버 수많다 인파 사이 미아 되어다 놀래다 어처구니없다 번의 실수 인하다 미안하다 얼굴 쳐다보다 인하다 회사 싫다 소리 들다 걱정 짧다 이틀 시드니 투어 재밌다 유익하다 인하다 더욱 즐겁다 여행 미술관 성적 작품 설명 일품 여행 다녀오다 재밌다 기억 남다 남다 사건 오시 쓸다 커피 한잔 드릴 연락 줄다 건강하다 시드니 앞바다 여권 투하 성공하다
호주,시드니 이정훈 먼저 이정훈 죄송하다 안되다 다시다 시내 나가다 차갑다 세워지다 위치 찾다 미아 되어다 숙소 돌아가다 어렵다 식구 기다리다 연락 연락 자꾸만 가다 마음 급하다 회사 다니다 본인 엉뚱하다 싫다 소리 듣다 기운 빠지다 일인 자다 미안하다 마주치다 즐겁다 저녁 심장 내다 앉다 소리 듣다 되어다 죄송스럽다 사건 마지막 달링하버 인연 깊다 점심 사진 찍다 따라가다 월드 유스 페스티발 사이 일행 잃어버리다 사태 만들다 본의 시드니 경찰관 붙잡다 전화 놀래다 켜다 일부러 대루 실수 뭐라다 지식 풍부하다 열정 이정훈 만나다 행복하다 좋다 일정 미술관 설명 잊다 보통 피곤하다 일정 자다 소화 주다 고맙다 감사하다 마음 크다 새롭다 경험 베낭 메다 여행 영어 능숙하다 미술관 가다 그림 표현 싶다 끄다 어떻다 그림 느끼다 고민 미술 그림 결말 맺다 덕분 그림 이해 방법 배우다 감사하다 엄마 여행 패키지 선택 덕분 후회 8년 찾다 시드니 시드니 하늘 여전하다 파랗다 아름답다 시드니 맺다 명의 멋지다 2000년 신정호 2008년 이정훈 덕분 여행 풍요 지다 8년 한국 역사 국립 도서관 대사관 내주다 좋다 이민 입양 친구 중국 일본 관련 차다 많다 아쉽다 대한민국 깊이 새다 여행 한국 관광 책자 가져가다 머물다 숙소 두다 오기 이정훈 덕분 미술관 행복하다 즐기다 네델란드 고흐 박물관 가보다 만나다 좋다 아쉬움 남다 속상하다 미안하다 죄송하다 멋지다 해주다 행복하다 좋다 항상 건강하다 부산 방문 연락 줄다 잊다 마음 상하 갚다 드리다 항상 건강하다 행복하다 결혼
호주,시드니 비취 모래 비취 모래 사진 번호 111 올리다 인터넷 자다 실수 접수 번호 110 112 번호 올라오다 111 클릭 바라다 작성자 차양
호주,시드니 근교 해변 시드니 근교 울릉공 등대 감상 점심식사 한가롭다 보내다 넓다 아름답다 평화롭다 기억 코알라 좋아하다 유칼립투스 나무 발생 알콜 성분 햇빛 작용 푸른색 보이다 블루마운틴 여러가지 전설 세자매 평평하다 산세 뾰죡 봉우리 띄다 세자매
호주,세자매 시드니 가다 오페라 하우스 멋지다 조현수 하버 크루즈 탑승 세자매 카메라 담다 친절하다 호주 아저씨 감사 감사 파란 바다 맞닿다 에메랄드 하늘 하얗다 구름 아름답다 경관 현지 호주인 호주인 여자 좋아하다 우리나라 여자 인기 행복하다 일행
호주,세자매 시드니 가다 뒤쪽 보이다 동네 부자 동네 김영국 시드니 명물 하버브릿지 오페라 하우스 전경 한눈 내다 보이다 공원 미터 넘다 절벽 양쪽 갈라지다 명명 영화 빠삐용 마지막 장면 촬영
호주,시드니 오페라 하우스 호주 여행
호주,시드니 오페라 하우스 시드니 오페라 하우스
호주,시드니 오페라 하우스 광장 오페라 하우스 광장 오페라 하우스 광장 오후 역광 하버브리지 쿼리 포인트 오페라 하우스 하버브릿지 쿼리 포인트 사우스 웨일즈 미술관 성당 겝팍
호주,호주 골드코스트 시드니 사진 첨부 내용 길다 써다 초과 달다 아깝다 기다 쓸다 정리 쓸다 쓰다 5월 5일 어린이날 따갑다 눈길 결혼식 그날 민폐 12시 그날 8시 비행기 려고 5시 도착 담당자 워낙 자다 가르치다 주다 미리 도착 붙이 자리 배정 창가 미용실 지하 머리 화장 지우다 편하다 갈아입다 무한도전 가다 비행기 워낙 성격 까칠하다 담당 힘들다 고맙다 처음 나가다 해외 여권 몰다 준비 모르다 자다 환전 금액 신용카드 해외 사용 가능 챙기다 사발면 포장 김치 가져가다 구급 약도 챙기다 중요하다 유료 할증 담당자 귀찮다 안되다 금전 괴롭히다 가다 가격 10 20 사이 싸다 다녀오다 헤헤 정확하다 금액 담당자 상의 받다 사발면 포장 김치 준비 여행사 알다 주다 호주 사려 비싸다 머리 감고 출발 비행기 편하다 자다 오전 7시 투어 시작 아시 신부 머리 부화 오신 계서 아프다 실핀 머리 찔리다 쯧쯧 입안 돼다 화장 지우다 대한항공 직항 타고 서다 골드코스트 도착 아시아나 거기 시드니 찍다 골드 넘어오다 비행기 군데 들르다 기다 가다 오전 원가 아침 간단하다 먹다 벼룩시장 구경 오후 컨츄리 파라다이스 농장 호주 코알라 캥거루 사진 찍다 구경 그날 스테이크 양식 먹다 저녁 먹다 돌판 고기 먹다 싶다 정도 익히다 먹다 고기 나다 먹다 호텔 서다 짐프는데 호텔 호텔 묶다 호텔 만자 힘들다 피곤하다 쓰러지다 버리다 6시 일어나다 거들다 게잡 투어 바다 킹크랩 대게 잡다 놓다 찌다 낚시 마리 잡다 작다 놓다 아쉽다 사진 찍다 놓다 주다 오후 모이 구경 구경 바닷가 놀다 골드 양모 구경 가다 친절하다 좋다 쇼핑 구경 싶다 해주다 보석 가다 바다 놀다 헬기 하늘 내다 호주 멋지다 보트 선박 사진 찍다 헬기장 걸다 5분 아침 시드니 넘어오다 모래 썰매 타고 사진 바다 씻다 호텔 짐풀 저녁 먹다 나가다 9시 호텔 수영장 이용 가능하다 수영 호텔 카지노 불로 땃답니 5분 300 따다 워낙 가슴 불타다 좋아하다 시드니 마지막 4일 오전 오페라 하우스 가다 사진 찍다 모노레일 타고 크루즈 저녁 먹다 야경 구경 모으다 야경 투어 2시간 차갑다 오다 야간 사진 찍다 오페라 하우스 맥주 먹다 파이 핫도그 유명하다 켄터키 할아버지 사진 찍다 거기 오빠 파이 핫도그 나누다 먹기 결혼 준비 빼놓다 4일 원상 복귀 되어다 호주 코알라 움직이다 경찰차 로또 사다 정도 귀하다 100년 가뭄 가끔 비도 오다 주다 재다 여행 박종화 멋지다 허니문 기억 남기다 주다 감사하다
호주,시드니 케언즈 디럭스 자유여행 여행 후기 기다 결론 10 만점 4월 28일 예식 4월 29일 출국 계약 개인 사정 일요일 오후 출국 가능하다 원래 12시 미팅 2시 출국 일정 허니문 담당자 자다 얘기 되어다 14시 미팅 17시 출국 항공기 바꾸다 혼선 신경 쓸다 담당자 신경 쓰다 자다 해결 해주다 크게 신경 쓰다 해주다 아시아나 이용 일본 나리타 경유 나리타 갈아타다 도착 비행기 여행사 직원 보이다 일본 안내 해주다 둘이서 갈아타다 어리다 나리타 공항 복잡하다 우린 갈아타다 항공기 여유 별로 움직이다 여유 티켓팅 좌석 떨어지다 앉다 야하다 어차피 간단하다 저녁 자다 별로 상관 비행기 일본인 승무원 일본말 뭐라다 뭐라다 도저히 아들 한국 을해 돌아서다 잊다 먹다 일본말 떠들다 오전 7시 호주 캐언즈 도착 입국심사 허니문 이란 무사하다 통과 세관 신고 라면 김치 인하다 검색 이뤄지다 김치 진공 포장 김치 문제 삼지 컵라면 뜯다 말리다 성분 돼지 소냐 따다 시비 걸다 걸리다 통과 나오다 만나다 간단하다 상견례 일정 설명 듣다 차다 비상 연락 헨드폰 주다 되어다 주다 통화 숙소 전화 통화 지불 우린 한국 자유 일정 나름 계획 짜다 가다 첫날 스카이 다이빙 퀵실버 타고 산호초 기르다 스카이 다이빙 하루 예약 당일 어렵다 퀵실버 가능하다 일정 바꾸다 숙소 팜코브 템플 리조트 향햐 내다 좋다 수영 준비 전날 도착 합류 퀵실버 가다 버스 퀵실버 가다 셔틀버스 숙소 오다 버스 타고 한참 간다 지루하다 따분하다 선착장 만나다 타고 출발 2시간 정도 고가 바다 만들다 인공 인공 갑판 도착 12시 30분 준비 점심식사 해파리 보호 빌리다 30분 출발 잠수함 타고 물속 산호초 구경 이건 컴퓨터 바탕화면 풍경 눈앞 펼쳐지다 장관 잠수정 빌리다 입다 텔레토비 스타일 입다 싫다 우리나라 달리 호주 해파리 맹독 가지 어린이 쏘이다 심장마비 잃다 사망 경고 수영 마리 해파리 갑판 준비 스노클링 장비 챙기다 바다 수영 2시 자유롭다 즐기다 수영 걱정 필요없다 구명조끼 스노클링 즐기다 갘판 간단하다 샤워 갈아입다 서다 만적 신다 그물 바다로 흐르다 비누 샴푸 사용 금지 2시 타고 돌아오다 버스 타고 숙소 지루하다 따분하다 처음 숙소 오다 자다 기억 두다 30분 걸어가다 사랑 손잡다 얘기 걷기 별로 멀다 마트 거기 저녁 해먹 식사 점심 저녁 처리 아침 리조트 주다 뷔페 아침식사 베이컨 맛있다 스카이 다이빙 업체 오다 시내 나가다 간단하다 준비 과정 거치다 공항 가다 경비행기 타고 하늘 14000 다이빙 이건 말로 설명 불가능하다 죽음 가격 높이 따르다 다르다 14000 늘다 270 34 보험료 비싸다 아깝다 들다 와이프 업체 숙소 태우다 주다 오다 마트 지나 동물원 보이다 숙소 20분 정도 거리 동물원 서다 캥거루 코알라 구경 숙소 돌아오다 저녁 해먹 4시 30분 기상 공항 비행기 타고 시드니 시드니 미팅 차로 포트스테판 이동 3시간 멀다 너리 농장 와인 점심 먹다 여기다 별거 선물 와인 사기 가격 착하다 정도 15 20 사이 30분 이동 모래언덕 나오다 자동차 타고 5분 언덕 중심 가면 스노우보드 생기다 보드 주다 깔다 앉다 모래 썰매 즐기다 결코 타지 힘들다 타고 5분 해변 조개 잡고 놓다 조개 잡다 가지 나오다 걸리다 벌금 5000 놀다 살리다 조개 사진 찍다 목적 타고 시드니 1시간 달다 숙소 도착 일행 와인 곁들이다 뷔페 저녁식사 일행 친해지다 저녁 어울리다 시원하다 맥주 시드니 일정 어울리다 다니다 일행 친해지다 좋다 굳이 노력 특별하다 성격 문제 아침 먹다 8시 시드니 하버브릿지 오페라 하우스 구경 사진 찍다 유명하다 건축물 구경 오페라 하우스 들어가다 차로 이동 카지노 간다 카지노 뷔페 점심식사 내다 게임 빠지다 짧다 순간 크다 날리다 여자 남자 주머니 자다 단속 카지노 나오다 면세점 들다 상품 구경 구입 상관없다 영업 사원 보이다 사고 싶다 들다 선물 구입 비싸다 넘다 사지 말다 세계 대다 밉다 알려지다 달링하버 크루즈 타고 저녁식사 우린 추가 요금 내다 본계약 안타 보트 저녁식사 랍스타 스테이크 나오다 디져트 작다 케잌 푸딩 들이다 나오다 구경 한복 입다 늘씬하다 미녀 어색하다 부채춤 유람 즐기다 시드니 야경 멋지다 본계약 배다 5시 야경 배다 7시 시드니 야경 구경 3시간 마지막 공항 근처 호텔 최악 호텔 서비스 엉망 10 만점 자다 참다 호주 일정 캐언즈 일정 자유여행 본인 계획 짜다 멋지다 여행 시드니 일정 어차피 다니다 일정 따르다 움직이다 일정 좋다 만나다 최대 관건 사진 첨부 안되다 사진 구경 신혼 생활 아름답다 자다 만들다 축복 주시 감사
호주,시드니 단체사진 지난 2월 호주 뉴질랜드 남북 여행 단체 사진 들다 즐겁다 여행 일상 돌아오다 더욱 건강하다 지내다 비다
호주,호주 시드니 현지 채득현 선생님 고맙다 지난 1월 16일 25일 호주 뉴질랜드 여행 일정 17일 20일 시드니 관광 맡다 주신 채득현 선생님 감사하다 처음 친절하다 자상하다 다양하다 안내 주다 편안하다 여행 되어다 모든 현지 친절하다 채득현 선생님 박학 다식 알다 주시 세밀 안내 주다 고맙다 좋다 추억 만들다 돌아오다 더욱 건강하다 행복하다 바라다
호주,자연 풍경 아름답다 시드니 모습 지붕 빨간색 파란색 하늘 호수 자다 어울리다
호주,시드니 포트 스테판 넘다 멋있다
호주,시드니 다녀오다 사랑 시드니 여행 참으로 행복하다 정이 기다 비행 기내식 기대하다 즐거움 대신 시드니 도착 사진 오페라 하우스 하버브릿지 시드니 항만 걸다 사진 찍다 날씨 돌아오다 맑다 준비 우산 되어다 여행 파트너 들다 서로 배려 예의 대하 좋다 정권 불편 편하다 일정 자다 진행 고맙다 감사하다 고향 친구 날수 도와주다 고맙다 사업 발전 소원 성공시대 주인공 빌어 여행 다니다 처음 염려 기다 선택 탁월하다 선택 조은정 땡큐
호주,시드니 수족관 죠스 이빨 나시 상어 이빨 시시
호주,호주 여행기 시드니 호주 여행기 시드니 2005 09 17 오후 1시 30분 로맨틱 시드니 하버 크루즈 찾아오다 시드니 크다 천주교 성당 세인트 메리 대성당 성당 이드 파크 위치 부근 뉴사우스웨일즈 주리다 미술관 자리 잡고 성당 아름답다 고딕 석조 건물 내부 웅장 스테인드글라스 화려하다 장식 되어다 아내 성당 유럽 행시 까닭 내부 구경 생략 건너 이드 파크 가다 사진 찍기 열중 런던 이드 파크 규모 작다 도심 이렇다 공원 시드니 영국인 개발 도시 한눈 해주다 원안 분수 뿜어대 크다 나무 하늘 가리다 아내 푸른 잔디 눕다 하늘 벌리다 심호흡 해보다 맑은 공기 흠뻑 반하다 오후 2시 10분 이드 파크 마지막 시드니 관광 끝나다 쇼핑 배정 되어다 피터 안내 창고 면세 매장 사전 예약 방문 되어다 피터 비교 양심 한국 사가다 가도 도움 안되다 물건 사라 권하다 뿐더러 애쓰다 쇼핑 유도 창고 팔다 몇몇 보조 치료 약품 서다 적극 추천 구입 싱가포르 행시 편자 우황 90만원 상당 의약품 구입 효능 뚜렷하다 결과 알다 아쉬움 남아 선뜻 사고 싶다 피터 한국인 현장 직원 설명 계속 나르다 유혹 아가씨 부모님 사드 싶다 관심 갖다 아내 좋다 구입 해보다 좋다 수록 구입 복용 무조건 아내 복용 효과 비용 320만원 넘다 내년 터키 그리스 다녀오다 여행 좋다 유혹 참고 버스 돌아오다 버스 기사 뒤늦다 복용 효과 확실하다 좋다 무리하다 양모 이불 직접 만들다 전시 여러 선물 용품 판매 안내 되어다 결혼 앞두다 제주도 커플 이불 구입 이불 덮다 아름답다 시드니 분명 행복 오후 3시 25분 마지막 러키 록스 이동 갤러리아 마지막 쇼핑 록스 늘다 19 세기 분위기 물씬 풍기다 역사 동네 러키 서쪽 위치 영국인 주자 최초 도시 이루다 시드니 발상 록스 갤러리아 전세계 갖추다 면세 백화점 싱가포르 갤러리아 화장품 구입 아내 싱가포르 비싸다 매장 둘러보다 직원 선물 프로폴리스 치약 구입 선물 적당 록스 갤러리아 쇼핑 끝내다 시드니 마지막 만찬 달링하버 부근 식당 찾아가다 식당 카지노 건물 자리 잡고 뷔폐식 메뉴 한식 푸다 좋다 맛있다 저녁 기분 좋다 피터 오늘 저녁 희망 호텔 귀환 자유시간 갖다 용인 주다 문제 발생되드 본인 책임지다 각서 쓰다 조건 어제 분위기 서다 전혀 상치 조치 오늘밤 있드래 시드니 야경 외출 아침 버스 탈때 미리 버스 선반 카메라 삼각대 준비 두다 나로 서다 피터 용단 여간 반갑다 2시간 황금 적지 교통비 절약 행운 잡다 남다 부부 포함 제주도 커플 김민정 친구 이혜경 유감스럽게 어제 오페라 하우스 러키 야경 감상 오늘 시드니 타워 목표 선지 부부 틀리다 아쉽다 호텔 돌아가다 방법 놓다 아내 단둘 시드니 거리 나서다 돌아가다 걱정 정작 염려 카메라 들다 다니다 관광객 날치기 하니 조심 피터 경고 쌀쌀하다 추위 아내 복장 상태 살피다 김민정 입다 쉐타 선뜻 벗다 주다 고맙다 따뜻하다 정이 시드니 훈훈하다 만들다 예쁘다 사랑스럽다 아가씨 부부 일행 떨어지다 시드니 거리 두다 데이트 시작 달링하버 가다 야경 구경 구경만이 목적 삼각대 준비 이유 두운 따르다 달링하버 왼쪽 해변 이르렀다 건너편 시드니 쿼리 보이 너머 시드니 타워 비롯 고층 빌딩 밤하늘 밝히다 야경 명불허전 항구 인적 조용하다 어둡다 불안감 엄습해 오다 애쓰다 두려움 떨치다 버리다 삼각대 카메라 착하다 해안 따르다 이동 야경 카메라 담다 일부러 모자 거꾸로 쓸다 아내 어떻다 터프하 보이다 아내 재미있다 계단 통해 피어 먼트 브릿지 위로 올라오다 오가다 뜨이다 서서히 시드니 불안감 사라지다 달링하버 야경 여유 들어오다 피어 먼트 다리 바라보다 야경 고층 건물 발산 의하다 바다 온통 변하다 바다 어리다 불빛 화려하다 7시 피어 먼트 다리 내려오다 20분 헤어지다 제주도 커플 만나다 알다 얼굴 만나다 헤어지다 가족 만나다 무척 반갑다 젊다 예비 부부 야경 카메라 담다 헤어지다 오페라 하우스 쿨러 이동 달링하버 작별 택시 타고 갈다 크다 길가 걸다 가다 택시 정류장 찾다 무작정 걷다 동양 젊다 커플 지나가다 한국말 반갑다 불다 세운 리지 묻다 한국인 가요 쿨러 가다 택시 아예 관광 오다 분만 오다 남자 대답 대신 반문 오다 패키지 오다 야경 나오다 택시 잡다 대단하다 가만있다 태우다 드리다 따르다 오다 감사하다 머나멀다 호주 거치다 주고받다 대화 당연하다 우리말 택시 잡다 태우다 주다 알다 건너다 앞장서다 걷다 젊다 남자 거리 세우다 두다 승용차 멈추다 열다 러키 모시다 드리다 택시 대단하다 고맙다 젊은이 시드니 현지 김형석 알다 김형석 고객 이자 시드니 현지 전화통화 나누다 만나다 사이다 자다 압니 회사 계시 선배 반갑다 오늘 차다 좋다 기분 좋다 김민정 에이 처음 젊은이 상치 호의 아름답다 야경 더하다 기분 날아가다 젊은이 현지 여행사 블루 스카이 투어 근무 미스터 이름 정확하다 아두 유감 미스터 쉬다 러키 도착 아내 리키 서쪽 발걸음 옮기다 탓던 맞다 검다 변하다 버리다 바다 넓다 보이다 건너 오페라 하우스 은은하다 노랗다 띤채 바다 뜨다 밤하늘 한가위 보름달 길다 바다 위로 비추다 추석 환상 야경 휘영청 밝다 오페라 하우스 미인 과도 시드니 황홀하다 한쪽 하버 브릿지 뒤지다 시드니 항구 화려하다 놓다 백만불 짜다 야경 두다 리라 장소 바꾸다 오페라 하우스 이동 오페라 하우스 러키 전혀 모습 맞이 화려하다 서툴다 러키 야경 방향 아름답다 무려 1시간 30분 정도 걸다 다니다 발바닥 서서히 아프다 오다 아쉽다 호텔 돌아가다 러키 찾아가다 자동판매기 리버풀 가다 티켓 구입 리버풀 편도 요금 호주 2달러 플랫폼 역무 물어보다 리버풀 17 8시 22분 뱅크 타운 열차 플랫폼 들어오다 낮다 계단 좌석 배치 되어다 융단 만들다 푹신하다 푸른색 의자 깨끗하다 보이다 8시 시간대 차안 승객 별로 일요일 늦다 시간대 이기 호주 대개 오후 5시 일과 끝나다 상점 오후 5시 30분 닫다 문화 9시 22분 16 개역 거치다 1시간 달리다 열차 리버풀 도착 리버풀 역다 깨끗하다 한산하다 자정 지난 종점 분위기 광장 내려오다 손님 태우다 택시 주다 대기 서다 기사 호텔 명함 주다 호텔 알다 물다 머뭇거리다 출발 출발 순간 요금 미터 숫자 숨가쁘다 올라가다 빠지다 나오다 택시 시드니 방향 거슬러 달리기 시작 마침내 호텔 정문 데리다 주다 요금 정확하다 10달러 가리키다 시드니 20달러 40 센티 16 646원 즐기다 호텔 프론트 룸키 받다 들어서다 전화 걸리다 오다 수화기 드니 김형석 시원스럽다 목소리 들려오다 피터 전화 통화 안되다 저녁 늦다 호텔 찾아오다 만나다 돌다 가다 프론트 녹용 맡기다 놓다 받다 아래층 프론트 내려가다 맡기다 두다 녹용 찾다 오다 흐뭇하다 추석 바쁘다 들다 찾아오다 선물 두다 고마움 느끼다 우연 이기다 후배 신세 지고 선물 받다 행운 찾아오다 행복하다 시드니 서서히 깊다 가다 내일 새벽 5시 기상 6시 시드니 공항 출발 8시 40분 출발 아시아나 602 항공 타고 한국 돌아가다 에필로그 푸른 하늘 파란 바다 생각나다 호주 시드니 6일 오페라 하우스 하버 브릿지 시드니 항만 쿨러 수족관 달링하버 호주 그랜드 캐넌 블루마운틴 비롯 포트 스테판 울릉공 결코 잊다 여행지 영원하다 기억 공항 찾아오다 아내 화장품 선물 해주다 김형석 자리 빌리다 고마움 착하다 아가씨 김민정 시드니 미스터 고마움 5일 성심 성의 피터 한국 이철희 심심하다 감사 여행 예쁘다 아가씨 미인 들이다 나다 들다 축복 기원 만나다 기대하다 아시아나 사정 출발 무려 2시간 지연 되어다 불만 시드니 좀더 머물다 싶다
호주,시드니 환상 월광 소나타 세인트 메리 대성당 전경 세인트 메리 대성당 시드니 이드 파크 시드니 이드 파크 달링하버 야경 멀리 시드니타워 보이 피어 먼트 다리 보이다 달링하버 야경 달링하버 야경 피어 먼트 다리 달링하버 야경 달링하버 야경 피어 먼트 다리 달링하버 야경 바라보다 달링하버 야경 달링하버 만난 제주도 커플 쿨러 야경 쿨러 야경 쿨러 야경 쿨러 야경 쿨러 야경 하의 미녀 오페라 하우스 모습 오페라 하우스 추석 가로등 조화 하버 브릿지 야경 하버 브릿지 야경 배경 오페라 하우스 걸리다 시드니 추석 달빛 어리다 시드니 바다 오페라 하우스 야경 배경 오페라 하우스 오페라 하우스 광장 추석 가로등 리버풀 차안
호주,시드니 달링하버 야경 달링하버 야경 멀리 시드니타워 보이 피어 먼트 다리 보이다
호주,달빛 어리다 시드니 오페라 하우스 오페라 하우스 걸리다 시드니 추석
호주,시드니 달링하버 야경 달링하버 야경
호주,시드니 상징 오페라 하우스 하버 브릿지 시드니 상징 오페라 하우스 하버 브릿지 오페라 하우스 햇빛 구름 상호작용 보이다 질리 시드니 오페라 하우스 직접 설계 덴마크 우촌 1973년 10월 20일 호주 시드니 아름답다 자리 베넬롱 포인트 하얗다 빛나다 거대하다 조가비 10 모습 드러내다 영국 여왕 엘리자베스 참석 가운데 열리다 시드니 오페라 하우스 개관 식이 열리다 정작 오페라 하우스 설계 요른 우촌 참석 일화 만들다 세상 위용 드러내다 오페라 하우스 역사 1954년 사우스 웨일즈 정부 주도 국가 대표 건축물 만들다 원대하다 프로젝트 추진 전세계 건축가 대상 국제 현상 설계 공모 공모 건축 학도 신의 경지 꼬르뷔제 비롯 프랭크 이드 라이트 알바 알토 미스 필립 존슨 쟁쟁 유명 건축가 출품 32 개국 무려 223 작품 접수 되어다 1957년 현상 설계 참가 작품 대상 탈락 설계 살펴보다 심사 위원 한명인 린넨 우촌 재심 사하다 요구 재심사 우촌 안이 우여곡절 최종 당선 발표 당시 신예 설계자 불과하다 우촌 설계 오페라 하우스 기존 인식 탈피 독창 디자인 평가 받다 여러 수평 단면 플랫폼 기단 바람 대양 파도 조개 껍질 상징 10 볼트 둥글다 아치 천장 사용 건물 구성 시드니 거대하다 요트 휘날리다 구조 대담하다 디자인 세계 건축가 디자이너 충격 주다 수평선 피어 구름 상승 이미지 창공 날개 비상하다 도둑 괭이 갈매기 이미지 형상 1959년 마침내 스테이지 기초 공사 시작 리지 디자인 구조 시공 불가능하다 설계 돌입 막상 건축 들어가다 어려움 속출 설계 모시 과감 디자인 칭찬 받다 조가비 모양 지붕 학적 불가능 가깝다 구조 시공 맡다 엔지니어 사이 엠파이어 스테이 빌딩 짓다 늘다 불평 터지다 나오다 정도 그림 아름답다 건물 만들다 과정 건축 구조 상의 문제 드러나다 조가비 모양 지붕 안정감 버티다 토대 문제 우촌 아내 자르다 내다 오렌지 껍질 영감 얻다 조가비 부분 구면 자르다 방식 도입 부분 설계 2년 걸리다 1963년 스테이지 지붕 구조 본격 공사 돌입 높이 67 조가비 덮다 타일 100만 쓰이다 당연하다 예산 초과 공사 지연 되어다 논란 일자 의회 정부 1966년 비용 줄이다 설계 수정 요구 우촌 거부 공사 배제 돼다 피터 명의 호주 건축가 공사 맡다 비용 절감 내부 설비 대폭 축소 1967년 세번 스테이지 돌입 정부 출범 통과 건물 건설 경비 축소 진행중 오페라 하우스 모든 데일 간소화 굴곡 목재 방음 천장 기본 시험 모델 취소 보호 지지 유리 감각 굴곡 변형 당초 디자인 대폭 수정 오늘날 오페라 하우스 모습 유지 프로젝트 책임 자다 리얀 토목 장관 우촌 통과 완공 심양 도와주다 심사 최신 기술 보유 영국 설계 동원 되어다 건축 오페라 하우스 착공 14년 흐르다 1973년 완공 되어다 당초 건축 기간 잡다 4년 넘기다 완공 건축 예산 처음 시민 모금 백만 달러 정도 예상 최종 소요 비용 무려 1억 200만 달러 이르렀다 오페라 하우스 2700 대극장 1600 콘서트홀 크다 작다 공연장 자리 잡다 아이러니컬하다 건물 오페라 하우스 낙제 평가 적지 외양 지나치다 신경 쓸다 나머지 오페라 하우스 중요하다 요소 음향 그리다 주의 기울이다 지붕 유지 보수 적지 비용 들어가다 건축가 사이 실패하다 건물 손꼽다 기도 2002년 시드니 오페라 하우스 건축 노벨상 불리다 프리 츠커 수상하다 시드니 오페라 하우스 설계 덴마크 출신 건축가 요른 우촌 2002년 4월 9일 85 생일 맞다 영예 수상하다 시드니 오페라 하우스 설계 비난 논란 가중 오페라 하우스 설계 설다 두다 유명하다 독특하다 건축 설계 기법 반세기 지난 오늘 서다 세계 건축가 호평 받다 프리 츠커 시상 위원회 위원장 프랭크 게리 프리 츠커 우촌 1960년 당시 상상 환경 고도 공법 조화 20 세기 최대 작품 탄생 극찬 시상 경위 밝히다 호주 황실 건축 설계 협회 그레이 회장 우촌 야심 설계 시드니 오페라 하우스 호주 문화 멀다 미래 내다보다 영웅 슬기 모으다 작품 놀랍다 업적 오늘 인정받다 되어다 찬사 보내다 명실 세계 건축물 이자 호주 최고 자랑거리 자리 잡다 시드니 오페라 하우스 늘다 40 건축가 획기 설계 태어나다 40 지난 오늘날 진정하다 가치 인정 받다 요른 우촌 뉴사우스웨일즈 초청 시드니 오페라 하우스 건립 40 주년 기념 행사 수상하다 감회 남다르다 시드니 오페라 하우스 호주 대표 세계 명소 손꼽다 시드니 얼굴 되어다 시드니 하버 브릿지 남동쪽 코발트색 짙다 푸른 바다 어울리다 날렵하다 서다 희다 건물 시드니 항구 정박 되어다 요트 모양 되살리다 조가비 모양 지붕 낮다 건물 둘러싸다 바다 위로 흰색 지붕 반짝 환상 조명 둘러싸이다 야경 맵시 뽐내다 시드니 오페라 하우스 피라미드 베르사유 궁전 역사 유적지 현대 건축물 세계 관광지 보여주다 사례 하버 브릿지 시드니 상징 다리다 1920 1930년 불어 닥치다 불황 타개 공공 사업 일환 세워지다 1923년 9년 공사 기간 거치다 1932년 완성 되어다 북쪽 교외 지역 시내 연결하다 교통 수단 페리 하버브릿지 중심 아치 천장 길이 503 다리 전체 길이 149 가다 남북 양쪽 교각 지주 받치다 남쪽 사우스 파일 현재 전망 이용 전망대 가면 하버브리지 건축 공정 살펴보다 전시관 하버브릿지 정상 올라가다 하버 브릿지 파일 전망대 전시관 서큘러 도보 10분 거리 교각 200 계단 360 도로 펼쳐지다 눈부시다 시드니 전경 해면 도로 높이 59 대형 다리다 걸이 모양 낡다 걸이 애칭 가지 거대하다 아치 다리다 시드니 아름답다 더욱 돋보이다 상기 시드니 행시 준비 자료 시드니 여행 도움 여행기 별도 올리다 드리다 경우 하버브릿지 시드니타워 못내 올라가다 보지 몇몇 젊다 친구 다니다 오다 시드니 좋다
호주,시드니 쿨러 야경 쿨러 야경
호주,유람선 바라보다 환상 시드니 풍경 시드니 하버 크루즈 유람선 크루즈 유람선 크루즈 유람선 점심식사 대기 크루즈 유람선 사진 찍기 여념 일행 아가씨 컷트 크루즈 유람선 오페라 하우스 유람선 포트데니슨 유람선 맥콰리 포인트 유람선 환상 시드니 풍경 유람선 남태평양 바다 유람선 환상 시드니 풍경 유람선 환상 시드니 풍경 유람선 환상 시드니 풍경 유람선 환상 시드니 풍경 유람선 환상 시드니 풍경 유람선 오페라 하우스 유람선 오페라 하우스 유람선 환상 시드니 풍경 달링하버 들어가다 유람선 달링하버 유람선 달링하버 유람선 달링하버 유람선 달링하버 유람선 달링하버 세인트 메리 대성당 세인트 메리 대성당 시드니 이드 파크
호주,환상 시드니 풍경 맥콰리 포인트 시드니 오페라 하우스 하버 브릿지 맥콰리 포인트 시드니 오페라 하우스 하버 브릿지 맥콰리 포인트 시드니 오페라 하우스 배경 맥콰리 포인트 시드니 오페라 하우스 배경 맥콰리 포인트 시드니 오페라 하우스 배경 맥콰리 포인트 시드니 오페라 하우스 배경 맥콰리 포인트 시드니 오페라 하우스 배경 맥콰리 포인트 바라보다 시드니 쿨러 오페라 하우스 배경 쿨러 하버 브릿지 배경 쿨러 전경 쿨러 전경 쿨러 전경 쿨러 전경 오페라 하우스 광장 오페라 하우스 정면 오페라 하우스 쿨러 전경 오페라 하우스 쿨러 전경 오페라 하우스 쿨러 전경
호주,환상 시드니 풍경 시드니 이드 파크
호주,환상 시드니 풍경 유람선 오페라 하우스
호주,시드니 풍경 크루즈 유람선 오페라 하우스
호주,환상 시드니 풍경 유람선 달링하버
호주,시드니 풍경 시드니 하버 크루즈 유람선
호주,시드니 풍경 시드니 전경
호주,시드니 풍경 오페라 하우스 배경
호주,시드니 풍경 맥콰리 포인트
호주,시드니 풍경 시드니 전경
호주,호주 여행기 시드니 시드니 시드니 호주 여행기 시드니 시드니 시드니 오늘 2005년 9월 18일 음력 8월 15일 추석 날다 송편 대신 아침 먹다 추석 잊다 호주 시드니 여행 하이라이트 기다리다 호텔 나서다 카메라 삼각대 챙기다 오늘 시드니 야경 감상 사진 찍다 마음 먹다 오전 9시 30분 여유롭다 호텔 떠나다 다행 새벽 찌푸리다 시드니 하늘 맑다 개다 도시 풋풋하다 물씬 배다 오다 호주 시드니 신기하다 정도 우리나라 정반대 첫째 계절 정반대 여름 시드니 겨울 둘째 남향 선호 시드니 북향 선호 우리나라 갈수록 따뜻하다 호주 갈수록 덥다 넷째 욕조 물이 빠지다 시계 방향 돌다 빠지다 호주 욕조 물이 시계 방향 빠지다 모든 우리나라 북반구 위치 호주 지구 남반구 위치 시드니 남위 34 위치 반하다 서울 북위 37 위치 위도 대칭 사계절 뚜렷하다 가운데 계절 완전하다 반대 바뀌다 자동차 운전 반대 진행 방향 거꾸로 전기 스위치 반대 켜다 스위치 내다 재미있다 해주다 피터 돌연 호주 동쪽 뜨다 서쪽 뜨다 물어 오다 호주 이기 가능하다 질문 리라 웃다 즐기다 사이 미시 맥콰리 포인트 도착 미시 맥콰리 포인트 포트 잭슨 튀어 나오다 영국 왕실 왕립 식물원 피터 안내 까닭 첫째 오페라 하우스 하버브릿지 동시 바라보다 사진 찍기 좋다 장소 이기 바다 너머 보이다 오페라 하우스 하버브릿지 한장 그림엽서 두번째 우리나라 치면 망부석 아름답다 전설 맥콰리 부인 의자 얽히다 일화 맥콰리 부인 영국 식민지 시절 시드니 대다 총독 지내다 크다 맥콰리 총독 부인 맥콰리 총독 시드니 역사 중요하다 인물 1810년 12년 총독 재직 재직 기간 본국 영국 다녀오다 개월 걸리다 기다 맥콰리 부인 남편 영국 가면 돌아오다 기다리다 들어오다 모습 자다 보이다 앉다 읽다 그림 그리다 하루하루 보내다 총독 무사하다 귀환 부인 기다림 감동 받다 총독 부인 기다리다 위치 미시 맥콰리 포인트 명명하다 바위 깎다 의자 만들다 놓다 정성 기렸다 500 떨어지다 바다 한가운데 솟아오르다 작다 핀치 가트 섬위 만들다 놓다 성채 포트 데니 데니 성채 부르다 유형 식민지 시대 항적 죄수 유폐 수용 소로 만들다 놓다 성채 헤험쳐 충분하다 도망 거리 당시 부근 바다 상어 감히 도망가다 불가능하다 1857년 포대 설치 견고하다 요새 만들다 시드니 바다 지키다 역할 한적 포트 데니슨 부르다 당시 총독 데니 제독 이름 따다 맥콰리 포인트 관광 사진 촬영 찾아오다 가져오다 카메라 시드니 담기다 무섭다 곧바로 버스 이동 오전 10시 50분 마침내 러키 러키 시드니 항의 현관 페리 크루즈 선박 출발 시내 복판 바다 정취 물씬 느끼다 도심 휴양지 기도 오스트레일리아 역사 시드니 시작 되어다 시드니 역사 러키 시작 되어다 1788년 1월 26일 아더 필립 함장 영국 출발 월간 기다 항해 죄수 760 포함 군인 주자 500 명과 최초 상륙 내리다 죄수 유배 지로 개척 시작 대륙 안쪽 뻗다 나가다 말로 진정하다 시드니 시드니 시드니 시드니 질리 참으로 아름답다 항구 오른쪽 올리다 출항 돛단배 푸른 바다 조개 벌리다 하얗다 오페라 하우스 햇빛 받다 반짝거리다 위용 자랑 왼쪽 낡다 걸이 별명 가지다 하버 브릿지 걸이 모양 부드럽다 구부리다 완만 원형 아치 그리다 파란 하늘 배경 우아하다 모습 맞은편 길다 뻗다 당시 영국 내무장관 비스 카운트 시드니 경의 이름 따르다 오늘날 시드니 부르다 되어다 이름 가지다 도시 세계 아름답다 항구 시드니 오다 오페라 하우스 하버브릿지 만나다 감동 부부 꿈속 그리다 오다 마주 대하 행복하다 피터 50분 자유시간 주다 마냥 머무르다 싶다 아내 오페라 하우스 위로 올라가다 각도 사진 찍다 시드니 낭만 즐기다 하버 브릿지 밟다 보지 못햇 먼발치 구경만 사진 찍다 참으로 아쉽다 오전 11시 45분 피터 안내 러키 부두 정박 하얗다 승선 시드니 여행 진정하다 하이라이트 달다 시드니 바다 선상 크루즈 즐기다 유람선 타고 아름답다 시드니 항만 감상 뷔페 점심 식사 런치 크루즈 12시 쿨러 유람선 출항 시작 오페라 하우스 오른쪽 끼다 서서히 시드니 바다 나아가다 시드니 오페라 하우스 눈앞 햇살 비치다 반짝 바다 뜨다 해안가 따르다 출렁이다 파도 언덕 푸른 나무 싸인 주택 평화롭다 모이다 푸르다 푸른 바다 크다 고작 하얗다 요트 한가롭다 파도 즐기다 10 여분 지나다 점심식사 시작 갑판 촬영 일행 보이지 아래층 선실 준비 음식 가다 내려가다 아내 나다 서두르다 내려가다 선실 먼저 자리 잡고 중국 여행객 식사 시작 일행 서서 크다 접시 음식 담다 주로 중국 메뉴 요리 김치 섞이다 뷔페 퓨전 요리 욕심 접시 담다 위층 좌석 돌아오다 식사 시작 아름답다 시드니 항만 바라보다 즐기다 식사 낭만 제법 케익 커피 마무리 갑판 위로 나오다 사진 찍다 아름답다 시드니 시드니 오다 하버 크루즈 시드니 관광 절대 과장 인정 세계 대다 밉다 시드니 환상 풍경 더불다 아름답다 시드니 절경 감상 유유 해상 유람 로맨틱 크루즈 투어 낭만 자체 유람선 멀리 바라보다 시드니 바다 두둥실 뜨다 도시 시드니 항만 서쪽 나가다 돌다 오다 유람선 출발 지인 러키 두다 하버브릿지 지나 달링하버 가다 다리 올리다 하버브릿지 웅장 거대하다 달링하버 시드니 도착 첫날 만난 었는데 오늘 타고 들어가다 여전하다 아름답다 평화롭다 항구 부두 닿다 하선 하니 오후 1시 20분 런치 크루즈 끝나다 1시간 20분 소요
호주,시드니 풍경 맥콰리 포인트 바라보다 시드니
호주,시드니 풍경 맥콰리 포인트 시드니 오페라 하우스 배경
호주,시드니 수족관 상어
호주,호주 여행기 시드니 아침 호주 여행기 프롤로그 사랑 여행 가다 싶다 일상 모든 벗어나다 사랑 사람과 떠나다 여행 달콤하다 꾸다 여행 즐거움 빠지다 여행 인류 남기다 훌륭하다 조형 아름답다 신비하다 광활하다 자연 여행 만나다 많다 느끼다 행복 더욱 행복하다 지고 싶다 행복하다 마음먹다 행복 링컨 대통령 덥다 여름 보내다 아끼다 휴가 추석 연휴 이용 스스로 가다 3년 째다 2003년 추석 동경 2004년 추석 동유럽 시드니 추석 맞이 시드니 아침 2005 09 14 오후 2시 30분 추석 연휴 사흘 앞두다 여행 가방 나서다 제나 마찬가지 소녀 들뜨다 아내 버스정류장 공항버스 기다리다 순간 즐겁다 오후 3시 정시 10분 늦다 도착 인천공항 버스 오후 5시 인천공항 출국 카운터 사이 만나다 여행사 직원 항공기 티켓 건너 받다 아시아나 카운터 항공기 좌석 배정 받다 가방 부치다 예쁘다 생기다 항공사 여직원 좋다 자리 부탁 11 오다 11 비교 부분 자리 고르다 주다 기분 더욱 좋아지다 아시아나 항공 고객 센터 가다 마일리지 적립 공항 한쪽 외환은행 구로 호주달러 100 교환 우리나라 81 600원 정도 호주 1달러 816원 아내 감치 출국 수속 10 게이트 탑승 대기 사무실 전화 해보다 실장 떠나다 출발 한지 5시간 지나다 공항 하니 이해 안되다 오후 7시 30분 10 게이트 열리다 기다리다 승객 서서 입장 시작 오후 8시 5분 마침내 비행기 움직이다 시작 지상 5분 고르다 이윽고 하늘 치솟다 비행 기안 대형 모니터 가르다 현재 오후 8시 10분 시드니 빠르다 오후 9시 10분 남다 비행 거리 367 9시간 22분 밤새다 날아가다 예정 여행 하든 비행기 항로 궁금하다 항상 관심 갖다 호주 시드니 가다 비행기 인천 공항 이륙 기수 동향 방향 부산 한반도 대각선 가로 지르다 오후 8시 52분 1시간 안되다 아시아나 항공기 벌써 부산 바다 뒤로 일본 영공 들어서다 비행 속도 시속 960 가리키다 해발 10 058 상공 뜨다 듯이 비행 한지 1시간 지나다 식사 제공 오늘 저녁 식사 메뉴 양식 쇠고기 안심 스테이크 한식 비빔밥 아내 선택 식사 즐기다 태평양 바다 상공 지나다 와인 곁들이다 홍차 만찬 끝내다 9시 45분 비행기 사이판 동쪽 끼다 팔라우 남남서 방향 비행 내일 시드니 도착 투어 들어가다 일정 쉬다 알다 체력 비축 충분하다 수면 취해 억지로 감고 빠지다 평소 늦다 자다 습관 불편하다 잠자리 인하다 좀처럼 자다 수가 흘러가다 인천 출발 한지 3시간 지난 11시 16분 35 000 피트 창공 날아가다 기체 요동 치다 비행기 불안정하다 기류 인하다 기체 심하다 흔들리다 승객 안전벨트 매다 바라다 승무원 이렇다 안내 방송 듣다 승무원 서도 모든 서비스 중단 자리 앉다 시기 바라다 멘트 느낌 좀더 강하다 기류 만나다 무려 10분 흔들리다 계속 여유 사라지다 은근 두려움 생기다 시작 아내 잡고 두려움 벗어나다 시드니 6시간 지나다 세계 가보다 싶다 도시 아름답다 항구 도시 시드니 만나다 시드니 멋지다 만남 쓸데없다 걱정 자다 자다 마는 보내다 실내 환하다 켜다 승무원 서비스 시작 시계 3시 45분 가리키다 즈음 아침식사 제공 메뉴 가지 쇠고기 죽순 백반 치즈 오믈렛 밥맛 별로 남다 일정 먹다 두다 급하다 먹다 버릇 염려 아내 성화 의하다 식사 즐기다 완전하다 식사 끝내다 4시 30분 남다 거리 불과 557 1시간 47분 정도 가면 시드니 공항 웅성거리다 소리 따르다 시선 보내다 창밖 붉다 구름 떠오르다 광경 보이다 시계 확인 4시 45분 일찍 솟다 1시간 먼저 가다 호주인 오전 5시 정각 기해 손목시계 바퀴 돌리다 6시 전환 30 여분 흐르다 오전 6시 33분 호주 시드니 인천 출발 아시아나 601 항공 서서히 고도 낮추다 비행기 착륙 저공 비행 바다 닿다 가까이 바다 깨다 시커멓다 보이다 검다 바다 6시 50분 비행기 가쁜하 활주로 착륙 오우 베스트 파일럿 파업 기장 얄밉다 깔끔하다 착륙 솜씨 나르다 탄복 시속 153 속력 활주로 달리다 비행기 속도 완전하다 멈추다 5분 지난 6시 55분 정확하다 9시간 50분 시드니 공항 착하다 어제 저녁 인천공항 출발 직항 타고 꼬박 새우다 날아오다 시드니 풋풋하다 아침 되어다 맞이 10시간 비행기 여행 지치다 법도 포근하다 감싸다 주다 시드니 피로 날다 버리다 정각 7시 비행기 벗어나다 공항 청사 들어서다 쏟아지다 나오다 승객 통로 붐비다 대한항공 동시 착륙 승객 섞이다 일행 알다 무조건 입국심사대 찾다 서서 수속 받다 호주 입국 수속 까다롭다 소문 나서다 많다 소요 예상 신속하다 인상 좋다 보이다 중년 여성 입국심사 고르다 아내 여권 제시 간단하다 가방 찾다 출구 나서다 관원 특별하다 신경 쓰다 조사 기분 좋다 입국 빠지다 나오니 불과 20분 소요 되어다 시드니 공항 인천공항 규모 작다 검소 깨끗하다 공항로 비다 여행사 별로 나오다 여행객 맞이 보이지 무척 나오다 까닭 청사 나오다 시드니 아침공기 깊다 들이다 말다 섭씨 18 도의 알맞다 기온 공기 더없이 신선하다 2005년 9월 15일 아침 마침내 부부 호주 시드니
호주,시드니 걸리다 한가위 보름달 가을 길목 정반대 향기 찾아가다 여행 호주 시드니 황홀하다 야경 취해 잊다 추석 시드니 걸리다 보고서 느끼다 달빛 길다 비추다 바다 아내 얼굴 담다
호주,추석 찾아가다 시드니 시드니 전경
호주,시드니 하늘 시드니
호주,시드니 명물 오페라 하우스 100 미터 미인 오페라 하우스 멀리 서나 가까이 가다 멋지다 모습 바다 걸치다 580 기둥 만들어지다 기둥 2700 흰색 밉다 타일 붙이다 만들다 사용 타일 106만 5000 라나 명물 들어가다 화장실 이용 지붕 타일 만지다
호주,시드니 노랗다 수상택시
호주,시드니 개다 개다 훈련 호주 경찰
호주,시드니 달링하버 야경 크리스마스 불꽃놀이 2시간 대기 불꽃놀이 터지다 허무하다 약오르다
호주,시드니 맥콰리 포인트 신혼부부 만나다 기회 행운 말씀 신부 몸매 결혼 몇번 이군
호주,호주 시드니 미세 맥콰리어 포인트 하버브리지 오다 오페라 하우스 배경
호주,시드니 본다이비치 열흘 다정하다 지내다 룸메이트 착하다 엘리트 이용주
호주,시드니 귀염둥이 코알라 오다
호주,시드니 시내 공원 멋지다 나오다
호주,호주 시드니 하버브릿지 배경 선상
호주,10년 시드니 다녀오다 10년 신혼여행 호주 다녀오다 6월 20일 다녀오다 도착 첫날 블루마운틴 두쨋날 포트 스테판 요트 타고 돌고래 구경 사막 샌드보드 바다 조개 줍다 초등학교 학년 아들 제일 좋아하다 코스 세쨋날 시드니 시내 투어 메콰 포인트 오페라 하우스 점심식사 1시간 30분 크루즈 제일 볼거리 많다 자다 즐기다 음미 들이다 10년 둘이서 찍다 장소 붙다 넷이 사진 촬영 네쨋날 울릉공 시드니 수족관 서울 출발 결혼 10년 처음 외국 가족 여행 걱정 되어다 가격 저렴하다 패키지 일정 성실 여행사 준비 아프다 결과 200 만족 동행 의견 들이다 인천공항 처음 뵈다 순옥 여행 진행 프로 여행 내내 모든 시기 적절하다 자다 준비 주다 많다 수고 감사 싶다 패키지 여행 70 이상은 현지 달다 과언 싶다 호주 현지 이창식 95 평가 싶다 세계사 선생님 패키지 여행 최고 여행 경험 제공 이창식 덕분 즐겁다 의미 여행 고맙다 시드니 10년 전보 많아지다 느낌 들다 전체 과거 자다 보존 자연 보호 도시 건물 자다 관리 좋다 여행 신분 많다 배려 감사 드리다 항상 건강하다 행복하다
호주,지나 새벽 가르다 날아오다 시드니 기다 여정 지치다 깨나 창밖 응시 나다 모르다 나오다 감탄사 시드니 일출 시작 정속 하늘 내려다보다 파스텔 황홀하다 절경 어렵다 기억 싶다 시작 넘다 좋다 즐감
호주,시드니 고속도로 가끔 이기다 시드니 고속도로 중앙 분리 무지무지하다 거대하다 덩이 서다 니당다 고시 위험하다 대부분 나무숲 중앙 분리 대다 대신 앞서다 복지 만들다 내다 작품 고시 나무 걸리다 최소 상대편 도로로 진입 아우르다 때론 분리 대가 넓다 잔듸 계속 기도 나라 잔듸 부분 싶다
호주,시드니 수족관 와우 달링하버 시드니 아쿠아리움 입구 헤마 모양 도장 들어가다 물고기 기다리다 길이 은근 미로 들어가다 까먹다 주의
호주,시드니 게이 축제 마야
호주,시드니 시드니 오페라 하우스
호주,시드니 수족관 시드니 수족관 한장 허다 어둡다 자다 보이다
호주,시드니 저녁 먹다 한장 두다 멋지다 시드니 타워 사진 되어다
호주,시드니 동부 관광 본다이비치 해변 빠져들다 싶다 신지
호주,시드니 포트 스테반 모래
호주,호주 시드니 일행 2월 9일 19일 뉴질랜드 호주 여행 일행 들다 기념 사진 즐겁다 여행 한마음 자다 다녀오다
호주,시드니 상징 조개 껍질 벌린 상어 커팅된 오렌지 조각
호주,시드니 상징 세계 기다 오페라 하우스 시드니 상징물 1932년 개통 다리 시드니 중심부 북부 지역 연결
호주,시드니 시내 호주 시드니 시내 바라보다 관경
호주,시드니 본다이비치 시드니 4월 초가을 해변 28 되어다 수영 많다 일행 많다 무지 신나다 조카 몽땅 젖다 놀다 태우다 울다 놀다 싶다 오기
호주,시드니 선상 크루즈 지난 4월 여행 호주 시드니 남편 캡틴 크루즈 방문 증명사진 찍다 무지 잡다 오페라 하우스 선명하다 보이 진짜 다녀오다
호주,호주 시드니 북부 포트 스테판 멋지다 광경 맑다 푸른 바다 어울리다 모래사막 절묘하다 조화 좌우 배경 친구 가다 아주머니 아저씨 반갑다
호주,시드니 오페라 하우스 광장 2003년 6월 호주 뉴질랜드 북섬
호주,호주 시드니 미세 맥콰리어 포인트 하버브리지 오페라 하우스 배경
호주,시드니 강은혜 즐겁다 투어 기쁘다 오늘 투어 현지 사무실 들르다 싸이트 선생님 마음 뿌듯하다 항상 건강하다 행복하다 바라다 싶다 시드니 투어 오다
호주,시드니 뉴질랜드 어제 늦다 여행 해방 되어다 도착 8일 여행 비행기 가다 비행기 자다 말다 지루함 아침 일곱시 시드니 도착 일행 알다 아지 스포티지 인승 첫날 일정 바쁘다 쫒다 다니다 여행 시작 포트 스테판 모래 언덕 파도 모래 끄다 쌓다 이십 넘다 장관 이루다 타이어 바람 3분 빼다 차갑다 빠지다 거기 사륜 차로 모래 언덕 바퀴 돌다 모래 서다 내다 경사 80 거기 모래 썰매 나다 겁결 타고 올라오다 힘들다 건너편 바다 태평양 멀리 수평선 너머 하늘 나라 맑다 곱다 나라 겨울 가다 우리나라 초가을 나무 색다르다 초원 많다 뜨다 소가 이십만원 한미리 살수 포개다 자다 코알라 원뱃 코알라 먹다 홀랑 벗다 칼리 투스 나무 줄기 하얗다 나무 프로 산이 별로 산책 걷기 좋다 싶다 배타 나가다 고래 에코 포인트 궤도 차도 타고 수족관 규모 종류 홍콩 부산 해운대 닮다 비취 하얗다 부딪치다 파도 크다 건너편 빠삐용 뛰다 내리다 절벽 보이다 배타 아름답다 시드니 일주 하니 세계 밉다 항답 아름답다 바다 주위 집다 시세 백억 짜다 리가 많다 단층 영국 흡사하다 나무 주위 이루다 많다 3일 빽빽하다 일정 보내다 비행기 뉴질랜드 도착 12시 돼다 호텔 직진 일찍 와이토모 동굴 관광 오다 본적 애벌 반딧불 흡사 하단 들어가다 동굴 석회질 규모 나다 여러 모양 감상 물이 흐르다 반딧불 보호 좋다 깜깜 불도 거기 타고 동굴 빠지다 천정 화려하다 은하수 아름답다 아름답다 탄성 지르다 빠지다 아름답다 우주 별똥별 화려하다 세계 대다 불가 사이 나다 오후 로토루아 차창 보이다 끝없다 초원 뜯다 무리 타조 오클랜드 가다 초원 이어지다 가보다 모르다 가보다 300 초지 이어지다 군데 군데 골프장 남진 푸른 초원 흥얼 거리 로토루아 도착 하니 유황 온천 냄새 찌르다 멀리 간헐천 줄기 보이 수증기 휩싸이다 개천 가까이 가보다 연기 여기저기 내뿜 개구리 생기다 온천 끓다 기다 초원 부럽다 신기하다 즐겁다 일정 바쁘다 힘들다 오니 강아지 난이 반기다 행복하다 사람인 가보다 6월 24일 출발 7월 1일 여행 일상 활력소
호주,시드니 6일 여행 강력 추천 4일 좋다 바다 나무 어른거리다 지난 유럽 개국 여행 날다 버리다 싶다 마음 저절로 생기다 시드니 자연 동산 마지막 시드니 항구 유람 선상 바다 바람 맘껏 즐기다 특별하다 바다 좋다 하해 인지 당분간 멍하다 지다 계속 4일 잡다 13 일행 좋다 따르다 가다 박영미 순수하다 착하다 서리 내내 아름답다 추억 장만 멋지다 야외 불고기 점심 먹다 해주다 현지 현준석 배려 순수하다 총각 처녀 앞날 우주 축복 넘치다 지다 일부러 여행기 적다 지다 당분간 느끼다 가슴 꼭꼭 간직 싶다 영미 뉴질랜드 캐나다 미국 싸다 좋다 나오다 연락 줄다 장모님 모시 갈다 내다 진짜 사진 가지 분당 모이 안되다 서울 이천 안양 일산 중간 이면 분당 강남 자알 부탁
